-- phpMyAdmin SQL Dump
-- version 4.7.7
-- https://www.phpmyadmin.net/
--
-- Servidor: 127.0.0.1
-- Tiempo de generación: 02-08-2019 a las 20:31:52
-- Versión del servidor: 10.1.30-MariaDB
-- Versión de PHP: 7.2.2

SET SQL_MODE = "NO_AUTO_VALUE_ON_ZERO";
SET AUTOCOMMIT = 0;
START TRANSACTION;
SET time_zone = "+00:00";


/*!40101 SET @OLD_CHARACTER_SET_CLIENT=@@CHARACTER_SET_CLIENT */;
/*!40101 SET @OLD_CHARACTER_SET_RESULTS=@@CHARACTER_SET_RESULTS */;
/*!40101 SET @OLD_COLLATION_CONNECTION=@@COLLATION_CONNECTION */;
/*!40101 SET NAMES utf8mb4 */;

--
-- Base de datos: `alumnos`
--

-- --------------------------------------------------------

--
-- Estructura de tabla para la tabla `alumnos`
--

CREATE TABLE `alumnos` (
  `id_alumno` int(11) NOT NULL,
  `id_cliente` int(11) NOT NULL,
  `fecha_admision` date DEFAULT NULL,
  `adm` varchar(10) COLLATE utf8_unicode_ci DEFAULT NULL,
  `id_curso` int(11) NOT NULL,
  `fecha_inicio` date DEFAULT NULL,
  `fecha_final` date DEFAULT NULL,
  `id_turno` int(11) DEFAULT NULL,
  `id_sucursal` int(11) NOT NULL,
  `plan` varchar(200) COLLATE utf8_unicode_ci DEFAULT NULL,
  `responsable_nombre` varchar(100) COLLATE utf8_unicode_ci DEFAULT NULL,
  `responsable_apellido` varchar(100) COLLATE utf8_unicode_ci DEFAULT NULL,
  `responsable_cedula` varchar(100) COLLATE utf8_unicode_ci DEFAULT NULL,
  `responsable_ruc` varchar(100) COLLATE utf8_unicode_ci DEFAULT NULL,
  `responsable_telefono` varchar(70) COLLATE utf8_unicode_ci DEFAULT NULL,
  `responsable_celular` varchar(50) COLLATE utf8_unicode_ci DEFAULT NULL,
  `activo` tinyint(1) NOT NULL
) ENGINE=InnoDB DEFAULT CHARSET=utf8 COLLATE=utf8_unicode_ci;

--
-- Volcado de datos para la tabla `alumnos`
--

INSERT INTO `alumnos` (`id_alumno`, `id_cliente`, `fecha_admision`, `adm`, `id_curso`, `fecha_inicio`, `fecha_final`, `id_turno`, `id_sucursal`, `plan`, `responsable_nombre`, `responsable_apellido`, `responsable_cedula`, `responsable_ruc`, `responsable_telefono`, `responsable_celular`, `activo`) VALUES
(1, 96, '2019-04-02', 'c123', 1, '2019-04-03', '2019-04-19', 1, 1, 'matricula gratis', NULL, NULL, NULL, NULL, NULL, NULL, 0),
(2, 97, '2019-04-02', 'c321', 5, '2019-04-03', '2019-04-19', 1, 1, 'matricula gratis', NULL, NULL, NULL, NULL, NULL, NULL, 1),
(3, 97, '2019-04-02', 'c321', 3, '2019-04-03', '2019-04-19', 1, 1, 'matricula gratis', NULL, NULL, NULL, NULL, NULL, NULL, 1),
(4, 96, '2019-04-02', 'c1234', 6, '2019-04-02', '2019-04-02', NULL, 1, 'matricula', NULL, NULL, NULL, NULL, NULL, NULL, 0),
(5, 96, NULL, NULL, 3, NULL, NULL, NULL, 1, NULL, NULL, NULL, NULL, NULL, NULL, NULL, 1),
(6, 96, NULL, NULL, 5, NULL, NULL, NULL, 1, NULL, NULL, NULL, NULL, NULL, NULL, NULL, 0),
(7, 96, NULL, NULL, 4, NULL, NULL, NULL, 1, NULL, NULL, NULL, NULL, NULL, NULL, NULL, 1);

-- --------------------------------------------------------

--
-- Estructura de tabla para la tabla `calificaciones`
--

CREATE TABLE `calificaciones` (
  `id_calificaciones` int(11) NOT NULL,
  `id_alumno` int(11) NOT NULL,
  `id_curso` int(11) NOT NULL,
  `modulo` varchar(100) COLLATE utf8_unicode_ci NOT NULL,
  `puntaje` int(11) NOT NULL,
  `nota` int(11) NOT NULL,
  `activo` tinyint(1) NOT NULL
) ENGINE=InnoDB DEFAULT CHARSET=utf8 COLLATE=utf8_unicode_ci;

--
-- Volcado de datos para la tabla `calificaciones`
--

INSERT INTO `calificaciones` (`id_calificaciones`, `id_alumno`, `id_curso`, `modulo`, `puntaje`, `nota`, `activo`) VALUES
(1, 1, 1, 'Dactilografía', 100, 5, 0),
(2, 1, 1, 'Windows', 60, 3, 0),
(3, 2, 5, 'Corel Draw', 88, 4, 1),
(4, 2, 5, 'Photoshop', 99, 5, 0),
(5, 3, 3, 'Programacion Estructurada', 99, 5, 1),
(6, 3, 3, 'POO', 80, 4, 1),
(7, 3, 3, 'Base de Datos', 100, 5, 1),
(8, 1, 1, 'Word', 75, 4, 0),
(10, 4, 6, 'Dinero', 66, 2, 1),
(11, 2, 5, 'Illustrator', 88, 4, 1),
(12, 1, 1, 'Power Point', 88, 4, 0),
(13, 1, 1, 'Internet', 100, 5, 0),
(14, 4, 6, 'FLUJO', 88, 4, 1),
(15, 4, 6, 'Modulo 1', 78, 3, 1),
(17, 1, 1, 'Modulo nuevo', 70, 3, 0),
(18, 1, 1, 'Modulo 2', 100, 5, 0),
(19, 1, 1, 'asdasd', 12, 1, 0),
(20, 1, 1, 'qweqw', 1, 1, 0),
(21, 1, 1, 'asd', 1, 1, 0),
(22, 1, 1, 'Nueva 2', 54, 5, 1);

-- --------------------------------------------------------

--
-- Estructura de tabla para la tabla `ciudades`
--

CREATE TABLE `ciudades` (
  `id_ciudad` int(11) NOT NULL,
  `nombre` varchar(100) COLLATE utf8_unicode_ci NOT NULL,
  `activo` tinyint(1) NOT NULL
) ENGINE=InnoDB DEFAULT CHARSET=utf8 COLLATE=utf8_unicode_ci;

--
-- Volcado de datos para la tabla `ciudades`
--

INSERT INTO `ciudades` (`id_ciudad`, `nombre`, `activo`) VALUES
(1, 'Itauguá', 1),
(2, 'Capiatá', 1),
(3, 'San Lorenzo', 1),
(4, 'Asunción', 1),
(5, 'Ñemby', 1),
(6, 'FERNANDO DE LA MORA', 1);

-- --------------------------------------------------------

--
-- Estructura de tabla para la tabla `clientes`
--

CREATE TABLE `clientes` (
  `id_cliente` int(11) NOT NULL,
  `nombre` varchar(100) NOT NULL,
  `apellido` varchar(100) NOT NULL,
  `ruc` varchar(25) NOT NULL,
  `cedula` int(11) NOT NULL,
  `direccion` varchar(100) NOT NULL,
  `id_tipo_cliente` int(11) NOT NULL,
  `telefono` varchar(30) NOT NULL,
  `celular` varchar(50) DEFAULT NULL,
  `estado` tinyint(1) NOT NULL,
  `id_nacionalidad` int(11) NOT NULL,
  `id_ciudad` int(11) NOT NULL,
  `nro_domicilio` varchar(20) NOT NULL,
  `fecha_nacimiento` date NOT NULL,
  `usuario` varchar(100) NOT NULL,
  `pass` varchar(500) NOT NULL
) ENGINE=MyISAM DEFAULT CHARSET=latin1;

--
-- Volcado de datos para la tabla `clientes`
--

INSERT INTO `clientes` (`id_cliente`, `nombre`, `apellido`, `ruc`, `cedula`, `direccion`, `id_tipo_cliente`, `telefono`, `celular`, `estado`, `id_nacionalidad`, `id_ciudad`, `nro_domicilio`, `fecha_nacimiento`, `usuario`, `pass`) VALUES
(97, 'Gabriela', 'Meza', '7724415', 7724415, '33 FRATERNAL C/6TA.', 3, '', NULL, 1, 1, 5, '969', '2014-11-08', 'gabii', '202cb962ac59075b964b07152d234b70'),
(96, 'LUIS', 'GUZMAN', '5431319', 5431319, 'JACINTO HERRERA C/AMAMBAY', 3, '', NULL, 1, 1, 5, '694', '2014-10-28', 'luis', '202cb962ac59075b964b07152d234b70'),
(90, 'ENZZO AARON', 'MOSQUEIRA QUINTANA', '8097932', 8097932, 'MANGORE C/ MAXIMA LUGO', 3, '', NULL, 1, 1, 1, '240', '2016-04-06', '', ''),
(95, 'MILENA AYELEN', 'DELGADILLO BOGARIN', '7851576', 7851576, 'YVAPOTY C/SAN BLAS', 3, '', NULL, 1, 1, 5, '', '2015-04-09', '', ''),
(92, 'MYLENA MEGHUMI', 'BEDOYA LOMBARDO', '7904007', 7904007, 'AVDA. AVELINO MARTINEZ', 3, '', NULL, 1, 1, 1, '', '2015-05-22', '', ''),
(93, 'SARA STELLA', 'ROMERO VAZQUEZ', '', 0, 'REISOFERT Y PABLO VI', 3, '', NULL, 1, 1, 5, '', '2015-04-06', '', ''),
(94, 'SOFIA NICOLE', 'GAVILAN AVALOS', '7839597', 7839597, 'YVAPOVOPOTY C/MATERNAL', 3, '', NULL, 1, 1, 1, '', '2015-04-30', '', ''),
(98, 'KATERINNA LUJAN', 'MEDINA CABAÑAS', '', 0, 'PARAGUAY Y MEXICO', 3, '', NULL, 1, 1, 5, '', '2019-02-12', '', ''),
(99, 'JOSIAS BENJAMIN ', 'AGUERO BAEZ', '7844381', 7844381, 'YVAPOVO POTY C/SAN BLAS', 3, '', NULL, 1, 1, 5, '', '2015-04-15', '', ''),
(100, 'GIANNA FIOREL', 'OTAZU CARDOZO', '8013580', 8013580, 'ALMA GUARANI C/PRIMAVERA', 3, '', NULL, 1, 1, 5, '', '2019-02-12', '', ''),
(101, 'LUCAS JOAQUIN', 'GONZALEZ ROLÓN', '7727843', 7727843, 'SAN BLAS C/PANAMBI VERA', 3, '', NULL, 1, 1, 5, '', '2014-11-16', '', ''),
(102, 'MAIA VALENTINA', 'ACUÑA SANTACRUZ', '7703304', 7703304, 'ARAUCANO Y LA VICTORIA', 3, '', NULL, 1, 1, 5, '101', '2014-06-04', '', ''),
(103, 'ALBERTO SAMUEL', 'FLEITAS VIERA', '7680152', 7680152, '24 DE JUNIO C/9NA.', 3, '', NULL, 1, 1, 3, '', '2014-08-20', '', ''),
(104, 'LIONEL SANTINO', 'ROLON CACERES', '7784728', 7784728, 'PAI ÑU', 3, '', NULL, 1, 1, 5, '', '2015-02-25', '', ''),
(105, 'SOFIA ', 'ROMAN', '', 0, 'PEDRO TRUJLLO C/AVELINO MARTINEZ', 3, '', NULL, 1, 1, 3, '', '2014-03-15', '', ''),
(106, 'YENNIFER MAYLEN', 'MARTINEZ ESPINOLA', '7531717', 7531717, 'FELIX PEREZ CARDOZO', 3, '', NULL, 1, 1, 5, '887', '2013-11-07', '', ''),
(107, 'YENNIFER MAYLEN', 'MARTINEZ ESPINOLA', '7531717', 7531717, 'FELIX PEREZ CARDOZO', 3, '', NULL, 1, 1, 5, '887', '2013-11-07', '', ''),
(108, 'LUCAS MANUEL', 'VALDEZ VEGA', '7750753', 7750753, 'GUARANIA C/1°DE MAYO', 3, '', NULL, 1, 1, 5, '935', '2013-04-17', '', ''),
(109, 'AMBAR LUCIANA ', 'ACHUCARRO FLECHA', '7890282', 7890282, 'BARRIO PAI ÑU', 3, '', NULL, 1, 1, 5, '', '2014-03-05', '', ''),
(110, 'AXEL FABIAN', 'MENDEZ LOPEZ', '7554133', 7554133, 'PRATT GILL C/1°DE MAYO', 3, '', NULL, 1, 1, 5, '', '2013-09-24', '', ''),
(111, 'ALEXIA MAILEN', 'CASTRO FIGUEREDO', '758612', 7568612, 'OBDULIO LOPEZ C/ARGENTINA', 3, '', NULL, 1, 1, 3, '585', '2014-01-13', '', ''),
(112, 'JOSE ANGEL', 'GAUTO SEGOVIA', '7533913', 7533913, 'SAN BLAS C/CALLEJON Y 1° DE MAYO', 3, '', NULL, 1, 1, 5, '648', '2013-06-12', '', ''),
(113, 'LUCAS SEBASTIAN', 'ALMEIDA CRISTALDO', '7630242', 7630242, 'ANGEL DE LA SIERRA', 3, '', NULL, 1, 1, 5, '', '2013-10-26', '', ''),
(114, 'LARA VICTORIA', 'VILLALBA MARTINEZ', '7347050', 7347050, 'FELIX PEREZ CARDOZO C/LA VICTORIA', 3, '', NULL, 1, 1, 5, '887', '2012-12-21', '', ''),
(115, 'MARGARITA ANTONELLA', 'LÓPEZ RAMÍREZ', '7607707', 7607707, 'PRATT GILL C/1°DE MAYO', 3, '', NULL, 1, 1, 5, '', '2014-02-07', '', ''),
(116, 'GIOVANNI ANGEL', 'ESQUIVEL GAYOSO', '7736132', 7736132, 'BARCEQUILLO', 3, '', NULL, 1, 1, 3, '', '2013-09-20', '', ''),
(117, 'SANTIAGO', 'GALEANO', '7455063', 7455063, '8 DE SETIEMBRE C/PRATT GILL', 3, '', NULL, 1, 1, 5, '', '2013-04-23', '', ''),
(118, 'MAYHARA VALENTINA', 'CACERES BENITEZ', '7526021', 7526021, 'PAI ÑU', 3, '', NULL, 1, 1, 5, '', '2013-10-02', '', ''),
(119, 'SERGIO ANDRES', 'TORRES BAEZ', '7667394', 7667394, 'PAI ÑU', 3, '', NULL, 1, 1, 5, '', '2014-08-09', '', ''),
(120, 'LIZBETH VALENTINA', 'GIMENEZ SALOMON', '7560170', 7560170, 'CALLE SAN BLAS C/PANAMBI VERA', 3, '', NULL, 1, 1, 5, '', '2013-04-15', '', ''),
(121, 'LUCAS DAMIAN', 'PRIETO BENITEZ', '7397040', 7397040, 'BOQUERON', 3, '', NULL, 1, 1, 5, '212', '2012-05-31', '', ''),
(122, 'LUCIANO SAMUEL ', 'OTAZU CARDOZO', '7487768', 7487768, 'ALMA GUARANI C/ PRIMAVERA', 3, '', NULL, 1, 1, 5, '', '2012-10-27', '', ''),
(123, 'AILEN ELIZABET', 'COLMAN LOMBARDO', '8076839', 8076839, 'PARAGUAY C/ MERCOSUR', 3, '', NULL, 1, 1, 3, '', '2012-12-06', '', ''),
(124, 'DANTE DANIEL', 'BEDOYA LOMBARDO', '7727473', 7727473, 'AVELINO MARTINEZ Y 15 DE ENERO', 3, '', NULL, 1, 1, 3, '', '2012-09-13', '', ''),
(125, 'MARCO AURELIO', 'GONZALEZ JACQUET', '7204521', 7204521, 'FELIX PEREZ CARDOZO C/ LA VICTORIA', 3, '', NULL, 1, 1, 5, '', '2012-07-04', '', ''),
(126, 'XIMENA MONSERRATH', 'BAEZ LEZCANO', '', 0, 'JAZMIN Y PRIMAVERA', 3, '', NULL, 1, 1, 5, '', '2012-05-30', '', ''),
(127, 'RITA PALOMA', 'DUARTE VALLEJOS', '7193879', 7193879, 'KUARAHYRESE', 3, '', NULL, 1, 1, 5, '1818', '2012-02-21', '', ''),
(128, 'MAXIMILIANO MIGUEL ANGEL', 'GOMEZ CABRERA', '7106261', 7106261, 'ARROYOS Y ESTEROS', 3, '', NULL, 1, 1, 5, '', '2011-10-11', '', ''),
(129, 'RODNEY ANTONIO', 'ACEVEDO RODRIGUEZ', '7015026', 7015026, 'FRATERNAL CASI MANUEL ORTIZ GUERRERO', 3, '', NULL, 1, 1, 5, '', '2011-03-21', '', ''),
(130, 'HILLARY ABIGAIL', 'LOPEZ BENITEZ', '7927955', 7927955, 'PRATT GILL Y BELEN', 3, '', NULL, 1, 1, 5, '', '2011-06-22', '', ''),
(131, 'LIAM SABASTIAN ', 'AMBRASATH QUINTANA', '8015849', 8015849, 'LA VICTORIA ', 3, '', NULL, 1, 1, 5, '933', '2012-04-27', '', ''),
(132, 'MILAGROS ARIANNA ', 'GIMENEZ LEGAL', '7007511', 7007511, 'SANTISIMA CRUZ CASI SAN BLAS', 3, '', NULL, 1, 1, 5, '', '2011-08-10', '', ''),
(133, 'NORA GABRIELA', 'VIVEROS MIRANDA', '7744646', 7744646, 'JACINTO HERRERA CASI BOQUERON ', 3, '', NULL, 1, 1, 5, '', '2010-08-06', '', ''),
(134, 'CESAR IVAN ', 'GALEANO JARA', '7014935', 7014935, 'LUIS ALBERTO DEL PARANA', 3, '', NULL, 1, 1, 5, '518', '2011-03-23', '', ''),
(135, 'MATIAS ', 'FLECHA OTAZU', '7770428', 7770428, 'SAN BLAS YVAPOVO C/PANAMBI VERA', 3, '', NULL, 1, 1, 5, '', '2011-02-04', '', ''),
(136, 'MIA AYELÉN', 'ROLON PORTILLO', '6787079', 6787079, 'BARRIO PAI ÑU', 3, '', NULL, 1, 1, 5, '', '2010-12-14', '', ''),
(137, 'ALBERTO FABRIZIO', 'ACHUCARRO FLECHA', '7355462', 7355462, 'BRIZUELA ESQ. BOQUERON', 3, '', NULL, 1, 1, 5, '', '2010-09-11', '', ''),
(138, 'IVANA NOEMI', 'ALMEIDA CRISTALDO', '7215184', 7215184, 'ANGEL DE LA SIERRA', 3, '', NULL, 1, 1, 5, '', '2011-03-30', '', ''),
(139, 'JAZMIN ANAMI', 'FERNANDEZ', '6804383', 6804383, 'EL MENSU C/1° DE MAYO', 3, '', NULL, 1, 1, 5, '', '2010-12-02', '', ''),
(140, 'MILEY BELEN', 'YEGROS LOBOS', '', 0, 'JACINTO HERRERA C/BOQUERON', 3, '', NULL, 1, 1, 5, '', '2010-04-16', '', ''),
(141, 'HELEN ARAMI', 'DUARTE VALLEJOS', '7075514', 7075514, 'KUARAHY RESE', 3, '', NULL, 1, 1, 5, '1818', '2019-03-10', '', ''),
(142, 'EULISES ', 'MARTINEZ BARRIENTOS', '7358166', 7358166, 'PRATT GILL', 3, '', NULL, 1, 1, 5, '', '2010-04-22', '', ''),
(143, 'SAMIRA GUADALUPE', 'ACHUCARRO FLECHA', '7354361', 7354361, 'BRIZUELA ESQ. CONCEPCIÓN', 3, '', NULL, 1, 1, 5, '', '2008-12-08', '', ''),
(144, 'GIULIANA ABIGAIL', 'OCHIPINTI RAMOS', '6636841', 6636841, 'PADRE TRUJILLO 1° DE MAYO', 3, '', NULL, 1, 1, 3, '1338', '2009-10-25', '', ''),
(145, 'NATASHA ABIGAIL', 'VELAZQUEZ', '', 0, 'PRATT GILL C/BOQUERON', 3, '', NULL, 1, 1, 5, '', '2010-01-27', '', ''),
(146, 'EMERSON ESEQUIEL  ', 'VALLEJOS GIMENEZ', '', 0, '1° DE MAYO ', 3, '', NULL, 1, 1, 5, '906', '2009-10-21', '', ''),
(147, 'SOFIA JAZMIN ', 'SANCHEZ SANCHEZ', '', 0, 'FRATERNAL', 3, '', NULL, 1, 1, 5, '', '2010-05-12', '', ''),
(148, 'WALTER ABEL', 'VALDEZ VERA', '7507631', 7507631, 'AVDA. 1° DE MAYO C/GUARAÑA', 3, '', NULL, 1, 1, 5, '936', '2010-05-06', '', ''),
(149, 'BIANCA SINAI', 'ESPINOLA TARANTO', '6659933', 6659933, 'AVDA. 1° DE MAYO C/EMILIANO FERNANDEZ', 3, '', NULL, 1, 1, 5, '', '2009-06-29', '', ''),
(150, 'ANGEL GABRIEL ', 'CABRAL BAREIRO', '7252733', 7252733, 'LA LOMITA', 3, '', NULL, 1, 1, 5, '', '2008-05-18', '', ''),
(151, 'LUANA JAZMIN ', 'RODRIGUEZ ROMAN', '7984496', 7984496, 'FRATERNAL C/MAINUMBY', 3, '', NULL, 1, 1, 5, '', '2009-01-16', '', ''),
(152, 'TATIANA NICOLL', 'LEGUIZAMON NUÑEZ', '7652876', 7652876, 'SAN JUDAS TADEO C/RCA. ARGENTINA', 3, '', NULL, 1, 1, 3, '', '2009-03-12', '', ''),
(153, 'MICHAEL DAVID', 'COLMAN LOMBARDO', '8076843', 8076843, 'BARRIO FATIMA', 3, '', NULL, 1, 1, 3, '', '2008-06-30', '', ''),
(154, 'KATRIEL ULISES ', 'OJEDA NUÑEZ', '6509478', 6509478, 'SAN JUDAS TADEO', 3, '', NULL, 1, 1, 3, '', '2009-03-05', '', ''),
(155, 'PAZ VALERIA', 'BARRETO VAZQUEZ', '', 0, 'BARRIO COCA COLA', 3, '', NULL, 1, 1, 5, '', '2009-01-28', '', ''),
(156, 'AXEL DE JESUS ', 'BENITEZ LATERZA', '6825736', 6825736, 'PRATT GILL', 3, '', NULL, 1, 1, 5, '', '2009-03-15', '', ''),
(157, 'MAURICIO MIGUEL', 'PRIETO BENITEZ', '6361796', 6361796, 'BOQUERON', 3, '', NULL, 1, 1, 5, '212', '2008-01-04', '', ''),
(158, 'ALEXIS MANUEL', 'RUIZ MALDONADO', '5741205', 5741205, 'JACINTO HERRERA C/AMAMBAY', 3, '', NULL, 1, 1, 5, '624', '2007-01-18', '', ''),
(159, 'JOSE GABRIEL', 'BENITEZ VERA', '5660824', 5660824, 'SANTO DOMINGO DE GUZMAN C/LA LOMITA', 3, '', NULL, 1, 1, 5, '271', '2006-09-29', '', ''),
(160, 'LUJAN MONSERRAT ', 'FERREIRA BENITEZ', '6235477', 6235477, 'PAI NU', 3, '', NULL, 1, 1, 5, '', '2006-06-07', '', ''),
(161, 'ELIAS GIOVANNI', 'RODRIGUEZ CABRERA', '6642214', 6642214, 'AVDA. 1° DE MAYO Y FELIX PEREZ CARDOZO', 3, '', NULL, 1, 1, 5, '609', '2006-06-03', '', ''),
(162, 'CECILIA ARAMI', 'VALDEZ VEGA', '', 0, 'GUARANI C/1° DE MAYO', 3, '', NULL, 1, 1, 5, '935', '2006-01-27', '', ''),
(163, 'ARACELI MONSERRAT', 'LEGUIZAMON NUÑEZ', '', 0, 'SAN JUDAS TADEO C/RCA. ARGENTINA', 3, '', NULL, 1, 1, 3, '', '2005-08-06', '', ''),
(164, 'KEVIN GASTON', 'LEIVA ZAYA', '6599263', 6599263, 'AVDA. 1° DE MAYO', 3, '', NULL, 1, 1, 5, '660', '2005-11-02', '', ''),
(165, 'MIGUEL SEBASTIAN', 'RODRIGUEZ VERA', '5593890', 5593890, 'FRATERNAL', 3, '', NULL, 1, 1, 5, '', '2006-07-08', '', ''),
(166, 'ALMA LUJAN ', 'VILLALBA NUÑEZ', '6895899', 6895899, 'BRUZELA C/ROQUE GONZALEZ', 3, '', NULL, 1, 1, 5, '', '2006-05-16', '', ''),
(167, 'JOSHUA ', 'DAVALOS', '5989684', 5989684, 'PARAGUAY C/VENEZUELA', 3, '', NULL, 1, 1, 3, '9014', '1998-11-13', '', ''),
(168, 'FRANCO JEREMIAS', 'SOILAN MUÑOZ', '', 0, 'AVDA. 1° DE MAYO', 3, '', NULL, 1, 1, 5, '671', '2005-10-05', '', ''),
(169, 'DANA MELISSA ', 'PAREDEZ RUIZ DIAZ', '5984834', 5984834, '13 DE DICIEMBRE C/ 1° DE MAYO', 3, '', NULL, 1, 1, 5, '', '2006-01-13', '', ''),
(170, 'NATALIA MICAELA', 'BENITEZ LATERZA', '6824775', 6824775, 'PRATT GILL', 3, '', NULL, 1, 1, 5, '', '2006-05-14', '', ''),
(171, 'TOBIAS SEBASTIAN', 'VERDUN ROLON', '5224499', 5224499, 'ROQUE GONZALEZ', 3, '', NULL, 1, 1, 5, '', '2003-10-15', '', ''),
(172, 'MATIAS ', 'MIRANDA', '7021903', 7021903, 'JACINTO HERRERA C/1° DE MAYO', 3, '', NULL, 1, 1, 5, '', '2007-02-12', '', ''),
(173, 'JULIETTA AILEN', 'HUMADA VERA', '7738121', 7738121, 'SANTO MAIDANA', 3, '', NULL, 1, 1, 2, '107', '2014-11-29', '', ''),
(174, 'MELANY AILEEN', 'DELGADILLO BOGARIN', '5947408', 5947408, 'YVAPOVOTY C/ SAN BLAS', 3, '', NULL, 1, 1, 5, '', '2019-09-05', '', ''),
(175, 'IKER DANIEL', 'ROLON BRITEZ', '6696362', 6696362, 'LA VICTORIA E/ LA AMISTAD', 3, '', NULL, 1, 1, 5, '', '2008-07-02', '', ''),
(176, 'GISELLA NOEMI', 'ACEVEDO RODRIGUEZ', '6028336', 6028336, 'FRATERNAL E/ M. ORTIZ GUERRERO', 3, '', NULL, 1, 1, 5, '', '2007-07-24', '', ''),
(177, 'LUZ ARACELI', 'MENDEZ LOPEZ', '5905197', 5905197, 'PRAT GILL C/ 1° MAYO', 3, '', NULL, 1, 1, 5, '', '2007-10-10', '', ''),
(178, 'KEYLA ARAMI', 'DELEON VAZQUEZ ', '7652827', 7652827, 'PACURY CASI GALOPERA', 3, '', NULL, 1, 1, 5, '', '2007-11-09', '', ''),
(179, 'MIA CELESTE', 'DOMINGUEZ ZARACHO', '6121505', 6121505, 'DIVINO NIÑO JESUS', 3, '', NULL, 1, 1, 5, '18', '2008-06-16', '', ''),
(180, 'ARIANA NOEMI ', 'LOMBARDO COLMAN', '7330811', 7330811, 'PARAGUAY C/ MERCOSUR', 3, '', NULL, 1, 1, 3, '915', '2010-03-31', '', ''),
(181, 'ALAN EMANUEL', 'OVELAR GILL', '7090757', 7090757, 'TTE. ROJAS SILVA E/ AMISTAD', 3, '', NULL, 1, 1, 5, '706', '2010-12-27', '', ''),
(182, 'PAULO SERGIO  ', 'DAVALOS ARZAMENDIA', '5988290', 5988290, 'CALLE PARAGUAY', 3, '', NULL, 1, 1, 3, '9014', '2006-05-06', '', ''),
(183, 'YERUTI MARIA LUCERO', 'ESTIGARRIBIA', '', 0, '1ERO DE MAYO', 3, '', NULL, 1, 1, 5, '809', '2009-11-03', '', ''),
(184, 'ISAAC EZEQUIEL', 'ESTIGARRIBIA', '', 0, '1ERO DE MAYO', 3, '', NULL, 1, 1, 5, '809', '2007-08-24', '', ''),
(185, 'JUAN ADRIAN', 'MORINIGO BALBUENA', '6271923', 6271923, 'SETIEMBRE C/PRATT GILL', 3, '', NULL, 1, 1, 5, '135', '2004-06-19', '', ''),
(186, 'TOBIAS SEBASTIAN', 'VERDUN ROLON', '5224499', 5224499, 'ROQUE GONZALEZ', 3, '', NULL, 1, 1, 5, '', '2003-10-15', '', ''),
(187, 'DIEGO ESTEBAN', 'VALLEJOS VALLEJOS', '', 0, 'SANTISIMA CRUZ Y KUARAHY RESE', 3, '', NULL, 1, 1, 5, '', '2006-03-26', '', ''),
(188, 'MIA MARCELINA', 'MENDEZ MEDINA', '7810109', 7810109, 'CERRO CORA', 3, '', NULL, 1, 1, 5, '', '2019-02-19', '', ''),
(189, 'DAVID DIOSNEL ', 'DIAZ SALINAS', '7771343', 7771343, 'PANAMBY VERA C/ EL MAESTRO', 3, '', NULL, 1, 1, 5, '', '2014-02-06', '', ''),
(190, 'FIORELLA LUJAN', 'BOQUET VEGA', '7684599', 7684599, 'AV 1°DE MAYO', 3, '', NULL, 1, 1, 5, '273', '2013-09-26', '', ''),
(191, 'CECILIA LUJAN', 'MEDINA COLMAN', '7782128', 7782128, '14  DE JULIO CALLE MARIA PACURY', 3, '', NULL, 1, 1, 5, '', '2014-12-06', '', ''),
(192, 'LICIE ANABEL', 'SAMANIEGO ALVARENGA', '7882741', 7882741, 'AVDA. 1° DE MAYO E/ J. A. FLORES', 3, '', NULL, 1, 1, 5, '', '2014-06-24', '', ''),
(193, 'MALENA', 'TORRES BAEZ', '6307171', 6307171, 'BRUZELA C/ROQUE GONZALEZ', 3, '', NULL, 1, 1, 5, '', '2009-03-21', '', ''),
(194, 'ZOE GIOVANA', 'REDES DIAZ', '7766719', 7766719, '13 DE DICIEMBRE C/1° DE MAYO', 3, '', NULL, 1, 1, 5, '', '2014-12-23', '', ''),
(195, 'RAFAEL SEBASTIAN', 'SANTACRUZ CAÑETE', '', 0, 'SANTACRUZ E YTORORO', 3, '', NULL, 1, 1, 5, '', '2019-03-10', '', ''),
(196, 'EMYLY LUJAN', 'SANTACRUZ CAÑETE', '6634379', 6634379, 'BARRIO MARANGATU', 3, '', NULL, 1, 1, 3, '', '2010-04-22', '', ''),
(197, 'MARIA ', 'SANTACRUZ CAÑETE', '6159302', 6159302, 'BARRIO MARANGATU', 3, '', NULL, 1, 1, 3, '', '2007-12-08', '', ''),
(198, 'BLAS THIAGO', 'SANTACRUZ CAÑETE', '6017735', 6017735, 'SANTACRUZ E YTORORO', 3, '', NULL, 1, 1, 3, '', '2006-10-21', '', ''),
(199, 'ANGIE ARACELY', 'AMARILLA MARECO', '7738204', 7738204, 'LOMAS CLAVES C/ANGEL DE LA SIERRA', 3, '', NULL, 1, 1, 5, '', '2014-05-31', '', ''),
(200, 'MATHIAS ALEXANDER', 'AMARILLA MARECO', '', 0, 'LOMAS CLAVES C/ ANGEL  DE LA SIERRA', 3, '', NULL, 1, 1, 5, '', '2008-04-18', '', ''),
(201, 'ALEJANDRO ', 'FABIO MARIN', '', 0, '1° DE MAYO Y EL MENSU', 3, '', NULL, 1, 1, 5, '608', '2008-05-22', '', ''),
(202, 'JOSIAS LEONARDO', 'FABIO DOMINGUEZ', '', 0, 'AVDA. 1° DE MAYO Y EL MENSU', 3, '', NULL, 1, 1, 5, '608', '2004-12-23', '', ''),
(203, 'ADAM JESUS ', 'ARMOA ALFONZO', '7536351', 7536351, 'VILLA DEL CARMEN', 3, '', NULL, 1, 1, 5, '', '2008-12-25', '', ''),
(204, 'LUIS ALEXANDER', 'MORENO ESCURRA', '6551465', 6551465, 'LA LOMITA', 3, '', NULL, 1, 1, 5, '520', '2004-11-10', '', ''),
(205, 'LESLIE ABIGAIL', 'VALLEJOS CAPDEVILA', '5910870', 5910870, 'PRATT GILL ESQ. PADRE BASCONSELLO', 3, '', NULL, 1, 1, 5, '', '2005-04-25', '', ''),
(206, 'LEONARDO YVAN', 'LEIVA ROJAS', '7057108', 7057108, 'BOQUERON C/ JACINTO HERRERA', 3, '', NULL, 1, 1, 5, '', '2005-10-10', '', ''),
(207, 'JOSE RODRIGO', 'SALDIVAR ESCURRA', '7805692', 7805692, 'LA LOMITA', 3, '', NULL, 1, 1, 5, '520', '2019-03-10', '', ''),
(208, 'IKER  ALLEN', 'FABIO MARIN', '8211615', 8211615, '1° DE MAYO C/ EL MENSU', 3, '', NULL, 1, 1, 5, '608', '2014-04-08', '', ''),
(209, 'KIARA MAILEN', 'BRITEZ CENTURION', '8017913', 8017913, 'JACINTO HERRERA Y JUANA DE ARCO', 3, '', NULL, 1, 1, 5, '', '2014-06-23', '', ''),
(210, 'MARCOS TOBIAS', 'ESPINOLA', '8019575', 8019575, 'RCA. ARGENTINA C/ LA PAZ', 3, '', NULL, 1, 1, 3, '', '2014-01-08', '', ''),
(211, 'ANNIE VALENTINA', 'BARRIOS RAMOS', '7045332', 7045332, 'BRUSELAS C/SAN ROQUE', 3, '', NULL, 1, 1, 5, '', '2007-07-26', '', ''),
(212, 'FABRIZIO ', 'MEZA', '', 0, 'MANUEL ORTIZ GUERRERO C/JUANA DE ARCA', 3, '', NULL, 1, 1, 5, '', '2009-01-20', '', ''),
(213, 'CESAR SANTIAGO ', 'MEZA', '7684848', 7684848, 'MANUEL ORTIZ GUERRERO', 3, '', NULL, 1, 1, 3, '', '2014-08-28', '', ''),
(214, 'MILAGROS KAREN FABIOLA ', 'VERA RODRIGUEZ', '7955738', 7955738, 'PAI NU', 3, '', NULL, 1, 1, 5, '', '2015-08-11', '', ''),
(215, 'RODRIGO IVAN', 'BOGARIN RODRIGUEZ', '7836491', 7836491, 'PAI NU', 3, '', NULL, 1, 1, 5, '', '2015-01-25', '', ''),
(216, 'IVANNA ELIZABETH', 'GONZALEZ AVALOS', '6989714', 6989714, 'PAI ÑU', 3, '', NULL, 1, 1, 5, '', '2010-06-01', '', ''),
(217, 'SOLANGE MARIBEL', 'PENZZI ULDERA', '8256651', 8256651, 'JACINTO HERRERA', 3, '', NULL, 1, 1, 5, '', '2010-08-21', '', ''),
(218, 'FIORELLA ', 'OVANDO GIMENEZ', '7824904', 7824904, 'JUANA DE ARCO', 3, '', NULL, 1, 1, 5, '', '2013-02-26', '', ''),
(219, 'NICOLE AGUSTINA ', 'ROLON RODRIGUEZ', '', 0, 'ALFONSO LOMAS C/1|° DE MAYO', 3, '', NULL, 1, 1, 5, '', '2013-11-06', '', ''),
(220, 'ANGEL JOSIAS ', 'ZARZA AREVALOS', '', 0, 'QUEBRACHO C/PRIMAVERA', 3, '', NULL, 1, 1, 5, '', '2010-03-08', '', ''),
(221, 'MILAGROS LUJAN ', 'SANABRIA MEDINA', '6872666', 6872666, 'QUEBRACHO C/PRIMAVERA', 3, '', NULL, 1, 1, 5, '', '2019-03-01', '', ''),
(222, 'ANA MARIA BELEN', 'RUIZ DIAZ', '7572609', 7572609, 'JUANA DE ARCA', 3, '', NULL, 1, 1, 5, '', '2008-03-27', '', ''),
(223, 'CRISTINA ANAHI', 'RUIZ DIAZ RIVEROS', '7108049', 7108049, 'JUANA DE ARCO', 3, '', NULL, 1, 1, 5, '', '2004-11-09', '', ''),
(224, 'MATIAS JESUS ', 'ARIAS GAYOZO', '7517705', 7517705, 'JUANA DE LA LARA C/MANUEL ORTIZ GUERRERO', 3, '', NULL, 1, 1, 5, '', '2013-07-15', '', ''),
(225, 'OSCAR ARMANDO', 'VALDEZ', '7549681', 7549681, 'WALTER ZARACHO C/FATIMA', 3, '', NULL, 1, 1, 5, '', '2006-01-29', '', ''),
(226, 'MAURICIO FADIL', 'ROLON ESTIGARRIBIA', '6895903', 6895903, 'SAN ROQUE Y SAN PABLO', 3, '', NULL, 1, 1, 5, '', '2009-01-09', '', ''),
(227, 'KATHERINE ', 'MOLAS BRITEZ', '7195652', 7195652, 'PAI ÑU', 3, '', NULL, 1, 1, 5, '', '2008-10-08', '', ''),
(228, 'PIA ROUTZ', 'TORALES SOTO', '', 0, 'LA VICTORIA C/ARAUCANOS', 3, '', NULL, 1, 1, 5, '874', '2014-07-17', '', ''),
(229, 'ALMA BRENDA YAEL', 'CARDOZO ROJAS', '', 0, 'AVDA. PRATT GILL Y PUENTE 1° DE MAYO', 3, '', NULL, 1, 1, 5, '8', '2009-05-11', '', ''),
(230, 'SEBASTIAN DE JESUS', 'DA SILVA MELGAREJO', '7465492', 7465492, 'LA LOMITA', 3, '', NULL, 1, 1, 5, '271', '2007-12-19', '', ''),
(231, 'LUCIA ANABEL', 'BENITEZ ASCONA', '7833229', 7833229, 'JACINTO HERRERA C/ZACARIAS ZARACHO', 3, '', NULL, 1, 1, 5, '', '2013-03-06', '', ''),
(232, 'NAIR YAMILE', 'SOSA CHAVEZ', '6246213', 6246213, '1° DE MAYO C/JACINTO HERRERA', 3, '', NULL, 1, 1, 5, '', '2005-03-14', '', ''),
(233, 'TAMARA AILEN', 'GONZALEZ DAVALOS', '5770773', 5770773, 'AVDA. 1° DE MAYO', 3, '', NULL, 1, 1, 5, '', '2006-04-06', '', ''),
(234, 'EMERSON ESEQUIEL', 'VALLEJOS GIMENEZ', '', 0, 'CALLEJON 18 DE MAYO', 3, '', NULL, 1, 1, 5, '', '2009-10-21', '', ''),
(235, 'VALERIA ISABEL', 'FERREIRA BALBUENA', '6966928', 6966928, 'PRATT GILL C/ PUENTE 1° DE MAYO', 3, '', NULL, 1, 1, 5, '', '2019-03-10', '', ''),
(236, 'MARIA DEL CARMEN', 'FERREIRA BALBUENA', '6962117', 6962117, 'PRATT GILL C/ PUENTE 1° DE MAYO', 3, '', NULL, 1, 1, 5, '', '2011-03-22', '', ''),
(237, 'PABLO JOSE ', 'FERREIRA BALBUENA', '6962127', 6962127, 'PRATT GILL C/PUENTE 1° DE MAYO', 3, '', NULL, 1, 1, 5, '', '2019-03-10', '', ''),
(238, 'SOFIA NICOLE', 'FERREIRA BALBUENA', '6966924', 6966924, 'PRATT GILL C/PUENTE 1° DE MAYO', 3, '', NULL, 1, 1, 5, '', '2019-03-10', '', ''),
(239, 'PABLO SEBASTIAN', 'ROMERO VAZQUEZ', '', 0, 'REISOFERT Y PABLO VI', 3, '', NULL, 1, 1, 5, '', '2010-04-05', '', ''),
(240, 'ALBERTO FABIAN ', 'BENITEZ VERA', '5251145', 5251145, 'SANTO DOMINGO DE GUZMAN', 3, '', NULL, 1, 1, 5, '271', '2002-01-31', '', ''),
(241, 'GUILIANA GISELL', 'SERVIN', '', 0, 'PAI ÑU', 3, '', NULL, 1, 1, 5, '', '2004-05-05', '', ''),
(242, 'FABRIZIO JOEL', 'VELAZQUEZ ACOSTA', '', 0, 'PRATT GILL Y 1° DE MAYO', 3, '', NULL, 1, 1, 5, '', '2008-03-07', '', ''),
(243, 'THAIS ELIZABETH ', 'BALBUENA COLETTI', '7456270', 7456270, 'SAN SALVADOR C/ MEXICO', 3, '', NULL, 1, 1, 3, '', '2019-03-10', '', ''),
(244, 'ESTEBAN JOSUE', 'CABALLERO BENITEZ', '7715834', 7715834, 'GUILLERMO II C/LAS MERCEDES', 3, '', NULL, 1, 1, 5, '', '2019-03-10', '', ''),
(245, 'HELEN VERONICA', 'CARMAGNOLA JIMENEZ', '8443607', 8443607, 'CALLEJON 1º MAYO', 3, '', NULL, 1, 1, 5, ' ', '2019-03-10', '', ''),
(246, 'JORGE AARON', 'ULDERA SEGOVIA', '', 0, 'JACINTO HERRERA', 3, '', NULL, 1, 1, 5, '', '2006-09-01', '', ''),
(247, 'KEITTY XIOMARA', 'ANTAR TALAVERA', '7613186', 7613186, 'JACINTO HERRERA C/AMAMBAY', 3, '', NULL, 1, 1, 5, '', '2013-10-16', '', ''),
(248, 'CESAR MISAEL', 'ORTIZ SANABRIA', '7649672', 7649672, 'FRATERNAL C/ AMAMBAY', 3, '', NULL, 1, 1, 5, '956', '2014-01-03', '', ''),
(249, 'JUAN DE JESUS', 'SEGOVIA QUINTANA', '7878101', 7878101, 'FRATERNAL C/VIRGEN DE LA PAZ', 3, '', NULL, 1, 1, 5, '', '2012-06-24', '', ''),
(250, 'NAOMI ABIGAIL', 'OJEDA ROJAS', '6974884', 6974884, 'AVDA. AVELINO MARTINEZ C/ LEOPARDI', 3, '', NULL, 1, 1, 3, '228', '2006-10-20', '', ''),
(251, 'ADAN TIAGO GIOVANI', 'DELVALLE DOMINGUEZ', '', 0, 'JACINTO HERRERA C/ JUANA DE ARCO', 3, '', NULL, 1, 1, 3, '', '2008-02-19', '', ''),
(252, 'KENIA DAILEN', 'LOPEZ FRANCO', '', 0, 'PILAR C/HECTOR VELAZQUEZ', 3, '', NULL, 1, 1, 4, '', '2015-12-06', '', ''),
(253, 'GUSTAVO LEONARDO', 'MARTINEZ FRANCO', '', 0, 'PILAR C/HECTOR VELAZQUEZ', 3, '', NULL, 1, 1, 4, '', '2008-06-17', '', ''),
(254, 'Luis', 'Guzman', '1232101-1', 213123, 'iTAUGUA', 0, '91283', '091238', 1, 2, 2, '0', '2019-01-30', 'luis', '123');

-- --------------------------------------------------------

--
-- Estructura de tabla para la tabla `cuentas_recibir_cabecera`
--

CREATE TABLE `cuentas_recibir_cabecera` (
  `id_cuenta_recibir_cabecera` int(11) NOT NULL,
  `id_venta_detalle` int(11) NOT NULL,
  `cantidad_total_cuota` int(11) NOT NULL,
  `nombre_garante` varchar(100) COLLATE utf8_unicode_ci DEFAULT NULL,
  `direccion_garante` varchar(200) COLLATE utf8_unicode_ci DEFAULT NULL,
  `cedula_garante` int(11) DEFAULT NULL,
  `telefono_garante` varchar(50) COLLATE utf8_unicode_ci DEFAULT NULL,
  `estado` tinyint(1) NOT NULL,
  `activo` tinyint(1) NOT NULL
) ENGINE=InnoDB DEFAULT CHARSET=utf8 COLLATE=utf8_unicode_ci;

--
-- Volcado de datos para la tabla `cuentas_recibir_cabecera`
--

INSERT INTO `cuentas_recibir_cabecera` (`id_cuenta_recibir_cabecera`, `id_venta_detalle`, `cantidad_total_cuota`, `nombre_garante`, `direccion_garante`, `cedula_garante`, `telefono_garante`, `estado`, `activo`) VALUES
(13, 13, 1, '', '', 0, '', 0, 1),
(14, 14, 2, '', '', 0, '', 1, 1),
(15, 15, 1, '', '', 0, '', 0, 1),
(16, 16, 2, '', '', 0, '', 0, 1),
(17, 17, 1, '', '', 0, '', 0, 1),
(18, 18, 2, '', '', 0, '', 0, 1),
(19, 19, 1, '', '', 0, '', 0, 1),
(20, 20, 2, '', '', 0, '', 0, 1),
(21, 21, 1, '', '', 0, '', 0, 1),
(22, 22, 2, '', '', 0, '', 0, 1),
(23, 23, 1, '', '', 0, '', 0, 1),
(24, 24, 2, '', '', 0, '', 0, 1),
(25, 25, 1, '', '', 0, '', 0, 1),
(26, 26, 2, '', '', 0, '', 0, 1),
(27, 27, 1, '', '', 0, '', 0, 1),
(28, 28, 2, '', '', 0, '', 0, 1),
(29, 29, 1, '', '', 0, '', 0, 1),
(30, 30, 2, '', '', 0, '', 0, 1),
(31, 31, 1, '', '', 0, '', 0, 1),
(32, 32, 2, '', '', 0, '', 0, 1),
(33, 33, 1, '', '', 0, '', 0, 1),
(34, 34, 2, '', '', 0, '', 0, 1),
(35, 35, 1, '', '', 0, '', 0, 0),
(36, 36, 2, '', '', 0, '', 0, 0),
(37, 37, 1, '', '', 0, '', 0, 1),
(38, 38, 2, '', '', 0, '', 0, 1),
(39, 39, 1, '', '', 0, '', 0, 0),
(40, 40, 2, '', '', 0, '', 0, 0),
(41, 41, 1, '', '', 0, '', 0, 1),
(42, 42, 2, '', '', 0, '', 0, 1),
(43, 43, 1, '', '', 0, '', 0, 1),
(44, 44, 2, '', '', 0, '', 0, 1),
(45, 45, 1, '', '', 0, '', 0, 1),
(46, 46, 2, '', '', 0, '', 0, 1),
(47, 47, 1, '', '', 0, '', 0, 1),
(48, 48, 2, '', '', 0, '', 0, 1),
(49, 49, 1, '', '', 0, '', 0, 1),
(50, 50, 2, '', '', 0, '', 0, 1),
(51, 51, 1, '', '', 0, '', 0, 1),
(52, 52, 2, '', '', 0, '', 0, 1),
(53, 53, 1, '', '', 0, '', 0, 1),
(54, 54, 2, '', '', 0, '', 0, 1),
(55, 55, 1, '', '', 0, '', 0, 0),
(56, 56, 2, '', '', 0, '', 0, 0),
(57, 57, 1, '', '', 0, '', 0, 1),
(58, 58, 2, '', '', 0, '', 0, 1),
(59, 59, 1, '', '', 0, '', 0, 1),
(60, 60, 2, '', '', 0, '', 0, 1),
(61, 61, 1, '', '', 0, '', 0, 1),
(62, 62, 2, '', '', 0, '', 0, 1),
(63, 63, 1, '', '', 0, '', 0, 1),
(64, 64, 2, '', '', 0, '', 0, 1),
(65, 65, 1, '', '', 0, '', 0, 1),
(66, 66, 2, '', '', 0, '', 0, 1),
(67, 67, 1, '', '', 0, '', 0, 1),
(68, 68, 2, '', '', 0, '', 0, 1),
(69, 69, 1, '', '', 0, '', 0, 1),
(70, 70, 2, '', '', 0, '', 0, 1),
(71, 71, 1, '', '', 0, '', 0, 1),
(72, 72, 2, '', '', 0, '', 0, 1),
(73, 73, 1, '', '', 0, '', 0, 1),
(74, 74, 2, '', '', 0, '', 0, 1),
(75, 75, 1, '', '', 0, '', 0, 1),
(76, 76, 2, '', '', 0, '', 0, 1),
(77, 77, 1, '', '', 0, '', 0, 1),
(78, 78, 2, '', '', 0, '', 0, 1),
(79, 79, 1, '', '', 0, '', 0, 1),
(80, 80, 2, '', '', 0, '', 0, 1),
(81, 81, 1, '', '', 0, '', 0, 1),
(82, 82, 2, '', '', 0, '', 0, 1),
(83, 83, 1, '', '', 0, '', 0, 1),
(84, 84, 2, '', '', 0, '', 0, 1),
(85, 85, 1, '', '', 0, '', 0, 1),
(86, 86, 2, '', '', 0, '', 0, 1),
(87, 87, 1, '', '', 0, '', 0, 1),
(88, 88, 2, '', '', 0, '', 0, 1),
(89, 89, 1, '', '', 0, '', 0, 1),
(90, 90, 2, '', '', 0, '', 0, 1),
(91, 91, 1, '', '', 0, '', 0, 1),
(92, 92, 2, '', '', 0, '', 0, 1),
(93, 93, 1, '', '', 0, '', 0, 0),
(94, 94, 2, '', '', 0, '', 0, 0),
(95, 95, 1, '', '', 0, '', 0, 1),
(96, 96, 2, '', '', 0, '', 0, 1),
(97, 97, 1, '', '', 0, '', 0, 1),
(98, 98, 2, '', '', 0, '', 0, 1),
(99, 99, 1, '', '', 0, '', 0, 1),
(100, 100, 2, '', '', 0, '', 0, 1),
(101, 101, 1, '', '', 0, '', 0, 1),
(102, 102, 2, '', '', 0, '', 0, 1),
(103, 103, 1, '', '', 0, '', 0, 1),
(104, 104, 2, '', '', 0, '', 0, 1),
(105, 105, 1, '', '', 0, '', 0, 1),
(106, 106, 2, '', '', 0, '', 0, 1),
(107, 107, 1, '', '', 0, '', 0, 1),
(108, 108, 2, '', '', 0, '', 0, 1),
(109, 109, 1, '', '', 0, '', 0, 1),
(110, 110, 2, '', '', 0, '', 0, 1),
(111, 111, 1, '', '', 0, '', 0, 1),
(112, 112, 2, '', '', 0, '', 0, 1),
(113, 113, 1, '', '', 0, '', 0, 1),
(114, 114, 2, '', '', 0, '', 0, 1),
(115, 115, 1, '', '', 0, '', 0, 1),
(116, 116, 2, '', '', 0, '', 0, 1),
(117, 117, 1, '', '', 0, '', 0, 1),
(118, 118, 2, '', '', 0, '', 0, 1),
(119, 119, 1, '', '', 0, '', 0, 0),
(120, 120, 2, '', '', 0, '', 0, 0),
(121, 121, 1, '', '', 0, '', 0, 1),
(122, 122, 2, '', '', 0, '', 0, 1),
(123, 123, 1, '', '', 0, '', 0, 1),
(124, 124, 2, '', '', 0, '', 0, 1),
(125, 125, 1, '', '', 0, '', 0, 1),
(126, 126, 2, '', '', 0, '', 0, 1),
(127, 127, 1, '', '', 0, '', 0, 1),
(128, 128, 2, '', '', 0, '', 0, 1),
(129, 129, 1, '', '', 0, '', 0, 0),
(130, 130, 2, '', '', 0, '', 0, 0),
(131, 131, 1, '', '', 0, '', 0, 0),
(132, 132, 2, '', '', 0, '', 0, 0),
(133, 133, 1, '', '', 0, '', 0, 1),
(134, 134, 2, '', '', 0, '', 0, 1),
(135, 135, 1, '', '', 0, '', 0, 1),
(136, 136, 2, '', '', 0, '', 0, 1),
(137, 137, 1, '', '', 0, '', 0, 1),
(138, 138, 2, '', '', 0, '', 0, 1),
(139, 139, 1, '', '', 0, '', 0, 1),
(140, 140, 2, '', '', 0, '', 0, 1),
(141, 141, 1, '', '', 0, '', 0, 1),
(142, 142, 2, '', '', 0, '', 0, 1),
(143, 143, 1, '', '', 0, '', 0, 1),
(144, 144, 2, '', '', 0, '', 0, 1),
(145, 145, 1, '', '', 0, '', 0, 1),
(146, 146, 2, '', '', 0, '', 0, 1),
(147, 147, 1, '', '', 0, '', 0, 0),
(148, 148, 2, '', '', 0, '', 0, 0),
(149, 149, 1, '', '', 0, '', 0, 1),
(150, 150, 2, '', '', 0, '', 0, 1),
(151, 151, 1, '', '', 0, '', 0, 1),
(152, 152, 2, '', '', 0, '', 0, 1),
(153, 153, 1, '', '', 0, '', 0, 1),
(154, 154, 2, '', '', 0, '', 0, 1),
(155, 155, 1, '', '', 0, '', 0, 1),
(156, 156, 2, '', '', 0, '', 0, 1),
(157, 157, 1, '', '', 0, '', 0, 1),
(158, 158, 2, '', '', 0, '', 0, 1),
(159, 159, 1, '', '', 0, '', 0, 0),
(160, 160, 2, '', '', 0, '', 0, 0),
(161, 161, 1, '', '', 0, '', 0, 0),
(162, 162, 2, '', '', 0, '', 0, 0),
(163, 163, 1, '', '', 0, '', 0, 1),
(164, 164, 2, '', '', 0, '', 0, 1),
(165, 165, 1, '', '', 0, '', 0, 1),
(166, 166, 2, '', '', 0, '', 0, 1),
(167, 167, 1, '', '', 0, '', 0, 1),
(168, 168, 2, '', '', 0, '', 0, 1),
(169, 169, 1, '', '', 0, '', 0, 1),
(170, 170, 2, '', '', 0, '', 0, 1),
(171, 171, 1, '', '', 0, '', 0, 1),
(172, 172, 2, '', '', 0, '', 0, 1),
(173, 173, 1, '', '', 0, '', 0, 1),
(174, 174, 2, '', '', 0, '', 0, 1),
(175, 175, 1, '', '', 0, '', 0, 0),
(176, 176, 2, '', '', 0, '', 0, 1),
(177, 177, 1, '', '', 0, '', 0, 1),
(178, 178, 2, '', '', 0, '', 0, 1),
(179, 179, 1, '', '', 0, '', 0, 1),
(180, 180, 2, '', '', 0, '', 0, 1),
(181, 181, 1, '', '', 0, '', 0, 0),
(182, 182, 2, '', '', 0, '', 0, 0),
(183, 183, 1, '', '', 0, '', 0, 1),
(184, 184, 2, '', '', 0, '', 0, 1),
(185, 185, 1, '', '', 0, '', 0, 1),
(186, 186, 2, '', '', 0, '', 0, 1),
(187, 187, 1, '', '', 0, '', 0, 1),
(188, 188, 2, '', '', 0, '', 0, 1),
(189, 189, 1, '', '', 0, '', 0, 1),
(190, 190, 2, '', '', 0, '', 0, 1),
(191, 191, 1, '', '', 0, '', 0, 1),
(192, 192, 2, '', '', 0, '', 0, 1),
(193, 193, 1, '', '', 0, '', 0, 1),
(194, 194, 2, '', '', 0, '', 0, 1),
(195, 195, 1, '', '', 0, '', 0, 1),
(196, 196, 2, '', '', 0, '', 0, 1),
(197, 197, 1, '', '', 0, '', 0, 1),
(198, 198, 2, '', '', 0, '', 0, 1),
(199, 199, 1, '', '', 0, '', 0, 1),
(200, 200, 2, '', '', 0, '', 0, 1),
(201, 201, 1, '', '', 0, '', 0, 1),
(202, 202, 2, '', '', 0, '', 0, 1),
(203, 203, 1, '', '', 0, '', 0, 1),
(204, 204, 2, '', '', 0, '', 0, 1),
(205, 205, 1, '', '', 0, '', 0, 1),
(206, 206, 2, '', '', 0, '', 0, 1),
(207, 207, 1, '', '', 0, '', 0, 0),
(208, 208, 2, '', '', 0, '', 0, 0),
(209, 209, 1, '', '', 0, '', 0, 0),
(210, 210, 2, '', '', 0, '', 0, 0),
(211, 211, 1, '', '', 0, '', 1, 1),
(212, 212, 2, '', '', 0, '', 0, 1),
(213, 213, 1, '', '', 0, '', 0, 1),
(214, 214, 2, '', '', 0, '', 0, 1),
(215, 215, 1, '', '', 0, '', 0, 1),
(216, 216, 2, '', '', 0, '', 0, 1),
(217, 217, 1, '', '', 0, '', 0, 1),
(218, 218, 2, '', '', 0, '', 0, 1),
(219, 219, 1, '', '', 0, '', 0, 1),
(220, 220, 2, '', '', 0, '', 0, 1),
(221, 221, 1, '', '', 0, '', 0, 1),
(222, 222, 2, '', '', 0, '', 0, 1),
(223, 223, 1, '', '', 0, '', 0, 0),
(224, 224, 2, '', '', 0, '', 0, 1),
(225, 225, 1, '', '', 0, '', 0, 1),
(226, 226, 2, '', '', 0, '', 0, 1),
(227, 227, 1, '', '', 0, '', 0, 1),
(228, 228, 2, '', '', 0, '', 0, 1),
(229, 229, 1, '', '', 0, '', 0, 0),
(230, 230, 2, '', '', 0, '', 0, 1),
(231, 231, 1, '', '', 0, '', 0, 1),
(232, 232, 2, '', '', 0, '', 0, 1),
(233, 233, 1, '', '', 0, '', 0, 1),
(234, 234, 2, '', '', 0, '', 0, 1),
(235, 235, 1, '', '', 0, '', 0, 1),
(236, 236, 2, '', '', 0, '', 0, 1),
(237, 237, 1, '', '', 0, '', 0, 1),
(238, 238, 2, '', '', 0, '', 0, 1),
(239, 239, 1, '', '', 0, '', 0, 1),
(240, 240, 2, '', '', 0, '', 0, 1),
(241, 241, 1, '', '', 0, '', 0, 0),
(242, 242, 2, '', '', 0, '', 0, 0),
(243, 243, 9, '', '', 0, '', 1, 1),
(244, 244, 2, '', '', 0, '', 0, 1),
(245, 245, 1, '', '', 0, '', 0, 1),
(246, 246, 2, '', '', 0, '', 0, 1),
(247, 247, 1, '', '', 0, '', 0, 1),
(248, 248, 2, '', '', 0, '', 0, 1),
(249, 249, 1, '', '', 0, '', 0, 1),
(250, 250, 2, '', '', 0, '', 0, 1),
(251, 251, 1, '', '', 0, '', 0, 1),
(252, 252, 2, '', '', 0, '', 0, 1),
(253, 253, 1, '', '', 0, '', 0, 1),
(254, 254, 2, '', '', 0, '', 0, 1),
(255, 255, 1, '', '', 0, '', 0, 1),
(256, 256, 2, '', '', 0, '', 0, 1),
(257, 257, 1, '', '', 0, '', 0, 1),
(258, 258, 2, '', '', 0, '', 0, 1),
(259, 259, 1, '', '', 0, '', 0, 1),
(260, 260, 2, '', '', 0, '', 0, 1),
(261, 261, 1, '', '', 0, '', 0, 1),
(262, 262, 2, '', '', 0, '', 0, 1),
(263, 263, 1, '', '', 0, '', 0, 1),
(264, 264, 2, '', '', 0, '', 0, 1),
(265, 265, 1, '', '', 0, '', 0, 1),
(266, 266, 2, '', '', 0, '', 0, 1),
(267, 267, 1, '', '', 0, '', 0, 1),
(268, 268, 2, '', '', 0, '', 0, 1),
(269, 269, 1, '', '', 0, '', 0, 1),
(270, 270, 2, '', '', 0, '', 0, 1),
(271, 271, 1, '', '', 0, '', 0, 1),
(272, 272, 2, '', '', 0, '', 0, 1),
(273, 273, 1, '', '', 0, '', 0, 1),
(274, 274, 2, '', '', 0, '', 0, 1),
(275, 275, 1, '', '', 0, '', 0, 1),
(276, 276, 2, '', '', 0, '', 0, 1),
(277, 277, 1, '', '', 0, '', 0, 1),
(278, 278, 2, '', '', 0, '', 0, 1),
(279, 279, 1, '', '', 0, '', 0, 1),
(280, 280, 2, '', '', 0, '', 0, 1),
(281, 281, 1, '', '', 0, '', 0, 1),
(282, 282, 2, '', '', 0, '', 0, 1),
(283, 283, 1, '', '', 0, '', 1, 1),
(284, 284, 2, '', '', 0, '', 0, 1),
(285, 285, 1, '', '', 0, '', 0, 1),
(286, 286, 2, '', '', 0, '', 0, 1),
(287, 287, 1, '', '', 0, '', 0, 1),
(288, 288, 2, '', '', 0, '', 0, 1),
(289, 289, 1, '', '', 0, '', 0, 1),
(290, 290, 2, '', '', 0, '', 0, 1),
(291, 291, 1, '', '', 0, '', 0, 1),
(292, 292, 2, '', '', 0, '', 0, 1),
(293, 293, 1, '', '', 0, '', 0, 1),
(294, 294, 2, '', '', 0, '', 0, 1),
(295, 295, 1, '', '', 0, '', 0, 0),
(296, 296, 2, '', '', 0, '', 0, 1),
(297, 297, 1, '', '', 0, '', 0, 1),
(298, 298, 2, '', '', 0, '', 0, 1),
(299, 299, 1, '', '', 0, '', 0, 1),
(300, 300, 2, '', '', 0, '', 0, 1),
(301, 301, 1, '', '', 0, '', 0, 1),
(302, 302, 2, '', '', 0, '', 0, 1),
(303, 305, 1, '', '', 0, '', 0, 1),
(304, 306, 2, '', '', 0, '', 0, 1),
(305, 307, 1, '', '', 0, '', 0, 1),
(306, 308, 2, '', '', 0, '', 0, 1),
(307, 309, 1, '', '', 0, '', 0, 0),
(308, 310, 2, '', '', 0, '', 0, 1),
(309, 311, 1, '', '', 0, '', 0, 1),
(310, 312, 2, '', '', 0, '', 0, 1),
(311, 313, 1, '', '', 0, '', 0, 1),
(312, 314, 2, '', '', 0, '', 0, 1),
(313, 315, 1, '', '', 0, '', 0, 1),
(314, 316, 2, '', '', 0, '', 0, 1),
(315, 317, 1, '', '', 0, '', 0, 1),
(316, 318, 2, '', '', 0, '', 0, 1),
(317, 319, 1, '', '', 0, '', 0, 1),
(318, 320, 2, '', '', 0, '', 0, 1),
(319, 321, 1, '', '', 0, '', 0, 1),
(320, 322, 2, '', '', 0, '', 0, 1),
(321, 323, 1, '', '', 0, '', 0, 0),
(322, 324, 2, '', '', 0, '', 0, 1),
(323, 326, 1, '', '', 0, '', 0, 1),
(324, 327, 2, '', '', 0, '', 0, 1),
(325, 328, 1, '', '', 0, '', 0, 1),
(326, 329, 2, '', '', 0, '', 0, 1),
(327, 330, 1, '', '', 0, '', 0, 0),
(328, 331, 2, '', '', 0, '', 0, 1),
(329, 332, 1, '', '', 0, '', 0, 1),
(330, 333, 2, '', '', 0, '', 0, 1),
(331, 334, 1, '', '', 0, '', 0, 1),
(332, 335, 2, '', '', 0, '', 0, 1),
(333, 336, 1, '', '', 0, '', 0, 1),
(334, 337, 2, '', '', 0, '', 0, 1),
(335, 338, 1, '', '', 0, '', 0, 0),
(336, 339, 2, '', '', 0, '', 0, 1),
(337, 340, 1, '', '', 0, '', 0, 1),
(338, 341, 2, '', '', 0, '', 0, 1),
(339, 342, 1, '', '', 0, '', 0, 1),
(340, 343, 2, '', '', 0, '', 0, 1),
(341, 344, 1, '', '', 0, '', 0, 1),
(342, 345, 2, '', '', 0, '', 0, 1),
(343, 346, 1, '', '', 0, '', 0, 1),
(344, 347, 2, '', '', 0, '', 0, 1),
(345, 348, 1, '', '', 0, '', 0, 1),
(346, 349, 2, '', '', 0, '', 0, 1),
(347, 350, 1, '', '', 0, '', 0, 0),
(348, 351, 2, '', '', 0, '', 0, 0),
(349, 352, 1, '', '', 0, '', 0, 0),
(350, 353, 2, '', '', 0, '', 0, 0),
(351, 354, 1, '', '', 0, '', 1, 1),
(352, 355, 1, '', '', 0, '', 1, 1),
(353, 356, 1, '', '', 0, '', 1, 1),
(354, 357, 1, '', '', 0, '', 1, 1),
(355, 358, 1, '', '', 0, '', 1, 1),
(356, 359, 1, '', '', 0, '', 1, 1),
(357, 360, 2, '', '', 0, '', 1, 1),
(358, 361, 1, '', '', 0, '', 0, 0),
(359, 362, 2, '', '', 0, '', 0, 0),
(360, 363, 1, '', '', 0, '', 1, 1),
(361, 364, 2, '', '', 0, '', 1, 1),
(362, 365, 1, '', '', 0, '', 0, 1),
(363, 366, 2, '', '', 0, '', 0, 1),
(364, 367, 1, '', '', 0, '', 0, 0),
(365, 368, 2, '', '', 0, '', 0, 0),
(366, 369, 1, '', '', 0, '', 0, 1),
(367, 370, 2, '', '', 0, '', 0, 1),
(368, 371, 1, '', '', 0, '', 0, 1),
(369, 372, 2, '', '', 0, '', 0, 1),
(370, 373, 1, '', '', 0, '', 0, 1),
(371, 374, 2, '', '', 0, '', 0, 1),
(372, 375, 9, '', '', 0, '', 0, 0),
(373, 376, 2, '', '', 0, '', 0, 0),
(374, 377, 1, '', '', 0, '', 0, 1),
(375, 378, 2, '', '', 0, '', 0, 1),
(376, 379, 1, '', '', 0, '', 0, 1),
(377, 380, 2, '', '', 0, '', 0, 1),
(378, 381, 1, '', '', 0, '', 0, 1),
(379, 382, 2, '', '', 0, '', 0, 1),
(380, 383, 1, '', '', 0, '', 0, 1),
(381, 384, 2, '', '', 0, '', 0, 1),
(382, 385, 1, '', '', 0, '', 0, 1),
(383, 386, 2, '', '', 0, '', 0, 1),
(384, 387, 1, '', '', 0, '', 0, 0),
(385, 388, 1, '', '', 0, '', 0, 0),
(386, 389, 1, '', '', 0, '', 0, 1),
(387, 390, 1, '', '', 0, '', 0, 1),
(388, 391, 2, '', '', 0, '', 0, 1),
(389, 392, 1, '', '', 0, '', 0, 1),
(390, 393, 1, '', '', 0, '', 0, 0),
(391, 394, 1, '', '', 0, '', 0, 1),
(392, 395, 2, '', '', 0, '', 0, 1),
(393, 396, 1, '', '', 0, '', 0, 1),
(394, 397, 2, '', '', 0, '', 0, 1),
(395, 398, 1, '', '', 0, '', 0, 1),
(396, 399, 2, '', '', 0, '', 0, 1),
(397, 400, 1, '', '', 0, '', 0, 1),
(398, 401, 2, '', '', 0, '', 0, 1),
(399, 402, 1, '', '', 0, '', 0, 1),
(400, 403, 2, '', '', 0, '', 0, 1),
(401, 404, 1, '', '', 0, '', 0, 1),
(402, 405, 2, '', '', 0, '', 0, 1),
(403, 406, 1, '', '', 0, '', 0, 1),
(404, 407, 2, '', '', 0, '', 0, 1),
(405, 408, 1, '', '', 0, '', 0, 1),
(406, 409, 2, '', '', 0, '', 0, 1),
(407, 410, 1, '', '', 0, '', 0, 1),
(408, 411, 2, '', '', 0, '', 0, 1),
(409, 412, 1, '', '', 0, '', 0, 1),
(410, 413, 2, '', '', 0, '', 0, 1),
(411, 414, 1, '', '', 0, '', 0, 0),
(412, 415, 1, '', '', 0, '', 0, 0),
(413, 417, 1, '', '', 0, '', 1, 1),
(414, 418, 1, '', '', 0, '', 0, 0),
(415, 420, 1, '', '', 0, '', 1, 1),
(416, 421, 1, '', '', 0, '', 1, 1),
(417, 422, 1, '', '', 0, '', 0, 1),
(418, 423, 2, '', '', 0, '', 0, 1),
(419, 424, 1, '', '', 0, '', 0, 0),
(420, 425, 1, '', '', 0, '', 1, 1),
(421, 426, 2, '', '', 0, '', 0, 0),
(422, 427, 1, '', '', 0, '', 1, 1),
(423, 428, 2, '', '', 0, '', 0, 0),
(424, 430, 1, '', '', 0, '', 0, 1),
(425, 431, 2, '', '', 0, '', 0, 1),
(426, 434, 1, '', '', 0, '', 0, 1),
(427, 435, 2, '', '', 0, '', 0, 1),
(428, 438, 1, '', '', 0, '', 0, 1),
(429, 439, 2, '', '', 0, '', 0, 1),
(430, 440, 1, '', '', 0, '', 0, 1),
(431, 441, 2, '', '', 0, '', 0, 1),
(432, 443, 1, '', '', 0, '', 0, 1),
(433, 444, 2, '', '', 0, '', 0, 1),
(434, 445, 1, '', '', 0, '', 0, 1),
(435, 446, 2, '', '', 0, '', 0, 1),
(436, 450, 1, '', '', 0, '', 0, 1),
(437, 451, 2, '', '', 0, '', 0, 1),
(438, 455, 1, '', '', 0, '', 0, 0),
(439, 456, 2, '', '', 0, '', 0, 1),
(440, 457, 1, '', '', 0, '', 0, 1),
(441, 458, 2, '', '', 0, '', 0, 1),
(442, 465, 1, '', '', 0, '', 0, 1),
(443, 466, 2, '', '', 0, '', 0, 1),
(444, 467, 1, '', '', 0, '', 0, 1),
(445, 468, 2, '', '', 0, '', 0, 1),
(446, 469, 1, '', '', 0, '', 0, 1),
(447, 470, 2, '', '', 0, '', 0, 1),
(448, 473, 1, '', '', 0, '', 0, 1),
(449, 474, 2, '', '', 0, '', 0, 1),
(450, 475, 1, '', '', 0, '', 0, 1),
(451, 476, 2, '', '', 0, '', 0, 1),
(452, 477, 1, '', '', 0, '', 0, 1),
(453, 478, 2, '', '', 0, '', 0, 1),
(454, 480, 1, '', '', 0, '', 0, 1),
(455, 481, 2, '', '', 0, '', 0, 1),
(456, 488, 1, '', '', 0, '', 0, 1),
(457, 489, 2, '', '', 0, '', 0, 1),
(458, 490, 1, '', '', 0, '', 0, 1),
(459, 491, 2, '', '', 0, '', 0, 1),
(460, 493, 1, '', '', 0, '', 0, 1),
(461, 494, 2, '', '', 0, '', 0, 1),
(462, 495, 1, '', '', 0, '', 1, 1),
(463, 496, 1, '', '', 0, '', 0, 1),
(464, 497, 2, '', '', 0, '', 0, 1),
(465, 498, 1, '', '', 0, '', 0, 1),
(466, 499, 2, '', '', 0, '', 0, 1),
(467, 507, 1, '', '', 0, '', 0, 1),
(468, 508, 2, '', '', 0, '', 0, 1),
(469, 509, 1, '', '', 0, '', 0, 1),
(470, 510, 2, '', '', 0, '', 0, 1),
(471, 511, 1, '', '', 0, '', 0, 0),
(472, 512, 2, '', '', 0, '', 0, 1),
(473, 514, 1, '', '', 0, '', 0, 1),
(474, 515, 2, '', '', 0, '', 0, 1),
(475, 516, 1, '', '', 0, '', 0, 1),
(476, 517, 2, '', '', 0, '', 0, 1),
(477, 518, 1, '', '', 0, '', 0, 0),
(478, 519, 2, '', '', 0, '', 0, 1),
(479, 520, 1, '', '', 0, '', 0, 1),
(480, 521, 2, '', '', 0, '', 0, 1),
(481, 522, 1, '', '', 0, '', 0, 1),
(482, 523, 2, '', '', 0, '', 0, 1),
(483, 524, 1, '', '', 0, '', 0, 1),
(484, 525, 2, '', '', 0, '', 0, 1),
(485, 526, 1, '', '', 0, '', 0, 1),
(486, 527, 1, '', '', 0, '', 0, 1),
(487, 528, 1, '', '', 0, '', 0, 1),
(488, 529, 1, '', '', 0, '', 0, 1),
(489, 530, 1, '', '', 0, '', 0, 1),
(490, 531, 2, '', '', 0, '', 0, 1),
(491, 533, 1, '', '', 0, '', 0, 1),
(492, 534, 2, '', '', 0, '', 0, 1),
(493, 535, 1, '', '', 0, '', 0, 1),
(494, 536, 2, '', '', 0, '', 0, 1),
(495, 539, 1, '', '', 0, '', 0, 1),
(496, 540, 2, '', '', 0, '', 0, 1),
(497, 541, 1, '', '', 0, '', 0, 1),
(498, 542, 2, '', '', 0, '', 0, 1),
(499, 544, 1, '', '', 0, '', 0, 1),
(500, 545, 2, '', '', 0, '', 0, 1),
(501, 546, 1, '', '', 0, '', 0, 1),
(502, 547, 2, '', '', 0, '', 0, 1),
(503, 553, 1, '', '', 0, '', 0, 1),
(504, 554, 2, '', '', 0, '', 0, 1),
(505, 557, 1, '', '', 0, '', 0, 1),
(506, 578, 1, '', '', 0, '', 0, 1),
(507, 579, 2, '', '', 0, '', 0, 1),
(508, 581, 1, '', '', 0, '', 0, 1),
(509, 582, 2, '', '', 0, '', 0, 1),
(510, 583, 1, '', '', 0, '', 0, 1),
(511, 584, 1, '', '', 0, '', 0, 1),
(512, 589, 1, '', '', 0, '', 0, 1),
(513, 590, 1, '', '', 0, '', 0, 1),
(514, 597, 1, '', '', 0, '', 0, 1),
(515, 598, 2, '', '', 0, '', 0, 1),
(516, 599, 1, '', '', 0, '', 0, 1),
(517, 600, 2, '', '', 0, '', 0, 1),
(518, 604, 1, '', '', 0, '', 0, 1),
(519, 605, 1, '', '', 0, '', 0, 1),
(520, 606, 1, '', '', 0, '', 0, 1),
(521, 607, 1, '', '', 0, '', 0, 1),
(522, 608, 2, '', '', 0, '', 0, 1),
(523, 611, 1, '', '', 0, '', 0, 1),
(524, 612, 1, '', '', 0, '', 0, 1),
(525, 614, 1, '', '', 0, '', 0, 1),
(526, 615, 2, '', '', 0, '', 0, 1),
(527, 616, 1, '', '', 0, '', 0, 0),
(528, 617, 2, '', '', 0, '', 0, 0),
(529, 618, 1, '', '', 0, '', 0, 1),
(530, 619, 2, '', '', 0, '', 0, 1),
(531, 620, 1, '', '', 0, '', 0, 1);

-- --------------------------------------------------------

--
-- Estructura de tabla para la tabla `cuentas_recibir_detalle`
--

CREATE TABLE `cuentas_recibir_detalle` (
  `id_cuenta_recibir_detalle` int(11) NOT NULL,
  `id_cuenta_recibir_cabecera` int(11) NOT NULL,
  `monto_pagar` int(11) NOT NULL,
  `fecha_vencimiento` date NOT NULL,
  `monto_pagado` int(11) NOT NULL,
  `saldo` int(11) NOT NULL,
  `fecha_pagada` date DEFAULT NULL,
  `id_tipo_pago` int(11) NOT NULL,
  `nro_recibo` varchar(100) COLLATE utf8_unicode_ci NOT NULL,
  `descripcion` varchar(200) COLLATE utf8_unicode_ci NOT NULL,
  `id_sucursal` int(11) NOT NULL,
  `id_usuario` int(11) NOT NULL,
  `pagado` tinyint(1) NOT NULL,
  `nro_cuota` int(11) NOT NULL,
  `lote` int(11) DEFAULT NULL
) ENGINE=InnoDB DEFAULT CHARSET=utf8 COLLATE=utf8_unicode_ci;

--
-- Volcado de datos para la tabla `cuentas_recibir_detalle`
--

INSERT INTO `cuentas_recibir_detalle` (`id_cuenta_recibir_detalle`, `id_cuenta_recibir_cabecera`, `monto_pagar`, `fecha_vencimiento`, `monto_pagado`, `saldo`, `fecha_pagada`, `id_tipo_pago`, `nro_recibo`, `descripcion`, `id_sucursal`, `id_usuario`, `pagado`, `nro_cuota`, `lote`) VALUES
(81, 13, 250000, '2019-02-11', 250000, 0, '2019-02-11', 1, '', 'PAGO DE CUOTA', 1, 1, 1, 0, 1),
(82, 13, 160000, '2019-02-11', 0, 160000, NULL, 0, '', '', 1, 1, 0, 1, 0),
(83, 13, 160000, '2019-03-11', 0, 160000, NULL, 0, '', '', 1, 1, 0, 2, 0),
(84, 13, 160000, '2019-04-11', 0, 160000, NULL, 0, '', '', 1, 1, 0, 3, 0),
(85, 13, 160000, '2019-05-11', 0, 160000, NULL, 0, '', '', 1, 1, 0, 4, 0),
(86, 13, 160000, '2019-06-11', 0, 160000, NULL, 0, '', '', 1, 1, 0, 5, 0),
(87, 13, 160000, '2019-07-11', 0, 160000, NULL, 0, '', '', 1, 1, 0, 6, 0),
(88, 13, 160000, '2019-08-11', 0, 160000, NULL, 0, '', '', 1, 1, 0, 7, 0),
(89, 13, 160000, '2019-09-11', 0, 160000, NULL, 0, '', '', 1, 1, 0, 8, 0),
(90, 13, 160000, '2019-10-11', 0, 160000, NULL, 0, '', '', 1, 1, 0, 9, 0),
(91, 14, 35000, '2019-06-10', 35000, 0, '2019-02-11', 1, '', 'PAGO DE CUOTA', 1, 1, 1, 1, 1),
(92, 14, 35000, '2019-11-10', 35000, 0, '2019-02-11', 1, '', 'PAGO DE CUOTA', 1, 1, 1, 1, 1),
(93, 15, 250000, '2019-02-11', 250000, 0, '2019-02-11', 1, '', 'PAGO DE CUOTA', 1, 1, 1, 0, 1),
(94, 15, 160000, '2019-03-10', 0, 160000, NULL, 0, '', '', 1, 1, 0, 1, 0),
(95, 15, 160000, '2019-04-10', 0, 160000, NULL, 0, '', '', 1, 1, 0, 2, 0),
(96, 15, 160000, '2019-05-10', 0, 160000, NULL, 0, '', '', 1, 1, 0, 3, 0),
(97, 15, 160000, '2019-06-10', 0, 160000, NULL, 0, '', '', 1, 1, 0, 4, 0),
(98, 15, 160000, '2019-07-10', 0, 160000, NULL, 0, '', '', 1, 1, 0, 5, 0),
(99, 15, 160000, '2019-08-10', 0, 160000, NULL, 0, '', '', 1, 1, 0, 6, 0),
(100, 15, 160000, '2019-09-10', 0, 160000, NULL, 0, '', '', 1, 1, 0, 7, 0),
(101, 15, 160000, '2019-10-10', 0, 160000, NULL, 0, '', '', 1, 1, 0, 8, 0),
(102, 15, 160000, '2019-11-10', 0, 160000, NULL, 0, '', '', 1, 1, 0, 9, 0),
(103, 16, 35000, '2019-06-10', 35000, 0, '2019-02-11', 1, '', 'PAGO DE CUOTA', 1, 1, 1, 1, 1),
(104, 16, 35000, '2019-11-10', 0, 35000, NULL, 0, '', 'PAGO INICIAL', 1, 1, 0, 1, 1),
(105, 17, 250000, '2019-02-11', 0, 250000, NULL, 1, '', 'PAGO INICIAL', 1, 1, 0, 0, 1),
(106, 17, 200000, '2019-02-11', 0, 200000, NULL, 0, '', '', 1, 1, 0, 1, 0),
(107, 17, 200000, '2019-03-11', 0, 200000, NULL, 0, '', '', 1, 1, 0, 2, 0),
(108, 17, 200000, '2019-04-11', 0, 200000, NULL, 0, '', '', 1, 1, 0, 3, 0),
(109, 17, 200000, '2019-05-11', 0, 200000, NULL, 0, '', '', 1, 1, 0, 4, 0),
(110, 17, 200000, '2019-06-11', 0, 200000, NULL, 0, '', '', 1, 1, 0, 5, 0),
(111, 17, 200000, '2019-07-11', 0, 200000, NULL, 0, '', '', 1, 1, 0, 6, 0),
(112, 17, 200000, '2019-08-11', 0, 200000, NULL, 0, '', '', 1, 1, 0, 7, 0),
(113, 17, 200000, '2019-09-11', 0, 200000, NULL, 0, '', '', 1, 1, 0, 8, 0),
(114, 17, 200000, '2019-10-11', 0, 200000, NULL, 0, '', '', 1, 1, 0, 9, 0),
(115, 18, 35000, '2019-06-10', 0, 35000, NULL, 0, '', 'PAGO INICIAL', 1, 1, 0, 1, 1),
(116, 18, 35000, '2019-11-10', 0, 35000, NULL, 0, '', 'PAGO INICIAL', 1, 1, 0, 1, 1),
(117, 19, 250000, '2019-02-12', 250000, 0, '2019-02-12', 1, '', 'PAGO DE MATRICULA Y DERECHO DE EXAMEN', 1, 1, 1, 0, 1),
(118, 19, 150000, '2019-03-10', 150000, 0, '2019-03-08', 1, '8187', 'PAGO DE CUOTA MES DE MARZO', 1, 1, 1, 1, 4),
(119, 19, 150000, '2019-04-10', 0, 150000, NULL, 0, '', '', 1, 1, 0, 2, 0),
(120, 19, 150000, '2019-05-10', 0, 150000, NULL, 0, '', '', 1, 1, 0, 3, 0),
(121, 19, 150000, '2019-06-10', 0, 150000, NULL, 0, '', '', 1, 1, 0, 4, 0),
(122, 19, 150000, '2019-07-10', 0, 150000, NULL, 0, '', '', 1, 1, 0, 5, 0),
(123, 19, 150000, '2019-08-10', 0, 150000, NULL, 0, '', '', 1, 1, 0, 6, 0),
(124, 19, 150000, '2019-09-10', 0, 150000, NULL, 0, '', '', 1, 1, 0, 7, 0),
(125, 19, 150000, '2019-10-10', 0, 150000, NULL, 0, '', '', 1, 1, 0, 8, 0),
(126, 19, 150000, '2019-11-10', 0, 150000, NULL, 0, '', '', 1, 1, 0, 9, 0),
(127, 20, 35000, '2019-06-10', 35000, 0, '2019-02-12', 1, '', 'PAGO DE MATRICULA Y DERECHO DE EXAMEN', 1, 1, 1, 1, 1),
(128, 20, 35000, '2019-11-10', 0, 35000, NULL, 0, '', 'PAGO INICIAL', 1, 1, 0, 1, 1),
(129, 21, 200000, '2019-02-12', 200000, 0, '2019-02-12', 1, '', 'PAGO DE MATRICULA', 1, 1, 1, 0, 1),
(130, 21, 200000, '2019-03-10', 200000, 0, '2019-02-19', 1, '', 'PAGO DE MATRICULA', 1, 1, 1, 1, 2),
(131, 21, 200000, '2019-04-10', 0, 200000, NULL, 0, '', '', 1, 1, 0, 2, 0),
(132, 21, 200000, '2019-05-10', 0, 200000, NULL, 0, '', '', 1, 1, 0, 3, 0),
(133, 21, 200000, '2019-06-10', 0, 200000, NULL, 0, '', '', 1, 1, 0, 4, 0),
(134, 21, 200000, '2019-07-10', 0, 200000, NULL, 0, '', '', 1, 1, 0, 5, 0),
(135, 21, 200000, '2019-08-10', 0, 200000, NULL, 0, '', '', 1, 1, 0, 6, 0),
(136, 21, 200000, '2019-09-10', 0, 200000, NULL, 0, '', '', 1, 1, 0, 7, 0),
(137, 21, 200000, '2019-10-10', 0, 200000, NULL, 0, '', '', 1, 1, 0, 8, 0),
(138, 21, 200000, '2019-11-10', 0, 200000, NULL, 0, '', '', 1, 1, 0, 9, 0),
(139, 22, 35000, '2019-06-10', 0, 35000, NULL, 0, '', 'PAGO INICIAL', 1, 1, 0, 1, 1),
(140, 22, 35000, '2019-11-10', 0, 35000, NULL, 0, '', 'PAGO INICIAL', 1, 1, 0, 1, 1),
(141, 23, 200000, '2019-02-12', 0, 200000, NULL, 1, '', 'PAGO INICIAL', 1, 1, 0, 0, 1),
(142, 23, 200000, '2019-03-10', 0, 200000, NULL, 0, '', '', 1, 1, 0, 1, 0),
(143, 23, 200000, '2019-04-10', 0, 200000, NULL, 0, '', '', 1, 1, 0, 2, 0),
(144, 23, 200000, '2019-05-10', 0, 200000, NULL, 0, '', '', 1, 1, 0, 3, 0),
(145, 23, 200000, '2019-06-10', 0, 200000, NULL, 0, '', '', 1, 1, 0, 4, 0),
(146, 23, 200000, '2019-07-10', 0, 200000, NULL, 0, '', '', 1, 1, 0, 5, 0),
(147, 23, 200000, '2019-08-10', 0, 200000, NULL, 0, '', '', 1, 1, 0, 6, 0),
(148, 23, 200000, '2019-09-10', 0, 200000, NULL, 0, '', '', 1, 1, 0, 7, 0),
(149, 23, 200000, '2019-10-10', 0, 200000, NULL, 0, '', '', 1, 1, 0, 8, 0),
(150, 23, 200000, '2019-11-10', 0, 200000, NULL, 0, '', '', 1, 1, 0, 9, 0),
(151, 24, 35000, '2019-06-10', 0, 35000, NULL, 0, '', 'PAGO INICIAL', 1, 1, 0, 1, 1),
(152, 24, 35000, '2019-11-10', 0, 35000, NULL, 0, '', 'PAGO INICIAL', 1, 1, 0, 1, 1),
(153, 25, 200000, '2019-02-12', 0, 200000, NULL, 1, '', 'PAGO INICIAL', 1, 1, 0, 0, 1),
(154, 25, 150000, '2019-03-10', 0, 150000, NULL, 0, '', '', 1, 1, 0, 1, 0),
(155, 25, 150000, '2019-04-10', 0, 150000, NULL, 0, '', '', 1, 1, 0, 2, 0),
(156, 25, 150000, '2019-05-10', 0, 150000, NULL, 0, '', '', 1, 1, 0, 3, 0),
(157, 25, 150000, '2019-06-10', 0, 150000, NULL, 0, '', '', 1, 1, 0, 4, 0),
(158, 25, 150000, '2019-07-10', 0, 150000, NULL, 0, '', '', 1, 1, 0, 5, 0),
(159, 25, 150000, '2019-08-10', 0, 150000, NULL, 0, '', '', 1, 1, 0, 6, 0),
(160, 25, 150000, '2019-09-10', 0, 150000, NULL, 0, '', '', 1, 1, 0, 7, 0),
(161, 25, 150000, '2019-10-10', 0, 150000, NULL, 0, '', '', 1, 1, 0, 8, 0),
(162, 25, 150000, '2019-11-10', 0, 150000, NULL, 0, '', '', 1, 1, 0, 9, 0),
(163, 26, 35000, '2019-06-10', 0, 35000, NULL, 0, '', 'PAGO INICIAL', 1, 1, 0, 1, 1),
(164, 26, 35000, '2019-11-10', 0, 35000, NULL, 0, '', 'PAGO INICIAL', 1, 1, 0, 1, 1),
(165, 27, 200000, '2019-02-12', 200000, 0, '2019-02-19', 1, '', 'PAGO DE MATRICULA', 1, 1, 1, 0, 2),
(166, 27, 150000, '2019-03-10', 150000, 0, '2019-03-09', 1, '8195', 'PAGO DE CUOTA MES DE MARZO', 1, 1, 1, 1, 4),
(167, 27, 150000, '2019-04-10', 0, 150000, NULL, 0, '', '', 1, 1, 0, 2, 0),
(168, 27, 150000, '2019-05-10', 0, 150000, NULL, 0, '', '', 1, 1, 0, 3, 0),
(169, 27, 150000, '2019-06-10', 0, 150000, NULL, 0, '', '', 1, 1, 0, 4, 0),
(170, 27, 150000, '2019-07-10', 0, 150000, NULL, 0, '', '', 1, 1, 0, 5, 0),
(171, 27, 150000, '2019-08-10', 0, 150000, NULL, 0, '', '', 1, 1, 0, 6, 0),
(172, 27, 150000, '2019-09-10', 0, 150000, NULL, 0, '', '', 1, 1, 0, 7, 0),
(173, 27, 150000, '2019-10-10', 0, 150000, NULL, 0, '', '', 1, 1, 0, 8, 0),
(174, 27, 150000, '2019-11-10', 0, 150000, NULL, 0, '', '', 1, 1, 0, 9, 0),
(175, 28, 35000, '2019-06-10', 0, 35000, NULL, 0, '', 'PAGO INICIAL', 1, 1, 0, 1, 1),
(176, 28, 35000, '2019-11-10', 0, 35000, NULL, 0, '', 'PAGO INICIAL', 1, 1, 0, 1, 1),
(177, 29, 200000, '2019-02-12', 200000, 0, '2019-02-19', 1, '', 'PAGO DE MATRICULA', 1, 1, 1, 0, 2),
(178, 29, 200000, '2019-03-10', 0, 200000, NULL, 0, '', '', 1, 1, 0, 1, 0),
(179, 29, 200000, '2019-04-10', 0, 200000, NULL, 0, '', '', 1, 1, 0, 2, 0),
(180, 29, 200000, '2019-05-10', 0, 200000, NULL, 0, '', '', 1, 1, 0, 3, 0),
(181, 29, 200000, '2019-06-10', 0, 200000, NULL, 0, '', '', 1, 1, 0, 4, 0),
(182, 29, 200000, '2019-07-10', 0, 200000, NULL, 0, '', '', 1, 1, 0, 5, 0),
(183, 29, 200000, '2019-08-10', 0, 200000, NULL, 0, '', '', 1, 1, 0, 6, 0),
(184, 29, 200000, '2019-09-10', 0, 200000, NULL, 0, '', '', 1, 1, 0, 7, 0),
(185, 29, 200000, '2019-10-10', 0, 200000, NULL, 0, '', '', 1, 1, 0, 8, 0),
(186, 29, 200000, '2019-11-10', 0, 200000, NULL, 0, '', '', 1, 1, 0, 9, 0),
(187, 30, 35000, '2019-06-10', 0, 35000, NULL, 0, '', 'PAGO INICIAL', 1, 1, 0, 1, 1),
(188, 30, 35000, '2019-11-10', 0, 35000, NULL, 0, '', 'PAGO INICIAL', 1, 1, 0, 1, 1),
(189, 31, 200000, '2019-02-12', 0, 200000, NULL, 1, '', 'PAGO INICIAL', 1, 1, 0, 0, 1),
(190, 31, 200000, '2019-03-10', 0, 200000, NULL, 0, '', '', 1, 1, 0, 1, 0),
(191, 31, 200000, '2019-04-10', 0, 200000, NULL, 0, '', '', 1, 1, 0, 2, 0),
(192, 31, 200000, '2019-05-10', 0, 200000, NULL, 0, '', '', 1, 1, 0, 3, 0),
(193, 31, 200000, '2019-06-10', 0, 200000, NULL, 0, '', '', 1, 1, 0, 4, 0),
(194, 31, 200000, '2019-07-10', 0, 200000, NULL, 0, '', '', 1, 1, 0, 5, 0),
(195, 31, 200000, '2019-08-10', 0, 200000, NULL, 0, '', '', 1, 1, 0, 6, 0),
(196, 31, 200000, '2019-09-10', 0, 200000, NULL, 0, '', '', 1, 1, 0, 7, 0),
(197, 31, 200000, '2019-10-10', 0, 200000, NULL, 0, '', '', 1, 1, 0, 8, 0),
(198, 31, 200000, '2019-11-10', 0, 200000, NULL, 0, '', '', 1, 1, 0, 9, 0),
(199, 32, 35000, '2019-06-10', 0, 35000, NULL, 0, '', 'PAGO INICIAL', 1, 1, 0, 1, 1),
(200, 32, 35000, '2019-11-10', 0, 35000, NULL, 0, '', 'PAGO INICIAL', 1, 1, 0, 1, 1),
(201, 33, 200000, '2019-02-12', 0, 200000, NULL, 1, '', 'PAGO INICIAL', 1, 1, 0, 0, 1),
(202, 33, 200000, '2019-03-10', 0, 200000, NULL, 0, '', '', 1, 1, 0, 1, 0),
(203, 33, 200000, '2019-04-10', 0, 200000, NULL, 0, '', '', 1, 1, 0, 2, 0),
(204, 33, 200000, '2019-05-10', 0, 200000, NULL, 0, '', '', 1, 1, 0, 3, 0),
(205, 33, 200000, '2019-06-10', 0, 200000, NULL, 0, '', '', 1, 1, 0, 4, 0),
(206, 33, 200000, '2019-07-10', 0, 200000, NULL, 0, '', '', 1, 1, 0, 5, 0),
(207, 33, 200000, '2019-08-10', 0, 200000, NULL, 0, '', '', 1, 1, 0, 6, 0),
(208, 33, 200000, '2019-09-10', 0, 200000, NULL, 0, '', '', 1, 1, 0, 7, 0),
(209, 33, 200000, '2019-10-10', 0, 200000, NULL, 0, '', '', 1, 1, 0, 8, 0),
(210, 33, 200000, '2019-11-10', 0, 200000, NULL, 0, '', '', 1, 1, 0, 9, 0),
(211, 34, 35000, '2019-06-10', 0, 35000, NULL, 0, '', 'PAGO INICIAL', 1, 1, 0, 1, 1),
(212, 34, 35000, '2019-11-10', 0, 35000, NULL, 0, '', 'PAGO INICIAL', 1, 1, 0, 1, 1),
(213, 35, 200000, '2019-02-12', 200000, 0, '2019-02-19', 1, '', 'PAGO DE MATRICULA', 1, 1, 1, 0, 2),
(214, 35, 150000, '2019-03-10', 0, 150000, NULL, 0, '', '', 1, 1, 0, 1, 0),
(215, 35, 150000, '2019-04-10', 0, 150000, NULL, 0, '', '', 1, 1, 0, 2, 0),
(216, 35, 150000, '2019-05-10', 0, 150000, NULL, 0, '', '', 1, 1, 0, 3, 0),
(217, 35, 150000, '2019-06-10', 0, 150000, NULL, 0, '', '', 1, 1, 0, 4, 0),
(218, 35, 150000, '2019-07-10', 0, 150000, NULL, 0, '', '', 1, 1, 0, 5, 0),
(219, 35, 150000, '2019-08-10', 0, 150000, NULL, 0, '', '', 1, 1, 0, 6, 0),
(220, 35, 150000, '2019-09-10', 0, 150000, NULL, 0, '', '', 1, 1, 0, 7, 0),
(221, 35, 150000, '2019-10-10', 0, 150000, NULL, 0, '', '', 1, 1, 0, 8, 0),
(222, 35, 150000, '2019-11-10', 0, 150000, NULL, 0, '', '', 1, 1, 0, 9, 0),
(223, 36, 35000, '2019-06-10', 0, 35000, NULL, 0, '', 'PAGO INICIAL', 1, 1, 0, 1, 1),
(224, 36, 35000, '2019-11-10', 0, 35000, NULL, 0, '', 'PAGO INICIAL', 1, 1, 0, 1, 1),
(225, 37, 200000, '2019-02-12', 200000, 0, '2019-03-08', 1, '8182', 'PAGO DE MATRICULA', 1, 1, 1, 0, 4),
(226, 37, 150000, '2019-03-10', 150000, 0, '2019-03-08', 1, '8182', 'PAGO DE CUOTA MES DE MARZO', 1, 1, 1, 1, 4),
(227, 37, 150000, '2019-04-10', 0, 150000, NULL, 0, '', '', 1, 1, 0, 2, 0),
(228, 37, 150000, '2019-05-10', 0, 150000, NULL, 0, '', '', 1, 1, 0, 3, 0),
(229, 37, 150000, '2019-06-10', 0, 150000, NULL, 0, '', '', 1, 1, 0, 4, 0),
(230, 37, 150000, '2019-07-10', 0, 150000, NULL, 0, '', '', 1, 1, 0, 5, 0),
(231, 37, 150000, '2019-08-10', 0, 150000, NULL, 0, '', '', 1, 1, 0, 6, 0),
(232, 37, 150000, '2019-09-10', 0, 150000, NULL, 0, '', '', 1, 1, 0, 7, 0),
(233, 37, 150000, '2019-10-10', 0, 150000, NULL, 0, '', '', 1, 1, 0, 8, 0),
(234, 37, 150000, '2019-11-10', 0, 150000, NULL, 0, '', '', 1, 1, 0, 9, 0),
(235, 38, 35000, '2019-06-10', 0, 35000, NULL, 0, '', 'PAGO INICIAL', 1, 1, 0, 1, 1),
(236, 38, 35000, '2019-11-10', 0, 35000, NULL, 0, '', 'PAGO INICIAL', 1, 1, 0, 1, 1),
(237, 39, 200000, '2019-02-12', 0, 200000, NULL, 1, '', 'PAGO INICIAL', 1, 1, 0, 0, 1),
(238, 39, 150000, '2019-02-12', 0, 150000, NULL, 0, '', '', 1, 1, 0, 1, 0),
(239, 39, 150000, '2019-03-12', 0, 150000, NULL, 0, '', '', 1, 1, 0, 2, 0),
(240, 39, 150000, '2019-04-12', 0, 150000, NULL, 0, '', '', 1, 1, 0, 3, 0),
(241, 39, 150000, '2019-05-12', 0, 150000, NULL, 0, '', '', 1, 1, 0, 4, 0),
(242, 39, 150000, '2019-06-12', 0, 150000, NULL, 0, '', '', 1, 1, 0, 5, 0),
(243, 39, 150000, '2019-07-12', 0, 150000, NULL, 0, '', '', 1, 1, 0, 6, 0),
(244, 39, 150000, '2019-08-12', 0, 150000, NULL, 0, '', '', 1, 1, 0, 7, 0),
(245, 39, 150000, '2019-09-12', 0, 150000, NULL, 0, '', '', 1, 1, 0, 8, 0),
(246, 39, 150000, '2019-10-12', 0, 150000, NULL, 0, '', '', 1, 1, 0, 9, 0),
(247, 40, 35000, '2019-06-10', 0, 35000, NULL, 0, '', 'PAGO INICIAL', 1, 1, 0, 1, 1),
(248, 40, 35000, '2019-11-10', 0, 35000, NULL, 0, '', 'PAGO INICIAL', 1, 1, 0, 1, 1),
(249, 41, 250000, '2019-02-12', 0, 250000, NULL, 1, '', 'PAGO INICIAL', 1, 1, 0, 0, 1),
(250, 41, 150000, '2019-03-10', 0, 150000, NULL, 0, '', '', 1, 1, 0, 1, 0),
(251, 41, 150000, '2019-04-10', 0, 150000, NULL, 0, '', '', 1, 1, 0, 2, 0),
(252, 41, 150000, '2019-05-10', 0, 150000, NULL, 0, '', '', 1, 1, 0, 3, 0),
(253, 41, 150000, '2019-06-10', 0, 150000, NULL, 0, '', '', 1, 1, 0, 4, 0),
(254, 41, 150000, '2019-07-10', 0, 150000, NULL, 0, '', '', 1, 1, 0, 5, 0),
(255, 41, 150000, '2019-08-10', 0, 150000, NULL, 0, '', '', 1, 1, 0, 6, 0),
(256, 41, 150000, '2019-09-10', 0, 150000, NULL, 0, '', '', 1, 1, 0, 7, 0),
(257, 41, 150000, '2019-10-10', 0, 150000, NULL, 0, '', '', 1, 1, 0, 8, 0),
(258, 41, 150000, '2019-11-10', 0, 150000, NULL, 0, '', '', 1, 1, 0, 9, 0),
(259, 42, 35000, '2019-06-10', 0, 35000, NULL, 0, '', 'PAGO INICIAL', 1, 1, 0, 1, 1),
(260, 42, 35000, '2019-11-10', 0, 35000, NULL, 0, '', 'PAGO INICIAL', 1, 1, 0, 1, 1),
(261, 43, 250000, '2019-02-12', 0, 250000, NULL, 1, '', 'PAGO INICIAL', 1, 1, 0, 0, 1),
(262, 43, 150000, '2019-03-10', 0, 150000, NULL, 0, '', '', 1, 1, 0, 1, 0),
(263, 43, 150000, '2019-04-10', 0, 150000, NULL, 0, '', '', 1, 1, 0, 2, 0),
(264, 43, 150000, '2019-05-10', 0, 150000, NULL, 0, '', '', 1, 1, 0, 3, 0),
(265, 43, 150000, '2019-06-10', 0, 150000, NULL, 0, '', '', 1, 1, 0, 4, 0),
(266, 43, 150000, '2019-07-10', 0, 150000, NULL, 0, '', '', 1, 1, 0, 5, 0),
(267, 43, 150000, '2019-08-10', 0, 150000, NULL, 0, '', '', 1, 1, 0, 6, 0),
(268, 43, 150000, '2019-09-10', 0, 150000, NULL, 0, '', '', 1, 1, 0, 7, 0),
(269, 43, 150000, '2019-10-10', 0, 150000, NULL, 0, '', '', 1, 1, 0, 8, 0),
(270, 43, 150000, '2019-11-10', 0, 150000, NULL, 0, '', '', 1, 1, 0, 9, 0),
(271, 44, 35000, '2019-06-10', 0, 35000, NULL, 0, '', 'PAGO INICIAL', 1, 1, 0, 1, 1),
(272, 44, 35000, '2019-11-10', 0, 35000, NULL, 0, '', 'PAGO INICIAL', 1, 1, 0, 1, 1),
(273, 45, 200000, '2019-02-12', 0, 200000, NULL, 1, '', 'PAGO INICIAL', 1, 1, 0, 0, 1),
(274, 45, 200000, '2019-03-10', 0, 200000, NULL, 0, '', '', 1, 1, 0, 1, 0),
(275, 45, 200000, '2019-04-10', 0, 200000, NULL, 0, '', '', 1, 1, 0, 2, 0),
(276, 45, 200000, '2019-05-10', 0, 200000, NULL, 0, '', '', 1, 1, 0, 3, 0),
(277, 45, 200000, '2019-06-10', 0, 200000, NULL, 0, '', '', 1, 1, 0, 4, 0),
(278, 45, 200000, '2019-07-10', 0, 200000, NULL, 0, '', '', 1, 1, 0, 5, 0),
(279, 45, 200000, '2019-08-10', 0, 200000, NULL, 0, '', '', 1, 1, 0, 6, 0),
(280, 45, 200000, '2019-09-10', 0, 200000, NULL, 0, '', '', 1, 1, 0, 7, 0),
(281, 45, 200000, '2019-10-10', 0, 200000, NULL, 0, '', '', 1, 1, 0, 8, 0),
(282, 45, 200000, '2019-11-10', 0, 200000, NULL, 0, '', '', 1, 1, 0, 9, 0),
(283, 46, 35000, '2019-06-10', 0, 35000, NULL, 0, '', 'PAGO INICIAL', 1, 1, 0, 1, 1),
(284, 46, 35000, '2019-11-10', 0, 35000, NULL, 0, '', 'PAGO INICIAL', 1, 1, 0, 1, 1),
(285, 47, 200000, '2019-02-12', 0, 200000, NULL, 1, '', 'PAGO INICIAL', 1, 1, 0, 0, 1),
(286, 47, 150000, '2019-03-10', 0, 150000, NULL, 0, '', '', 1, 1, 0, 1, 0),
(287, 47, 150000, '2019-04-10', 0, 150000, NULL, 0, '', '', 1, 1, 0, 2, 0),
(288, 47, 150000, '2019-05-10', 0, 150000, NULL, 0, '', '', 1, 1, 0, 3, 0),
(289, 47, 150000, '2019-06-10', 0, 150000, NULL, 0, '', '', 1, 1, 0, 4, 0),
(290, 47, 150000, '2019-07-10', 0, 150000, NULL, 0, '', '', 1, 1, 0, 5, 0),
(291, 47, 150000, '2019-08-10', 0, 150000, NULL, 0, '', '', 1, 1, 0, 6, 0),
(292, 47, 150000, '2019-09-10', 0, 150000, NULL, 0, '', '', 1, 1, 0, 7, 0),
(293, 47, 150000, '2019-10-10', 0, 150000, NULL, 0, '', '', 1, 1, 0, 8, 0),
(294, 47, 150000, '2019-11-10', 0, 150000, NULL, 0, '', '', 1, 1, 0, 9, 0),
(295, 48, 35000, '2019-06-10', 0, 35000, NULL, 0, '', 'PAGO INICIAL', 1, 1, 0, 1, 1),
(296, 48, 35000, '2019-11-10', 0, 35000, NULL, 0, '', 'PAGO INICIAL', 1, 1, 0, 1, 1),
(297, 49, 200000, '2019-02-12', 0, 200000, NULL, 1, '', 'PAGO INICIAL', 1, 1, 0, 0, 1),
(298, 49, 150000, '2019-03-10', 0, 150000, NULL, 0, '', '', 1, 1, 0, 1, 0),
(299, 49, 150000, '2019-04-10', 0, 150000, NULL, 0, '', '', 1, 1, 0, 2, 0),
(300, 49, 150000, '2019-05-10', 0, 150000, NULL, 0, '', '', 1, 1, 0, 3, 0),
(301, 49, 150000, '2019-06-10', 0, 150000, NULL, 0, '', '', 1, 1, 0, 4, 0),
(302, 49, 150000, '2019-07-10', 0, 150000, NULL, 0, '', '', 1, 1, 0, 5, 0),
(303, 49, 150000, '2019-08-10', 0, 150000, NULL, 0, '', '', 1, 1, 0, 6, 0),
(304, 49, 150000, '2019-09-10', 0, 150000, NULL, 0, '', '', 1, 1, 0, 7, 0),
(305, 49, 150000, '2019-10-10', 0, 150000, NULL, 0, '', '', 1, 1, 0, 8, 0),
(306, 49, 150000, '2019-11-10', 0, 150000, NULL, 0, '', '', 1, 1, 0, 9, 0),
(307, 50, 35000, '2019-06-10', 0, 35000, NULL, 0, '', 'PAGO INICIAL', 1, 1, 0, 1, 1),
(308, 50, 35000, '2019-11-10', 0, 35000, NULL, 0, '', 'PAGO INICIAL', 1, 1, 0, 1, 1),
(309, 51, 200000, '2019-02-12', 0, 200000, NULL, 1, '', 'PAGO INICIAL', 1, 1, 0, 0, 1),
(310, 51, 200000, '2019-03-10', 0, 200000, NULL, 0, '', '', 1, 1, 0, 1, 0),
(311, 51, 200000, '2019-04-10', 0, 200000, NULL, 0, '', '', 1, 1, 0, 2, 0),
(312, 51, 200000, '2019-05-10', 0, 200000, NULL, 0, '', '', 1, 1, 0, 3, 0),
(313, 51, 200000, '2019-06-10', 0, 200000, NULL, 0, '', '', 1, 1, 0, 4, 0),
(314, 51, 200000, '2019-07-10', 0, 200000, NULL, 0, '', '', 1, 1, 0, 5, 0),
(315, 51, 200000, '2019-08-10', 0, 200000, NULL, 0, '', '', 1, 1, 0, 6, 0),
(316, 51, 200000, '2019-09-10', 0, 200000, NULL, 0, '', '', 1, 1, 0, 7, 0),
(317, 51, 200000, '2019-10-10', 0, 200000, NULL, 0, '', '', 1, 1, 0, 8, 0),
(318, 51, 200000, '2019-11-10', 0, 200000, NULL, 0, '', '', 1, 1, 0, 9, 0),
(319, 52, 35000, '2019-06-10', 0, 35000, NULL, 0, '', 'PAGO INICIAL', 1, 1, 0, 1, 1),
(320, 52, 35000, '2019-11-10', 0, 35000, NULL, 0, '', 'PAGO INICIAL', 1, 1, 0, 1, 1),
(321, 53, 200000, '2019-02-12', 0, 200000, NULL, 1, '', 'PAGO INICIAL', 1, 1, 0, 0, 1),
(322, 53, 200000, '2019-03-10', 0, 200000, NULL, 0, '', '', 1, 1, 0, 1, 0),
(323, 53, 200000, '2019-04-10', 0, 200000, NULL, 0, '', '', 1, 1, 0, 2, 0),
(324, 53, 200000, '2019-05-10', 0, 200000, NULL, 0, '', '', 1, 1, 0, 3, 0),
(325, 53, 200000, '2019-06-10', 0, 200000, NULL, 0, '', '', 1, 1, 0, 4, 0),
(326, 53, 200000, '2019-07-10', 0, 200000, NULL, 0, '', '', 1, 1, 0, 5, 0),
(327, 53, 200000, '2019-08-10', 0, 200000, NULL, 0, '', '', 1, 1, 0, 6, 0),
(328, 53, 200000, '2019-09-10', 0, 200000, NULL, 0, '', '', 1, 1, 0, 7, 0),
(329, 53, 200000, '2019-10-10', 0, 200000, NULL, 0, '', '', 1, 1, 0, 8, 0),
(330, 53, 200000, '2019-11-10', 0, 200000, NULL, 0, '', '', 1, 1, 0, 9, 0),
(331, 54, 35000, '2019-06-10', 0, 35000, NULL, 0, '', 'PAGO INICIAL', 1, 1, 0, 1, 1),
(332, 54, 35000, '2019-11-10', 0, 35000, NULL, 0, '', 'PAGO INICIAL', 1, 1, 0, 1, 1),
(333, 55, 200000, '2019-02-12', 0, 200000, NULL, 1, '', 'PAGO INICIAL', 1, 1, 0, 0, 1),
(334, 55, 200000, '2019-03-10', 0, 200000, NULL, 0, '', '', 1, 1, 0, 1, 0),
(335, 55, 200000, '2019-04-10', 0, 200000, NULL, 0, '', '', 1, 1, 0, 2, 0),
(336, 55, 200000, '2019-05-10', 0, 200000, NULL, 0, '', '', 1, 1, 0, 3, 0),
(337, 55, 200000, '2019-06-10', 0, 200000, NULL, 0, '', '', 1, 1, 0, 4, 0),
(338, 55, 200000, '2019-07-10', 0, 200000, NULL, 0, '', '', 1, 1, 0, 5, 0),
(339, 55, 200000, '2019-08-10', 0, 200000, NULL, 0, '', '', 1, 1, 0, 6, 0),
(340, 55, 200000, '2019-09-10', 0, 200000, NULL, 0, '', '', 1, 1, 0, 7, 0),
(341, 55, 200000, '2019-10-10', 0, 200000, NULL, 0, '', '', 1, 1, 0, 8, 0),
(342, 55, 200000, '2019-11-10', 0, 200000, NULL, 0, '', '', 1, 1, 0, 9, 0),
(343, 56, 35000, '2019-06-10', 0, 35000, NULL, 0, '', 'PAGO INICIAL', 1, 1, 0, 1, 1),
(344, 56, 35000, '2019-11-10', 0, 35000, NULL, 0, '', 'PAGO INICIAL', 1, 1, 0, 1, 1),
(345, 57, 200000, '2019-02-12', 0, 200000, NULL, 1, '', 'PAGO INICIAL', 1, 1, 0, 0, 1),
(346, 57, 150000, '2019-03-10', 0, 150000, NULL, 0, '', '', 1, 1, 0, 1, 0),
(347, 57, 150000, '2019-04-10', 0, 150000, NULL, 0, '', '', 1, 1, 0, 2, 0),
(348, 57, 150000, '2019-05-10', 0, 150000, NULL, 0, '', '', 1, 1, 0, 3, 0),
(349, 57, 150000, '2019-06-10', 0, 150000, NULL, 0, '', '', 1, 1, 0, 4, 0),
(350, 57, 150000, '2019-07-10', 0, 150000, NULL, 0, '', '', 1, 1, 0, 5, 0),
(351, 57, 150000, '2019-08-10', 0, 150000, NULL, 0, '', '', 1, 1, 0, 6, 0),
(352, 57, 150000, '2019-09-10', 0, 150000, NULL, 0, '', '', 1, 1, 0, 7, 0),
(353, 57, 150000, '2019-10-10', 0, 150000, NULL, 0, '', '', 1, 1, 0, 8, 0),
(354, 57, 150000, '2019-11-10', 0, 150000, NULL, 0, '', '', 1, 1, 0, 9, 0),
(355, 58, 35000, '2019-06-10', 0, 35000, NULL, 0, '', 'PAGO INICIAL', 1, 1, 0, 1, 1),
(356, 58, 35000, '2019-11-10', 0, 35000, NULL, 0, '', 'PAGO INICIAL', 1, 1, 0, 1, 1),
(357, 59, 200000, '2019-02-12', 0, 200000, NULL, 1, '', 'PAGO INICIAL', 1, 1, 0, 0, 1),
(358, 59, 150000, '2019-03-10', 0, 150000, NULL, 0, '', '', 1, 1, 0, 1, 0),
(359, 59, 150000, '2019-04-10', 0, 150000, NULL, 0, '', '', 1, 1, 0, 2, 0),
(360, 59, 150000, '2019-05-10', 0, 150000, NULL, 0, '', '', 1, 1, 0, 3, 0),
(361, 59, 150000, '2019-06-10', 0, 150000, NULL, 0, '', '', 1, 1, 0, 4, 0),
(362, 59, 150000, '2019-07-10', 0, 150000, NULL, 0, '', '', 1, 1, 0, 5, 0),
(363, 59, 150000, '2019-08-10', 0, 150000, NULL, 0, '', '', 1, 1, 0, 6, 0),
(364, 59, 150000, '2019-09-10', 0, 150000, NULL, 0, '', '', 1, 1, 0, 7, 0),
(365, 59, 150000, '2019-10-10', 0, 150000, NULL, 0, '', '', 1, 1, 0, 8, 0),
(366, 59, 150000, '2019-11-10', 0, 150000, NULL, 0, '', '', 1, 1, 0, 9, 0),
(367, 60, 35000, '2019-06-10', 0, 35000, NULL, 0, '', 'PAGO INICIAL', 1, 1, 0, 1, 1),
(368, 60, 35000, '2019-11-10', 0, 35000, NULL, 0, '', 'PAGO INICIAL', 1, 1, 0, 1, 1),
(369, 61, 200000, '2019-02-12', 0, 200000, NULL, 1, '', 'PAGO INICIAL', 1, 1, 0, 0, 1),
(370, 61, 150000, '2019-03-10', 0, 150000, NULL, 0, '', '', 1, 1, 0, 1, 0),
(371, 61, 150000, '2019-04-10', 0, 150000, NULL, 0, '', '', 1, 1, 0, 2, 0),
(372, 61, 150000, '2019-05-10', 0, 150000, NULL, 0, '', '', 1, 1, 0, 3, 0),
(373, 61, 150000, '2019-06-10', 0, 150000, NULL, 0, '', '', 1, 1, 0, 4, 0),
(374, 61, 150000, '2019-07-10', 0, 150000, NULL, 0, '', '', 1, 1, 0, 5, 0),
(375, 61, 150000, '2019-08-10', 0, 150000, NULL, 0, '', '', 1, 1, 0, 6, 0),
(376, 61, 150000, '2019-09-10', 0, 150000, NULL, 0, '', '', 1, 1, 0, 7, 0),
(377, 61, 150000, '2019-10-10', 0, 150000, NULL, 0, '', '', 1, 1, 0, 8, 0),
(378, 61, 150000, '2019-11-10', 0, 150000, NULL, 0, '', '', 1, 1, 0, 9, 0),
(379, 62, 35000, '2019-06-10', 0, 35000, NULL, 0, '', 'PAGO INICIAL', 1, 1, 0, 1, 1),
(380, 62, 35000, '2019-11-10', 0, 35000, NULL, 0, '', 'PAGO INICIAL', 1, 1, 0, 1, 1),
(381, 63, 200000, '2019-02-12', 0, 200000, NULL, 1, '', 'PAGO INICIAL', 1, 1, 0, 0, 1),
(382, 63, 150000, '2019-03-10', 0, 150000, NULL, 0, '', '', 1, 1, 0, 1, 0),
(383, 63, 150000, '2019-04-10', 0, 150000, NULL, 0, '', '', 1, 1, 0, 2, 0),
(384, 63, 150000, '2019-05-10', 0, 150000, NULL, 0, '', '', 1, 1, 0, 3, 0),
(385, 63, 150000, '2019-06-10', 0, 150000, NULL, 0, '', '', 1, 1, 0, 4, 0),
(386, 63, 150000, '2019-07-10', 0, 150000, NULL, 0, '', '', 1, 1, 0, 5, 0),
(387, 63, 150000, '2019-08-10', 0, 150000, NULL, 0, '', '', 1, 1, 0, 6, 0),
(388, 63, 150000, '2019-09-10', 0, 150000, NULL, 0, '', '', 1, 1, 0, 7, 0),
(389, 63, 150000, '2019-10-10', 0, 150000, NULL, 0, '', '', 1, 1, 0, 8, 0),
(390, 63, 150000, '2019-11-10', 0, 150000, NULL, 0, '', '', 1, 1, 0, 9, 0),
(391, 64, 35000, '2019-06-10', 0, 35000, NULL, 0, '', 'PAGO INICIAL', 1, 1, 0, 1, 1),
(392, 64, 35000, '2019-11-10', 0, 35000, NULL, 0, '', 'PAGO INICIAL', 1, 1, 0, 1, 1),
(393, 65, 200000, '2019-02-12', 0, 200000, NULL, 1, '', 'PAGO INICIAL', 1, 1, 0, 0, 1),
(394, 65, 150000, '2019-03-10', 0, 150000, NULL, 0, '', '', 1, 1, 0, 1, 0),
(395, 65, 150000, '2019-04-10', 0, 150000, NULL, 0, '', '', 1, 1, 0, 2, 0),
(396, 65, 150000, '2019-05-10', 0, 150000, NULL, 0, '', '', 1, 1, 0, 3, 0),
(397, 65, 150000, '2019-06-10', 0, 150000, NULL, 0, '', '', 1, 1, 0, 4, 0),
(398, 65, 150000, '2019-07-10', 0, 150000, NULL, 0, '', '', 1, 1, 0, 5, 0),
(399, 65, 150000, '2019-08-10', 0, 150000, NULL, 0, '', '', 1, 1, 0, 6, 0),
(400, 65, 150000, '2019-09-10', 0, 150000, NULL, 0, '', '', 1, 1, 0, 7, 0),
(401, 65, 150000, '2019-10-10', 0, 150000, NULL, 0, '', '', 1, 1, 0, 8, 0),
(402, 65, 150000, '2019-11-10', 0, 150000, NULL, 0, '', '', 1, 1, 0, 9, 0),
(403, 66, 35000, '2019-06-10', 0, 35000, NULL, 0, '', 'PAGO INICIAL', 1, 1, 0, 1, 1),
(404, 66, 35000, '2019-11-10', 0, 35000, NULL, 0, '', 'PAGO INICIAL', 1, 1, 0, 1, 1),
(405, 67, 200000, '2019-02-12', 0, 200000, NULL, 1, '', 'PAGO INICIAL', 1, 1, 0, 0, 1),
(406, 67, 200000, '2019-03-10', 0, 200000, NULL, 0, '', '', 1, 1, 0, 1, 0),
(407, 67, 200000, '2019-04-10', 0, 200000, NULL, 0, '', '', 1, 1, 0, 2, 0),
(408, 67, 200000, '2019-05-10', 0, 200000, NULL, 0, '', '', 1, 1, 0, 3, 0),
(409, 67, 200000, '2019-06-10', 0, 200000, NULL, 0, '', '', 1, 1, 0, 4, 0),
(410, 67, 200000, '2019-07-10', 0, 200000, NULL, 0, '', '', 1, 1, 0, 5, 0),
(411, 67, 200000, '2019-08-10', 0, 200000, NULL, 0, '', '', 1, 1, 0, 6, 0),
(412, 67, 200000, '2019-09-10', 0, 200000, NULL, 0, '', '', 1, 1, 0, 7, 0),
(413, 67, 200000, '2019-10-10', 0, 200000, NULL, 0, '', '', 1, 1, 0, 8, 0),
(414, 67, 200000, '2019-11-10', 0, 200000, NULL, 0, '', '', 1, 1, 0, 9, 0),
(415, 68, 35000, '2019-06-10', 0, 35000, NULL, 0, '', 'PAGO INICIAL', 1, 1, 0, 1, 1),
(416, 68, 35000, '2019-11-10', 0, 35000, NULL, 0, '', 'PAGO INICIAL', 1, 1, 0, 1, 1),
(417, 69, 200000, '2019-02-12', 0, 200000, NULL, 1, '', 'PAGO INICIAL', 1, 1, 0, 0, 1),
(418, 69, 200000, '2019-03-10', 0, 200000, NULL, 0, '', '', 1, 1, 0, 1, 0),
(419, 69, 200000, '2019-04-10', 0, 200000, NULL, 0, '', '', 1, 1, 0, 2, 0),
(420, 69, 200000, '2019-05-10', 0, 200000, NULL, 0, '', '', 1, 1, 0, 3, 0),
(421, 69, 200000, '2019-06-10', 0, 200000, NULL, 0, '', '', 1, 1, 0, 4, 0),
(422, 69, 200000, '2019-07-10', 0, 200000, NULL, 0, '', '', 1, 1, 0, 5, 0),
(423, 69, 200000, '2019-08-10', 0, 200000, NULL, 0, '', '', 1, 1, 0, 6, 0),
(424, 69, 200000, '2019-09-10', 0, 200000, NULL, 0, '', '', 1, 1, 0, 7, 0),
(425, 69, 200000, '2019-10-10', 0, 200000, NULL, 0, '', '', 1, 1, 0, 8, 0),
(426, 69, 200000, '2019-11-10', 0, 200000, NULL, 0, '', '', 1, 1, 0, 9, 0),
(427, 70, 35000, '2019-06-10', 0, 35000, NULL, 0, '', 'PAGO INICIAL', 1, 1, 0, 1, 1),
(428, 70, 35000, '2019-11-10', 0, 35000, NULL, 0, '', 'PAGO INICIAL', 1, 1, 0, 1, 1),
(429, 71, 200000, '2019-02-12', 0, 200000, NULL, 1, '', 'PAGO INICIAL', 1, 1, 0, 0, 1),
(430, 71, 150000, '2019-03-10', 0, 150000, NULL, 0, '', '', 1, 1, 0, 1, 0),
(431, 71, 150000, '2019-04-10', 0, 150000, NULL, 0, '', '', 1, 1, 0, 2, 0),
(432, 71, 150000, '2019-05-10', 0, 150000, NULL, 0, '', '', 1, 1, 0, 3, 0),
(433, 71, 150000, '2019-06-10', 0, 150000, NULL, 0, '', '', 1, 1, 0, 4, 0),
(434, 71, 150000, '2019-07-10', 0, 150000, NULL, 0, '', '', 1, 1, 0, 5, 0),
(435, 71, 150000, '2019-08-10', 0, 150000, NULL, 0, '', '', 1, 1, 0, 6, 0),
(436, 71, 150000, '2019-09-10', 0, 150000, NULL, 0, '', '', 1, 1, 0, 7, 0),
(437, 71, 150000, '2019-10-10', 0, 150000, NULL, 0, '', '', 1, 1, 0, 8, 0),
(438, 71, 150000, '2019-11-10', 0, 150000, NULL, 0, '', '', 1, 1, 0, 9, 0),
(439, 72, 35000, '2019-06-10', 0, 35000, NULL, 0, '', 'PAGO INICIAL', 1, 1, 0, 1, 1),
(440, 72, 35000, '2019-11-10', 0, 35000, NULL, 0, '', 'PAGO INICIAL', 1, 1, 0, 1, 1),
(441, 73, 200000, '2019-02-12', 0, 200000, NULL, 1, '', 'PAGO INICIAL', 1, 1, 0, 0, 1),
(442, 73, 150000, '2019-03-10', 0, 150000, NULL, 0, '', '', 1, 1, 0, 1, 0),
(443, 73, 150000, '2019-04-10', 0, 150000, NULL, 0, '', '', 1, 1, 0, 2, 0),
(444, 73, 150000, '2019-05-10', 0, 150000, NULL, 0, '', '', 1, 1, 0, 3, 0),
(445, 73, 150000, '2019-06-10', 0, 150000, NULL, 0, '', '', 1, 1, 0, 4, 0),
(446, 73, 150000, '2019-07-10', 0, 150000, NULL, 0, '', '', 1, 1, 0, 5, 0),
(447, 73, 150000, '2019-08-10', 0, 150000, NULL, 0, '', '', 1, 1, 0, 6, 0),
(448, 73, 150000, '2019-09-10', 0, 150000, NULL, 0, '', '', 1, 1, 0, 7, 0),
(449, 73, 150000, '2019-10-10', 0, 150000, NULL, 0, '', '', 1, 1, 0, 8, 0),
(450, 73, 150000, '2019-11-10', 0, 150000, NULL, 0, '', '', 1, 1, 0, 9, 0),
(451, 74, 35000, '2019-06-10', 0, 35000, NULL, 0, '', 'PAGO INICIAL', 1, 1, 0, 1, 1),
(452, 74, 35000, '2019-11-10', 0, 35000, NULL, 0, '', 'PAGO INICIAL', 1, 1, 0, 1, 1),
(453, 75, 200000, '2019-02-12', 0, 200000, NULL, 1, '', 'PAGO INICIAL', 1, 1, 0, 0, 1),
(454, 75, 150000, '2019-03-10', 0, 150000, NULL, 0, '', '', 1, 1, 0, 1, 0),
(455, 75, 150000, '2019-04-10', 0, 150000, NULL, 0, '', '', 1, 1, 0, 2, 0),
(456, 75, 150000, '2019-05-10', 0, 150000, NULL, 0, '', '', 1, 1, 0, 3, 0),
(457, 75, 150000, '2019-06-10', 0, 150000, NULL, 0, '', '', 1, 1, 0, 4, 0),
(458, 75, 150000, '2019-07-10', 0, 150000, NULL, 0, '', '', 1, 1, 0, 5, 0),
(459, 75, 150000, '2019-08-10', 0, 150000, NULL, 0, '', '', 1, 1, 0, 6, 0),
(460, 75, 150000, '2019-09-10', 0, 150000, NULL, 0, '', '', 1, 1, 0, 7, 0),
(461, 75, 150000, '2019-10-10', 0, 150000, NULL, 0, '', '', 1, 1, 0, 8, 0),
(462, 75, 150000, '2019-11-10', 0, 150000, NULL, 0, '', '', 1, 1, 0, 9, 0),
(463, 76, 35000, '2019-06-10', 0, 35000, NULL, 0, '', 'PAGO INICIAL', 1, 1, 0, 1, 1),
(464, 76, 35000, '2019-11-10', 0, 35000, NULL, 0, '', 'PAGO INICIAL', 1, 1, 0, 1, 1),
(465, 77, 200000, '2019-02-12', 0, 200000, NULL, 1, '', 'PAGO INICIAL', 1, 1, 0, 0, 1),
(466, 77, 150000, '2019-03-10', 0, 150000, NULL, 0, '', '', 1, 1, 0, 1, 0),
(467, 77, 150000, '2019-04-10', 0, 150000, NULL, 0, '', '', 1, 1, 0, 2, 0),
(468, 77, 150000, '2019-05-10', 0, 150000, NULL, 0, '', '', 1, 1, 0, 3, 0),
(469, 77, 150000, '2019-06-10', 0, 150000, NULL, 0, '', '', 1, 1, 0, 4, 0),
(470, 77, 150000, '2019-07-10', 0, 150000, NULL, 0, '', '', 1, 1, 0, 5, 0),
(471, 77, 150000, '2019-08-10', 0, 150000, NULL, 0, '', '', 1, 1, 0, 6, 0),
(472, 77, 150000, '2019-09-10', 0, 150000, NULL, 0, '', '', 1, 1, 0, 7, 0),
(473, 77, 150000, '2019-10-10', 0, 150000, NULL, 0, '', '', 1, 1, 0, 8, 0),
(474, 77, 150000, '2019-11-10', 0, 150000, NULL, 0, '', '', 1, 1, 0, 9, 0),
(475, 78, 35000, '2019-06-10', 0, 35000, NULL, 0, '', 'PAGO INICIAL', 1, 1, 0, 1, 1),
(476, 78, 35000, '2019-11-10', 0, 35000, NULL, 0, '', 'PAGO INICIAL', 1, 1, 0, 1, 1),
(477, 79, 200000, '2019-02-12', 0, 200000, NULL, 1, '', 'PAGO INICIAL', 1, 1, 0, 0, 1),
(478, 79, 150000, '2019-03-10', 0, 150000, NULL, 0, '', '', 1, 1, 0, 1, 0),
(479, 79, 150000, '2019-04-10', 0, 150000, NULL, 0, '', '', 1, 1, 0, 2, 0),
(480, 79, 150000, '2019-05-10', 0, 150000, NULL, 0, '', '', 1, 1, 0, 3, 0),
(481, 79, 150000, '2019-06-10', 0, 150000, NULL, 0, '', '', 1, 1, 0, 4, 0),
(482, 79, 150000, '2019-07-10', 0, 150000, NULL, 0, '', '', 1, 1, 0, 5, 0),
(483, 79, 150000, '2019-08-10', 0, 150000, NULL, 0, '', '', 1, 1, 0, 6, 0),
(484, 79, 150000, '2019-09-10', 0, 150000, NULL, 0, '', '', 1, 1, 0, 7, 0),
(485, 79, 150000, '2019-10-10', 0, 150000, NULL, 0, '', '', 1, 1, 0, 8, 0),
(486, 79, 150000, '2019-11-10', 0, 150000, NULL, 0, '', '', 1, 1, 0, 9, 0),
(487, 80, 35000, '2019-06-10', 0, 35000, NULL, 0, '', 'PAGO INICIAL', 1, 1, 0, 1, 1),
(488, 80, 35000, '2019-11-10', 0, 35000, NULL, 0, '', 'PAGO INICIAL', 1, 1, 0, 1, 1),
(489, 81, 200000, '2019-02-13', 0, 200000, NULL, 1, '', 'PAGO INICIAL', 1, 1, 0, 0, 1),
(490, 81, 200000, '2019-03-10', 0, 200000, NULL, 0, '', '', 1, 1, 0, 1, 0),
(491, 81, 200000, '2019-04-10', 0, 200000, NULL, 0, '', '', 1, 1, 0, 2, 0),
(492, 81, 200000, '2019-05-10', 0, 200000, NULL, 0, '', '', 1, 1, 0, 3, 0),
(493, 81, 200000, '2019-06-10', 0, 200000, NULL, 0, '', '', 1, 1, 0, 4, 0),
(494, 81, 200000, '2019-07-10', 0, 200000, NULL, 0, '', '', 1, 1, 0, 5, 0),
(495, 81, 200000, '2019-08-10', 0, 200000, NULL, 0, '', '', 1, 1, 0, 6, 0),
(496, 81, 200000, '2019-09-10', 0, 200000, NULL, 0, '', '', 1, 1, 0, 7, 0),
(497, 81, 200000, '2019-10-10', 0, 200000, NULL, 0, '', '', 1, 1, 0, 8, 0),
(498, 81, 200000, '2019-11-10', 0, 200000, NULL, 0, '', '', 1, 1, 0, 9, 0),
(499, 82, 35000, '2019-06-10', 0, 35000, NULL, 0, '', 'PAGO INICIAL', 1, 1, 0, 1, 1),
(500, 82, 35000, '2019-11-10', 0, 35000, NULL, 0, '', 'PAGO INICIAL', 1, 1, 0, 1, 1),
(501, 83, 200000, '2019-02-13', 0, 200000, NULL, 1, '', 'PAGO INICIAL', 1, 1, 0, 0, 1),
(502, 83, 150000, '2019-03-10', 0, 150000, NULL, 0, '', '', 1, 1, 0, 1, 0),
(503, 83, 150000, '2019-04-10', 0, 150000, NULL, 0, '', '', 1, 1, 0, 2, 0),
(504, 83, 150000, '2019-05-10', 0, 150000, NULL, 0, '', '', 1, 1, 0, 3, 0),
(505, 83, 150000, '2019-06-10', 0, 150000, NULL, 0, '', '', 1, 1, 0, 4, 0),
(506, 83, 150000, '2019-07-10', 0, 150000, NULL, 0, '', '', 1, 1, 0, 5, 0),
(507, 83, 150000, '2019-08-10', 0, 150000, NULL, 0, '', '', 1, 1, 0, 6, 0),
(508, 83, 150000, '2019-09-10', 0, 150000, NULL, 0, '', '', 1, 1, 0, 7, 0),
(509, 83, 150000, '2019-10-10', 0, 150000, NULL, 0, '', '', 1, 1, 0, 8, 0),
(510, 83, 150000, '2019-11-10', 0, 150000, NULL, 0, '', '', 1, 1, 0, 9, 0),
(511, 84, 35000, '2019-06-10', 0, 35000, NULL, 0, '', 'PAGO INICIAL', 1, 1, 0, 1, 1),
(512, 84, 35000, '2019-11-10', 0, 35000, NULL, 0, '', 'PAGO INICIAL', 1, 1, 0, 1, 1),
(513, 85, 200000, '2019-02-13', 0, 200000, NULL, 1, '', 'PAGO INICIAL', 1, 1, 0, 0, 1),
(514, 85, 200000, '2019-03-10', 0, 200000, NULL, 0, '', '', 1, 1, 0, 1, 0),
(515, 85, 200000, '2019-04-10', 0, 200000, NULL, 0, '', '', 1, 1, 0, 2, 0),
(516, 85, 200000, '2019-05-10', 0, 200000, NULL, 0, '', '', 1, 1, 0, 3, 0),
(517, 85, 200000, '2019-06-10', 0, 200000, NULL, 0, '', '', 1, 1, 0, 4, 0),
(518, 85, 200000, '2019-07-10', 0, 200000, NULL, 0, '', '', 1, 1, 0, 5, 0),
(519, 85, 200000, '2019-08-10', 0, 200000, NULL, 0, '', '', 1, 1, 0, 6, 0),
(520, 85, 200000, '2019-09-10', 0, 200000, NULL, 0, '', '', 1, 1, 0, 7, 0),
(521, 85, 200000, '2019-10-10', 0, 200000, NULL, 0, '', '', 1, 1, 0, 8, 0),
(522, 85, 200000, '2019-11-10', 0, 200000, NULL, 0, '', '', 1, 1, 0, 9, 0),
(523, 86, 35000, '2019-06-10', 0, 35000, NULL, 0, '', 'PAGO INICIAL', 1, 1, 0, 1, 1),
(524, 86, 35000, '2019-11-10', 0, 35000, NULL, 0, '', 'PAGO INICIAL', 1, 1, 0, 1, 1),
(525, 87, 200000, '2019-02-13', 0, 200000, NULL, 1, '', 'PAGO INICIAL', 1, 1, 0, 0, 1),
(526, 87, 200000, '2019-03-10', 0, 200000, NULL, 0, '', '', 1, 1, 0, 1, 0),
(527, 87, 200000, '2019-04-10', 0, 200000, NULL, 0, '', '', 1, 1, 0, 2, 0),
(528, 87, 200000, '2019-05-10', 0, 200000, NULL, 0, '', '', 1, 1, 0, 3, 0),
(529, 87, 200000, '2019-06-10', 0, 200000, NULL, 0, '', '', 1, 1, 0, 4, 0),
(530, 87, 200000, '2019-07-10', 0, 200000, NULL, 0, '', '', 1, 1, 0, 5, 0),
(531, 87, 200000, '2019-08-10', 0, 200000, NULL, 0, '', '', 1, 1, 0, 6, 0),
(532, 87, 200000, '2019-09-10', 0, 200000, NULL, 0, '', '', 1, 1, 0, 7, 0),
(533, 87, 200000, '2019-10-10', 0, 200000, NULL, 0, '', '', 1, 1, 0, 8, 0),
(534, 87, 200000, '2019-11-10', 0, 200000, NULL, 0, '', '', 1, 1, 0, 9, 0),
(535, 88, 35000, '2019-06-10', 0, 35000, NULL, 0, '', 'PAGO INICIAL', 1, 1, 0, 1, 1),
(536, 88, 35000, '2019-11-10', 0, 35000, NULL, 0, '', 'PAGO INICIAL', 1, 1, 0, 1, 1),
(537, 89, 200000, '2019-02-13', 0, 200000, NULL, 1, '', 'PAGO INICIAL', 1, 1, 0, 0, 1),
(538, 89, 200000, '2019-03-10', 0, 200000, NULL, 0, '', '', 1, 1, 0, 1, 0),
(539, 89, 200000, '2019-04-10', 0, 200000, NULL, 0, '', '', 1, 1, 0, 2, 0),
(540, 89, 200000, '2019-05-10', 0, 200000, NULL, 0, '', '', 1, 1, 0, 3, 0),
(541, 89, 200000, '2019-06-10', 0, 200000, NULL, 0, '', '', 1, 1, 0, 4, 0),
(542, 89, 200000, '2019-07-10', 0, 200000, NULL, 0, '', '', 1, 1, 0, 5, 0),
(543, 89, 200000, '2019-08-10', 0, 200000, NULL, 0, '', '', 1, 1, 0, 6, 0),
(544, 89, 200000, '2019-09-10', 0, 200000, NULL, 0, '', '', 1, 1, 0, 7, 0),
(545, 89, 200000, '2019-10-10', 0, 200000, NULL, 0, '', '', 1, 1, 0, 8, 0),
(546, 89, 200000, '2019-11-10', 0, 200000, NULL, 0, '', '', 1, 1, 0, 9, 0),
(547, 90, 35000, '2019-06-10', 0, 35000, NULL, 0, '', 'PAGO INICIAL', 1, 1, 0, 1, 1),
(548, 90, 35000, '2019-11-10', 0, 35000, NULL, 0, '', 'PAGO INICIAL', 1, 1, 0, 1, 1),
(549, 91, 200000, '2019-02-13', 0, 200000, NULL, 1, '', 'PAGO INICIAL', 1, 1, 0, 0, 1),
(550, 91, 150000, '2019-03-10', 0, 150000, NULL, 0, '', '', 1, 1, 0, 1, 0),
(551, 91, 150000, '2019-04-10', 0, 150000, NULL, 0, '', '', 1, 1, 0, 2, 0),
(552, 91, 150000, '2019-05-10', 0, 150000, NULL, 0, '', '', 1, 1, 0, 3, 0),
(553, 91, 150000, '2019-06-10', 0, 150000, NULL, 0, '', '', 1, 1, 0, 4, 0),
(554, 91, 150000, '2019-07-10', 0, 150000, NULL, 0, '', '', 1, 1, 0, 5, 0),
(555, 91, 150000, '2019-08-10', 0, 150000, NULL, 0, '', '', 1, 1, 0, 6, 0),
(556, 91, 150000, '2019-09-10', 0, 150000, NULL, 0, '', '', 1, 1, 0, 7, 0),
(557, 91, 150000, '2019-10-10', 0, 150000, NULL, 0, '', '', 1, 1, 0, 8, 0),
(558, 91, 150000, '2019-11-10', 0, 150000, NULL, 0, '', '', 1, 1, 0, 9, 0),
(559, 92, 35000, '2019-06-10', 0, 35000, NULL, 0, '', 'PAGO INICIAL', 1, 1, 0, 1, 1),
(560, 92, 35000, '2019-11-10', 0, 35000, NULL, 0, '', 'PAGO INICIAL', 1, 1, 0, 1, 1),
(561, 93, 200000, '2019-02-13', 0, 200000, NULL, 1, '', 'PAGO INICIAL', 1, 1, 0, 0, 1),
(562, 93, 150000, '2019-03-10', 0, 150000, NULL, 0, '', '', 1, 1, 0, 1, 0),
(563, 93, 150000, '2019-04-10', 0, 150000, NULL, 0, '', '', 1, 1, 0, 2, 0),
(564, 93, 150000, '2019-05-10', 0, 150000, NULL, 0, '', '', 1, 1, 0, 3, 0),
(565, 93, 150000, '2019-06-10', 0, 150000, NULL, 0, '', '', 1, 1, 0, 4, 0),
(566, 93, 150000, '2019-07-10', 0, 150000, NULL, 0, '', '', 1, 1, 0, 5, 0),
(567, 93, 150000, '2019-08-10', 0, 150000, NULL, 0, '', '', 1, 1, 0, 6, 0),
(568, 93, 150000, '2019-09-10', 0, 150000, NULL, 0, '', '', 1, 1, 0, 7, 0),
(569, 93, 150000, '2019-10-10', 0, 150000, NULL, 0, '', '', 1, 1, 0, 8, 0),
(570, 93, 150000, '2019-11-10', 0, 150000, NULL, 0, '', '', 1, 1, 0, 9, 0),
(571, 94, 35000, '2019-06-10', 0, 35000, NULL, 0, '', 'PAGO INICIAL', 1, 1, 0, 1, 1),
(572, 94, 35000, '2019-11-10', 0, 35000, NULL, 0, '', 'PAGO INICIAL', 1, 1, 0, 1, 1),
(573, 95, 200000, '2019-02-13', 200000, 0, '2019-02-19', 1, '', 'PAGO DE MATRICULA', 1, 1, 1, 0, 2),
(574, 95, 150000, '2019-03-10', 150000, 0, '2019-03-07', 1, '8133', 'PAGO DE CUOTA MES DE MARZO', 1, 1, 1, 1, 4),
(575, 95, 150000, '2019-04-10', 0, 150000, NULL, 0, '', '', 1, 1, 0, 2, 0),
(576, 95, 150000, '2019-05-10', 0, 150000, NULL, 0, '', '', 1, 1, 0, 3, 0),
(577, 95, 150000, '2019-06-10', 0, 150000, NULL, 0, '', '', 1, 1, 0, 4, 0),
(578, 95, 150000, '2019-07-10', 0, 150000, NULL, 0, '', '', 1, 1, 0, 5, 0),
(579, 95, 150000, '2019-08-10', 0, 150000, NULL, 0, '', '', 1, 1, 0, 6, 0),
(580, 95, 150000, '2019-09-10', 0, 150000, NULL, 0, '', '', 1, 1, 0, 7, 0),
(581, 95, 150000, '2019-10-10', 0, 150000, NULL, 0, '', '', 1, 1, 0, 8, 0),
(582, 95, 150000, '2019-11-10', 0, 150000, NULL, 0, '', '', 1, 1, 0, 9, 0),
(583, 96, 35000, '2019-06-10', 0, 35000, NULL, 0, '', 'PAGO INICIAL', 1, 1, 0, 1, 1),
(584, 96, 35000, '2019-11-10', 0, 35000, NULL, 0, '', 'PAGO INICIAL', 1, 1, 0, 1, 1),
(585, 97, 200000, '2019-02-13', 0, 200000, NULL, 1, '', 'PAGO INICIAL', 1, 1, 0, 0, 1),
(586, 97, 150000, '2019-03-10', 0, 150000, NULL, 0, '', '', 1, 1, 0, 1, 0),
(587, 97, 150000, '2019-04-10', 0, 150000, NULL, 0, '', '', 1, 1, 0, 2, 0),
(588, 97, 150000, '2019-05-10', 0, 150000, NULL, 0, '', '', 1, 1, 0, 3, 0),
(589, 97, 150000, '2019-06-10', 0, 150000, NULL, 0, '', '', 1, 1, 0, 4, 0),
(590, 97, 150000, '2019-07-10', 0, 150000, NULL, 0, '', '', 1, 1, 0, 5, 0),
(591, 97, 150000, '2019-08-10', 0, 150000, NULL, 0, '', '', 1, 1, 0, 6, 0),
(592, 97, 150000, '2019-09-10', 0, 150000, NULL, 0, '', '', 1, 1, 0, 7, 0),
(593, 97, 150000, '2019-10-10', 0, 150000, NULL, 0, '', '', 1, 1, 0, 8, 0),
(594, 97, 150000, '2019-11-10', 0, 150000, NULL, 0, '', '', 1, 1, 0, 9, 0),
(595, 98, 35000, '2019-06-10', 0, 35000, NULL, 0, '', 'PAGO INICIAL', 1, 1, 0, 1, 1),
(596, 98, 35000, '2019-11-10', 0, 35000, NULL, 0, '', 'PAGO INICIAL', 1, 1, 0, 1, 1),
(597, 99, 200000, '2019-02-13', 0, 200000, NULL, 1, '', 'PAGO INICIAL', 1, 1, 0, 0, 1),
(598, 99, 150000, '2019-03-10', 0, 150000, NULL, 0, '', '', 1, 1, 0, 1, 0),
(599, 99, 150000, '2019-04-10', 0, 150000, NULL, 0, '', '', 1, 1, 0, 2, 0),
(600, 99, 150000, '2019-05-10', 0, 150000, NULL, 0, '', '', 1, 1, 0, 3, 0),
(601, 99, 150000, '2019-06-10', 0, 150000, NULL, 0, '', '', 1, 1, 0, 4, 0),
(602, 99, 150000, '2019-07-10', 0, 150000, NULL, 0, '', '', 1, 1, 0, 5, 0),
(603, 99, 150000, '2019-08-10', 0, 150000, NULL, 0, '', '', 1, 1, 0, 6, 0),
(604, 99, 150000, '2019-09-10', 0, 150000, NULL, 0, '', '', 1, 1, 0, 7, 0),
(605, 99, 150000, '2019-10-10', 0, 150000, NULL, 0, '', '', 1, 1, 0, 8, 0),
(606, 99, 150000, '2019-11-10', 0, 150000, NULL, 0, '', '', 1, 1, 0, 9, 0),
(607, 100, 35000, '2019-06-10', 0, 35000, NULL, 0, '', 'PAGO INICIAL', 1, 1, 0, 1, 1),
(608, 100, 35000, '2019-11-10', 0, 35000, NULL, 0, '', 'PAGO INICIAL', 1, 1, 0, 1, 1),
(609, 101, 200000, '2019-02-13', 0, 200000, NULL, 1, '', 'PAGO INICIAL', 1, 1, 0, 0, 1),
(610, 101, 150000, '2019-03-10', 0, 150000, NULL, 0, '', '', 1, 1, 0, 1, 0),
(611, 101, 150000, '2019-04-10', 0, 150000, NULL, 0, '', '', 1, 1, 0, 2, 0),
(612, 101, 150000, '2019-05-10', 0, 150000, NULL, 0, '', '', 1, 1, 0, 3, 0),
(613, 101, 150000, '2019-06-10', 0, 150000, NULL, 0, '', '', 1, 1, 0, 4, 0),
(614, 101, 150000, '2019-07-10', 0, 150000, NULL, 0, '', '', 1, 1, 0, 5, 0),
(615, 101, 150000, '2019-08-10', 0, 150000, NULL, 0, '', '', 1, 1, 0, 6, 0),
(616, 101, 150000, '2019-09-10', 0, 150000, NULL, 0, '', '', 1, 1, 0, 7, 0),
(617, 101, 150000, '2019-10-10', 0, 150000, NULL, 0, '', '', 1, 1, 0, 8, 0),
(618, 101, 150000, '2019-11-10', 0, 150000, NULL, 0, '', '', 1, 1, 0, 9, 0),
(619, 102, 35000, '2019-06-10', 0, 35000, NULL, 0, '', 'PAGO INICIAL', 1, 1, 0, 1, 1),
(620, 102, 35000, '2019-11-10', 0, 35000, NULL, 0, '', 'PAGO INICIAL', 1, 1, 0, 1, 1),
(621, 103, 200000, '2019-02-13', 0, 200000, NULL, 1, '', 'PAGO INICIAL', 1, 1, 0, 0, 1),
(622, 103, 150000, '2019-03-10', 0, 150000, NULL, 0, '', '', 1, 1, 0, 1, 0),
(623, 103, 150000, '2019-04-10', 0, 150000, NULL, 0, '', '', 1, 1, 0, 2, 0),
(624, 103, 150000, '2019-05-10', 0, 150000, NULL, 0, '', '', 1, 1, 0, 3, 0),
(625, 103, 150000, '2019-06-10', 0, 150000, NULL, 0, '', '', 1, 1, 0, 4, 0),
(626, 103, 150000, '2019-07-10', 0, 150000, NULL, 0, '', '', 1, 1, 0, 5, 0),
(627, 103, 150000, '2019-08-10', 0, 150000, NULL, 0, '', '', 1, 1, 0, 6, 0),
(628, 103, 150000, '2019-09-10', 0, 150000, NULL, 0, '', '', 1, 1, 0, 7, 0),
(629, 103, 150000, '2019-10-10', 0, 150000, NULL, 0, '', '', 1, 1, 0, 8, 0),
(630, 103, 150000, '2019-11-10', 0, 150000, NULL, 0, '', '', 1, 1, 0, 9, 0),
(631, 104, 35000, '2019-06-10', 0, 35000, NULL, 0, '', 'PAGO INICIAL', 1, 1, 0, 1, 1),
(632, 104, 35000, '2019-11-10', 0, 35000, NULL, 0, '', 'PAGO INICIAL', 1, 1, 0, 1, 1),
(633, 105, 200000, '2019-02-13', 0, 200000, NULL, 1, '', 'PAGO INICIAL', 1, 1, 0, 0, 1),
(634, 105, 150000, '2019-03-10', 0, 150000, NULL, 0, '', '', 1, 1, 0, 1, 0),
(635, 105, 150000, '2019-04-10', 0, 150000, NULL, 0, '', '', 1, 1, 0, 2, 0),
(636, 105, 150000, '2019-05-10', 0, 150000, NULL, 0, '', '', 1, 1, 0, 3, 0),
(637, 105, 150000, '2019-06-10', 0, 150000, NULL, 0, '', '', 1, 1, 0, 4, 0),
(638, 105, 150000, '2019-07-10', 0, 150000, NULL, 0, '', '', 1, 1, 0, 5, 0),
(639, 105, 150000, '2019-08-10', 0, 150000, NULL, 0, '', '', 1, 1, 0, 6, 0),
(640, 105, 150000, '2019-09-10', 0, 150000, NULL, 0, '', '', 1, 1, 0, 7, 0),
(641, 105, 150000, '2019-10-10', 0, 150000, NULL, 0, '', '', 1, 1, 0, 8, 0),
(642, 105, 150000, '2019-11-10', 0, 150000, NULL, 0, '', '', 1, 1, 0, 9, 0),
(643, 106, 35000, '2019-06-10', 0, 35000, NULL, 0, '', 'PAGO INICIAL', 1, 1, 0, 1, 1),
(644, 106, 35000, '2019-11-10', 0, 35000, NULL, 0, '', 'PAGO INICIAL', 1, 1, 0, 1, 1),
(645, 107, 200000, '2019-02-13', 0, 200000, NULL, 1, '', 'PAGO INICIAL', 1, 1, 0, 0, 1),
(646, 107, 200000, '2019-03-10', 0, 200000, NULL, 0, '', '', 1, 1, 0, 1, 0),
(647, 107, 200000, '2019-04-10', 0, 200000, NULL, 0, '', '', 1, 1, 0, 2, 0),
(648, 107, 200000, '2019-05-10', 0, 200000, NULL, 0, '', '', 1, 1, 0, 3, 0),
(649, 107, 200000, '2019-06-10', 0, 200000, NULL, 0, '', '', 1, 1, 0, 4, 0),
(650, 107, 200000, '2019-07-10', 0, 200000, NULL, 0, '', '', 1, 1, 0, 5, 0),
(651, 107, 200000, '2019-08-10', 0, 200000, NULL, 0, '', '', 1, 1, 0, 6, 0),
(652, 107, 200000, '2019-09-10', 0, 200000, NULL, 0, '', '', 1, 1, 0, 7, 0),
(653, 107, 200000, '2019-10-10', 0, 200000, NULL, 0, '', '', 1, 1, 0, 8, 0),
(654, 107, 200000, '2019-11-10', 0, 200000, NULL, 0, '', '', 1, 1, 0, 9, 0),
(655, 108, 35000, '2019-06-10', 0, 35000, NULL, 0, '', 'PAGO INICIAL', 1, 1, 0, 1, 1),
(656, 108, 35000, '2019-11-10', 0, 35000, NULL, 0, '', 'PAGO INICIAL', 1, 1, 0, 1, 1),
(657, 109, 200000, '2019-02-14', 0, 200000, NULL, 1, '', 'PAGO INICIAL', 1, 1, 0, 0, 1),
(658, 109, 200000, '2019-03-10', 0, 200000, NULL, 0, '', '', 1, 1, 0, 1, 0),
(659, 109, 200000, '2019-04-10', 0, 200000, NULL, 0, '', '', 1, 1, 0, 2, 0),
(660, 109, 200000, '2019-05-10', 0, 200000, NULL, 0, '', '', 1, 1, 0, 3, 0),
(661, 109, 200000, '2019-06-10', 0, 200000, NULL, 0, '', '', 1, 1, 0, 4, 0),
(662, 109, 200000, '2019-07-10', 0, 200000, NULL, 0, '', '', 1, 1, 0, 5, 0),
(663, 109, 200000, '2019-08-10', 0, 200000, NULL, 0, '', '', 1, 1, 0, 6, 0),
(664, 109, 200000, '2019-09-10', 0, 200000, NULL, 0, '', '', 1, 1, 0, 7, 0),
(665, 109, 200000, '2019-10-10', 0, 200000, NULL, 0, '', '', 1, 1, 0, 8, 0),
(666, 109, 200000, '2019-11-10', 0, 200000, NULL, 0, '', '', 1, 1, 0, 9, 0),
(667, 110, 35000, '2019-06-10', 0, 35000, NULL, 0, '', 'PAGO INICIAL', 1, 1, 0, 1, 1),
(668, 110, 35000, '2019-11-10', 0, 35000, NULL, 0, '', 'PAGO INICIAL', 1, 1, 0, 1, 1),
(669, 111, 200000, '2019-02-14', 0, 200000, NULL, 1, '', 'PAGO INICIAL', 1, 1, 0, 0, 1),
(670, 111, 200000, '2019-03-10', 0, 200000, NULL, 0, '', '', 1, 1, 0, 1, 0),
(671, 111, 200000, '2019-04-10', 0, 200000, NULL, 0, '', '', 1, 1, 0, 2, 0),
(672, 111, 200000, '2019-05-10', 0, 200000, NULL, 0, '', '', 1, 1, 0, 3, 0),
(673, 111, 200000, '2019-06-10', 0, 200000, NULL, 0, '', '', 1, 1, 0, 4, 0),
(674, 111, 200000, '2019-07-10', 0, 200000, NULL, 0, '', '', 1, 1, 0, 5, 0),
(675, 111, 200000, '2019-08-10', 0, 200000, NULL, 0, '', '', 1, 1, 0, 6, 0),
(676, 111, 200000, '2019-09-10', 0, 200000, NULL, 0, '', '', 1, 1, 0, 7, 0),
(677, 111, 200000, '2019-10-10', 0, 200000, NULL, 0, '', '', 1, 1, 0, 8, 0),
(678, 111, 200000, '2019-11-10', 0, 200000, NULL, 0, '', '', 1, 1, 0, 9, 0),
(679, 112, 35000, '2019-06-10', 0, 35000, NULL, 0, '', 'PAGO INICIAL', 1, 1, 0, 1, 1),
(680, 112, 35000, '2019-11-10', 0, 35000, NULL, 0, '', 'PAGO INICIAL', 1, 1, 0, 1, 1),
(681, 113, 200000, '2019-02-14', 0, 200000, NULL, 1, '', 'PAGO INICIAL', 1, 1, 0, 0, 1),
(682, 113, 150000, '2019-03-10', 0, 150000, NULL, 0, '', '', 1, 1, 0, 1, 0),
(683, 113, 150000, '2019-04-10', 0, 150000, NULL, 0, '', '', 1, 1, 0, 2, 0),
(684, 113, 150000, '2019-05-10', 0, 150000, NULL, 0, '', '', 1, 1, 0, 3, 0),
(685, 113, 150000, '2019-06-10', 0, 150000, NULL, 0, '', '', 1, 1, 0, 4, 0),
(686, 113, 150000, '2019-07-10', 0, 150000, NULL, 0, '', '', 1, 1, 0, 5, 0),
(687, 113, 150000, '2019-08-10', 0, 150000, NULL, 0, '', '', 1, 1, 0, 6, 0),
(688, 113, 150000, '2019-09-10', 0, 150000, NULL, 0, '', '', 1, 1, 0, 7, 0),
(689, 113, 150000, '2019-10-10', 0, 150000, NULL, 0, '', '', 1, 1, 0, 8, 0),
(690, 113, 150000, '2019-11-10', 0, 150000, NULL, 0, '', '', 1, 1, 0, 9, 0),
(691, 114, 35000, '2019-06-10', 0, 35000, NULL, 0, '', 'PAGO INICIAL', 1, 1, 0, 1, 1),
(692, 114, 35000, '2019-11-10', 0, 35000, NULL, 0, '', 'PAGO INICIAL', 1, 1, 0, 1, 1),
(693, 115, 200000, '2019-02-14', 0, 200000, NULL, 1, '', 'PAGO INICIAL', 1, 1, 0, 0, 1),
(694, 115, 200000, '2019-03-10', 0, 200000, NULL, 0, '', '', 1, 1, 0, 1, 0),
(695, 115, 200000, '2019-04-10', 0, 200000, NULL, 0, '', '', 1, 1, 0, 2, 0),
(696, 115, 200000, '2019-05-10', 0, 200000, NULL, 0, '', '', 1, 1, 0, 3, 0),
(697, 115, 200000, '2019-06-10', 0, 200000, NULL, 0, '', '', 1, 1, 0, 4, 0),
(698, 115, 200000, '2019-07-10', 0, 200000, NULL, 0, '', '', 1, 1, 0, 5, 0),
(699, 115, 200000, '2019-08-10', 0, 200000, NULL, 0, '', '', 1, 1, 0, 6, 0),
(700, 115, 200000, '2019-09-10', 0, 200000, NULL, 0, '', '', 1, 1, 0, 7, 0),
(701, 115, 200000, '2019-10-10', 0, 200000, NULL, 0, '', '', 1, 1, 0, 8, 0),
(702, 115, 200000, '2019-11-10', 0, 200000, NULL, 0, '', '', 1, 1, 0, 9, 0),
(703, 116, 35000, '2019-06-10', 0, 35000, NULL, 0, '', 'PAGO INICIAL', 1, 1, 0, 1, 1),
(704, 116, 35000, '2019-11-10', 0, 35000, NULL, 0, '', 'PAGO INICIAL', 1, 1, 0, 1, 1),
(705, 117, 200000, '2019-02-14', 0, 200000, NULL, 1, '', 'PAGO INICIAL', 1, 1, 0, 0, 1),
(706, 117, 200000, '2019-02-14', 0, 200000, NULL, 0, '', '', 1, 1, 0, 1, 0),
(707, 117, 200000, '2019-03-14', 0, 200000, NULL, 0, '', '', 1, 1, 0, 2, 0),
(708, 117, 200000, '2019-04-14', 0, 200000, NULL, 0, '', '', 1, 1, 0, 3, 0),
(709, 117, 200000, '2019-05-14', 0, 200000, NULL, 0, '', '', 1, 1, 0, 4, 0),
(710, 117, 200000, '2019-06-14', 0, 200000, NULL, 0, '', '', 1, 1, 0, 5, 0),
(711, 117, 200000, '2019-07-14', 0, 200000, NULL, 0, '', '', 1, 1, 0, 6, 0),
(712, 117, 200000, '2019-08-14', 0, 200000, NULL, 0, '', '', 1, 1, 0, 7, 0),
(713, 117, 200000, '2019-09-14', 0, 200000, NULL, 0, '', '', 1, 1, 0, 8, 0),
(714, 117, 200000, '2019-10-14', 0, 200000, NULL, 0, '', '', 1, 1, 0, 9, 0),
(715, 118, 35000, '2019-06-10', 0, 35000, NULL, 0, '', 'PAGO INICIAL', 1, 1, 0, 1, 1),
(716, 118, 35000, '2019-11-10', 0, 35000, NULL, 0, '', 'PAGO INICIAL', 1, 1, 0, 1, 1),
(717, 119, 200000, '2019-02-14', 0, 200000, NULL, 1, '', 'PAGO INICIAL', 1, 1, 0, 0, 1),
(718, 119, 200000, '2019-03-10', 0, 200000, NULL, 0, '', '', 1, 1, 0, 1, 0),
(719, 119, 200000, '2019-04-10', 0, 200000, NULL, 0, '', '', 1, 1, 0, 2, 0),
(720, 119, 200000, '2019-05-10', 0, 200000, NULL, 0, '', '', 1, 1, 0, 3, 0),
(721, 119, 200000, '2019-06-10', 0, 200000, NULL, 0, '', '', 1, 1, 0, 4, 0),
(722, 119, 200000, '2019-07-10', 0, 200000, NULL, 0, '', '', 1, 1, 0, 5, 0);
INSERT INTO `cuentas_recibir_detalle` (`id_cuenta_recibir_detalle`, `id_cuenta_recibir_cabecera`, `monto_pagar`, `fecha_vencimiento`, `monto_pagado`, `saldo`, `fecha_pagada`, `id_tipo_pago`, `nro_recibo`, `descripcion`, `id_sucursal`, `id_usuario`, `pagado`, `nro_cuota`, `lote`) VALUES
(723, 119, 200000, '2019-08-10', 0, 200000, NULL, 0, '', '', 1, 1, 0, 6, 0),
(724, 119, 200000, '2019-09-10', 0, 200000, NULL, 0, '', '', 1, 1, 0, 7, 0),
(725, 119, 200000, '2019-10-10', 0, 200000, NULL, 0, '', '', 1, 1, 0, 8, 0),
(726, 119, 200000, '2019-11-10', 0, 200000, NULL, 0, '', '', 1, 1, 0, 9, 0),
(727, 120, 35000, '2019-06-10', 0, 35000, NULL, 0, '', 'PAGO INICIAL', 1, 1, 0, 1, 1),
(728, 120, 35000, '2019-11-10', 0, 35000, NULL, 0, '', 'PAGO INICIAL', 1, 1, 0, 1, 1),
(729, 121, 200000, '2019-02-14', 0, 200000, NULL, 1, '', 'PAGO INICIAL', 1, 1, 0, 0, 1),
(730, 121, 150000, '2019-03-10', 0, 150000, NULL, 0, '', '', 1, 1, 0, 1, 0),
(731, 121, 150000, '2019-04-10', 0, 150000, NULL, 0, '', '', 1, 1, 0, 2, 0),
(732, 121, 150000, '2019-05-10', 0, 150000, NULL, 0, '', '', 1, 1, 0, 3, 0),
(733, 121, 150000, '2019-06-10', 0, 150000, NULL, 0, '', '', 1, 1, 0, 4, 0),
(734, 121, 150000, '2019-07-10', 0, 150000, NULL, 0, '', '', 1, 1, 0, 5, 0),
(735, 121, 150000, '2019-08-10', 0, 150000, NULL, 0, '', '', 1, 1, 0, 6, 0),
(736, 121, 150000, '2019-09-10', 0, 150000, NULL, 0, '', '', 1, 1, 0, 7, 0),
(737, 121, 150000, '2019-10-10', 0, 150000, NULL, 0, '', '', 1, 1, 0, 8, 0),
(738, 121, 150000, '2019-11-10', 0, 150000, NULL, 0, '', '', 1, 1, 0, 9, 0),
(739, 122, 35000, '2019-06-10', 0, 35000, NULL, 0, '', 'PAGO INICIAL', 1, 1, 0, 1, 1),
(740, 122, 35000, '2019-11-10', 0, 35000, NULL, 0, '', 'PAGO INICIAL', 1, 1, 0, 1, 1),
(741, 123, 200000, '2019-02-14', 0, 200000, NULL, 1, '', 'PAGO INICIAL', 1, 1, 0, 0, 1),
(742, 123, 200000, '2019-03-10', 0, 200000, NULL, 0, '', '', 1, 1, 0, 1, 0),
(743, 123, 200000, '2019-04-10', 0, 200000, NULL, 0, '', '', 1, 1, 0, 2, 0),
(744, 123, 200000, '2019-05-10', 0, 200000, NULL, 0, '', '', 1, 1, 0, 3, 0),
(745, 123, 200000, '2019-06-10', 0, 200000, NULL, 0, '', '', 1, 1, 0, 4, 0),
(746, 123, 200000, '2019-07-10', 0, 200000, NULL, 0, '', '', 1, 1, 0, 5, 0),
(747, 123, 200000, '2019-08-10', 0, 200000, NULL, 0, '', '', 1, 1, 0, 6, 0),
(748, 123, 200000, '2019-09-10', 0, 200000, NULL, 0, '', '', 1, 1, 0, 7, 0),
(749, 123, 200000, '2019-10-10', 0, 200000, NULL, 0, '', '', 1, 1, 0, 8, 0),
(750, 123, 200000, '2019-11-10', 0, 200000, NULL, 0, '', '', 1, 1, 0, 9, 0),
(751, 124, 35000, '2019-06-10', 0, 35000, NULL, 0, '', 'PAGO INICIAL', 1, 1, 0, 1, 1),
(752, 124, 35000, '2019-11-10', 0, 35000, NULL, 0, '', 'PAGO INICIAL', 1, 1, 0, 1, 1),
(753, 125, 200000, '2019-02-14', 0, 200000, NULL, 1, '', 'PAGO INICIAL', 1, 1, 0, 0, 1),
(754, 125, 150000, '2019-03-10', 0, 150000, NULL, 0, '', '', 1, 1, 0, 1, 0),
(755, 125, 150000, '2019-04-10', 0, 150000, NULL, 0, '', '', 1, 1, 0, 2, 0),
(756, 125, 150000, '2019-05-10', 0, 150000, NULL, 0, '', '', 1, 1, 0, 3, 0),
(757, 125, 150000, '2019-06-10', 0, 150000, NULL, 0, '', '', 1, 1, 0, 4, 0),
(758, 125, 150000, '2019-07-10', 0, 150000, NULL, 0, '', '', 1, 1, 0, 5, 0),
(759, 125, 150000, '2019-08-10', 0, 150000, NULL, 0, '', '', 1, 1, 0, 6, 0),
(760, 125, 150000, '2019-09-10', 0, 150000, NULL, 0, '', '', 1, 1, 0, 7, 0),
(761, 125, 150000, '2019-10-10', 0, 150000, NULL, 0, '', '', 1, 1, 0, 8, 0),
(762, 125, 150000, '2019-11-10', 0, 150000, NULL, 0, '', '', 1, 1, 0, 9, 0),
(763, 126, 35000, '2019-06-10', 0, 35000, NULL, 0, '', 'PAGO INICIAL', 1, 1, 0, 1, 1),
(764, 126, 35000, '2019-11-10', 0, 35000, NULL, 0, '', 'PAGO INICIAL', 1, 1, 0, 1, 1),
(765, 127, 200000, '2019-02-14', 0, 200000, NULL, 1, '', 'PAGO INICIAL', 1, 1, 0, 0, 1),
(766, 127, 200000, '2019-03-10', 0, 200000, NULL, 0, '', '', 1, 1, 0, 1, 0),
(767, 127, 200000, '2019-04-10', 0, 200000, NULL, 0, '', '', 1, 1, 0, 2, 0),
(768, 127, 200000, '2019-05-10', 0, 200000, NULL, 0, '', '', 1, 1, 0, 3, 0),
(769, 127, 200000, '2019-06-10', 0, 200000, NULL, 0, '', '', 1, 1, 0, 4, 0),
(770, 127, 200000, '2019-07-10', 0, 200000, NULL, 0, '', '', 1, 1, 0, 5, 0),
(771, 127, 200000, '2019-08-10', 0, 200000, NULL, 0, '', '', 1, 1, 0, 6, 0),
(772, 127, 200000, '2019-09-10', 0, 200000, NULL, 0, '', '', 1, 1, 0, 7, 0),
(773, 127, 200000, '2019-10-10', 0, 200000, NULL, 0, '', '', 1, 1, 0, 8, 0),
(774, 127, 200000, '2019-11-10', 0, 200000, NULL, 0, '', '', 1, 1, 0, 9, 0),
(775, 128, 35000, '2019-06-10', 0, 35000, NULL, 0, '', 'PAGO INICIAL', 1, 1, 0, 1, 1),
(776, 128, 35000, '2019-11-10', 0, 35000, NULL, 0, '', 'PAGO INICIAL', 1, 1, 0, 1, 1),
(777, 129, 200000, '2019-02-14', 0, 200000, NULL, 1, '', 'PAGO INICIAL', 1, 1, 0, 0, 2),
(778, 129, 200000, '2019-03-10', 0, 200000, NULL, 0, '', '', 1, 1, 0, 1, 0),
(779, 129, 200000, '2019-04-10', 0, 200000, NULL, 0, '', '', 1, 1, 0, 2, 0),
(780, 129, 200000, '2019-05-10', 0, 200000, NULL, 0, '', '', 1, 1, 0, 3, 0),
(781, 129, 200000, '2019-06-10', 0, 200000, NULL, 0, '', '', 1, 1, 0, 4, 0),
(782, 129, 200000, '2019-07-10', 0, 200000, NULL, 0, '', '', 1, 1, 0, 5, 0),
(783, 129, 200000, '2019-08-10', 0, 200000, NULL, 0, '', '', 1, 1, 0, 6, 0),
(784, 129, 200000, '2019-09-10', 0, 200000, NULL, 0, '', '', 1, 1, 0, 7, 0),
(785, 129, 200000, '2019-10-10', 0, 200000, NULL, 0, '', '', 1, 1, 0, 8, 0),
(786, 129, 200000, '2019-11-10', 0, 200000, NULL, 0, '', '', 1, 1, 0, 9, 0),
(787, 130, 35000, '2019-06-10', 0, 35000, NULL, 0, '', 'PAGO INICIAL', 1, 1, 0, 1, 2),
(788, 130, 35000, '2019-11-10', 0, 35000, NULL, 0, '', 'PAGO INICIAL', 1, 1, 0, 1, 2),
(789, 131, 200000, '2019-02-14', 0, 200000, NULL, 1, '', 'PAGO INICIAL', 1, 1, 0, 0, 2),
(790, 131, 150000, '2019-03-10', 0, 150000, NULL, 0, '', '', 1, 1, 0, 1, 0),
(791, 131, 150000, '2019-04-10', 0, 150000, NULL, 0, '', '', 1, 1, 0, 2, 0),
(792, 131, 150000, '2019-05-10', 0, 150000, NULL, 0, '', '', 1, 1, 0, 3, 0),
(793, 131, 150000, '2019-06-10', 0, 150000, NULL, 0, '', '', 1, 1, 0, 4, 0),
(794, 131, 150000, '2019-07-10', 0, 150000, NULL, 0, '', '', 1, 1, 0, 5, 0),
(795, 131, 150000, '2019-08-10', 0, 150000, NULL, 0, '', '', 1, 1, 0, 6, 0),
(796, 131, 150000, '2019-09-10', 0, 150000, NULL, 0, '', '', 1, 1, 0, 7, 0),
(797, 131, 150000, '2019-10-10', 0, 150000, NULL, 0, '', '', 1, 1, 0, 8, 0),
(798, 131, 150000, '2019-11-10', 0, 150000, NULL, 0, '', '', 1, 1, 0, 9, 0),
(799, 132, 35000, '2019-06-10', 0, 35000, NULL, 0, '', 'PAGO INICIAL', 1, 1, 0, 1, 2),
(800, 132, 35000, '2019-11-10', 0, 35000, NULL, 0, '', 'PAGO INICIAL', 1, 1, 0, 1, 2),
(801, 133, 200000, '2019-02-14', 0, 200000, NULL, 1, '', 'PAGO INICIAL', 1, 1, 0, 0, 2),
(802, 133, 150000, '2019-03-10', 0, 150000, NULL, 0, '', '', 1, 1, 0, 1, 0),
(803, 133, 150000, '2019-04-10', 0, 150000, NULL, 0, '', '', 1, 1, 0, 2, 0),
(804, 133, 150000, '2019-05-10', 0, 150000, NULL, 0, '', '', 1, 1, 0, 3, 0),
(805, 133, 150000, '2019-06-10', 0, 150000, NULL, 0, '', '', 1, 1, 0, 4, 0),
(806, 133, 150000, '2019-07-10', 0, 150000, NULL, 0, '', '', 1, 1, 0, 5, 0),
(807, 133, 150000, '2019-08-10', 0, 150000, NULL, 0, '', '', 1, 1, 0, 6, 0),
(808, 133, 150000, '2019-09-10', 0, 150000, NULL, 0, '', '', 1, 1, 0, 7, 0),
(809, 133, 150000, '2019-10-10', 0, 150000, NULL, 0, '', '', 1, 1, 0, 8, 0),
(810, 133, 150000, '2019-11-10', 0, 150000, NULL, 0, '', '', 1, 1, 0, 9, 0),
(811, 134, 35000, '2019-06-10', 0, 35000, NULL, 0, '', 'PAGO INICIAL', 1, 1, 0, 1, 2),
(812, 134, 35000, '2019-11-10', 0, 35000, NULL, 0, '', 'PAGO INICIAL', 1, 1, 0, 1, 2),
(813, 135, 200000, '2019-02-14', 0, 200000, NULL, 1, '', 'PAGO INICIAL', 1, 1, 0, 0, 2),
(814, 135, 150000, '2019-03-10', 0, 150000, NULL, 0, '', '', 1, 1, 0, 1, 0),
(815, 135, 150000, '2019-04-10', 0, 150000, NULL, 0, '', '', 1, 1, 0, 2, 0),
(816, 135, 150000, '2019-05-10', 0, 150000, NULL, 0, '', '', 1, 1, 0, 3, 0),
(817, 135, 150000, '2019-06-10', 0, 150000, NULL, 0, '', '', 1, 1, 0, 4, 0),
(818, 135, 150000, '2019-07-10', 0, 150000, NULL, 0, '', '', 1, 1, 0, 5, 0),
(819, 135, 150000, '2019-08-10', 0, 150000, NULL, 0, '', '', 1, 1, 0, 6, 0),
(820, 135, 150000, '2019-09-10', 0, 150000, NULL, 0, '', '', 1, 1, 0, 7, 0),
(821, 135, 150000, '2019-10-10', 0, 150000, NULL, 0, '', '', 1, 1, 0, 8, 0),
(822, 135, 150000, '2019-11-10', 0, 150000, NULL, 0, '', '', 1, 1, 0, 9, 0),
(823, 136, 35000, '2019-06-10', 0, 35000, NULL, 0, '', 'PAGO INICIAL', 1, 1, 0, 1, 2),
(824, 136, 35000, '2019-11-10', 0, 35000, NULL, 0, '', 'PAGO INICIAL', 1, 1, 0, 1, 2),
(825, 137, 200000, '2019-02-14', 0, 200000, NULL, 1, '', 'PAGO INICIAL', 1, 1, 0, 0, 2),
(826, 137, 150000, '2019-03-10', 0, 150000, NULL, 0, '', '', 1, 1, 0, 1, 0),
(827, 137, 150000, '2019-04-10', 0, 150000, NULL, 0, '', '', 1, 1, 0, 2, 0),
(828, 137, 150000, '2019-05-10', 0, 150000, NULL, 0, '', '', 1, 1, 0, 3, 0),
(829, 137, 150000, '2019-06-10', 0, 150000, NULL, 0, '', '', 1, 1, 0, 4, 0),
(830, 137, 150000, '2019-07-10', 0, 150000, NULL, 0, '', '', 1, 1, 0, 5, 0),
(831, 137, 150000, '2019-08-10', 0, 150000, NULL, 0, '', '', 1, 1, 0, 6, 0),
(832, 137, 150000, '2019-09-10', 0, 150000, NULL, 0, '', '', 1, 1, 0, 7, 0),
(833, 137, 150000, '2019-10-10', 0, 150000, NULL, 0, '', '', 1, 1, 0, 8, 0),
(834, 137, 150000, '2019-11-10', 0, 150000, NULL, 0, '', '', 1, 1, 0, 9, 0),
(835, 138, 35000, '2019-06-10', 0, 35000, NULL, 0, '', 'PAGO INICIAL', 1, 1, 0, 1, 2),
(836, 138, 35000, '2019-11-10', 0, 35000, NULL, 0, '', 'PAGO INICIAL', 1, 1, 0, 1, 2),
(837, 139, 200000, '2019-02-14', 0, 200000, NULL, 1, '', 'PAGO INICIAL', 1, 1, 0, 0, 2),
(838, 139, 150000, '2019-03-10', 0, 150000, NULL, 0, '', '', 1, 1, 0, 1, 0),
(839, 139, 150000, '2019-04-10', 0, 150000, NULL, 0, '', '', 1, 1, 0, 2, 0),
(840, 139, 150000, '2019-05-10', 0, 150000, NULL, 0, '', '', 1, 1, 0, 3, 0),
(841, 139, 150000, '2019-06-10', 0, 150000, NULL, 0, '', '', 1, 1, 0, 4, 0),
(842, 139, 150000, '2019-07-10', 0, 150000, NULL, 0, '', '', 1, 1, 0, 5, 0),
(843, 139, 150000, '2019-08-10', 0, 150000, NULL, 0, '', '', 1, 1, 0, 6, 0),
(844, 139, 150000, '2019-09-10', 0, 150000, NULL, 0, '', '', 1, 1, 0, 7, 0),
(845, 139, 150000, '2019-10-10', 0, 150000, NULL, 0, '', '', 1, 1, 0, 8, 0),
(846, 139, 150000, '2019-11-10', 0, 150000, NULL, 0, '', '', 1, 1, 0, 9, 0),
(847, 140, 35000, '2019-06-10', 0, 35000, NULL, 0, '', 'PAGO INICIAL', 1, 1, 0, 1, 2),
(848, 140, 35000, '2019-11-10', 0, 35000, NULL, 0, '', 'PAGO INICIAL', 1, 1, 0, 1, 2),
(849, 141, 200000, '2019-02-14', 0, 200000, NULL, 1, '', 'PAGO INICIAL', 1, 1, 0, 0, 2),
(850, 141, 200000, '2019-03-10', 0, 200000, NULL, 0, '', '', 1, 1, 0, 1, 0),
(851, 141, 200000, '2019-04-10', 0, 200000, NULL, 0, '', '', 1, 1, 0, 2, 0),
(852, 141, 200000, '2019-05-10', 0, 200000, NULL, 0, '', '', 1, 1, 0, 3, 0),
(853, 141, 200000, '2019-06-10', 0, 200000, NULL, 0, '', '', 1, 1, 0, 4, 0),
(854, 141, 200000, '2019-07-10', 0, 200000, NULL, 0, '', '', 1, 1, 0, 5, 0),
(855, 141, 200000, '2019-08-10', 0, 200000, NULL, 0, '', '', 1, 1, 0, 6, 0),
(856, 141, 200000, '2019-09-10', 0, 200000, NULL, 0, '', '', 1, 1, 0, 7, 0),
(857, 141, 200000, '2019-10-10', 0, 200000, NULL, 0, '', '', 1, 1, 0, 8, 0),
(858, 141, 200000, '2019-11-10', 0, 200000, NULL, 0, '', '', 1, 1, 0, 9, 0),
(859, 142, 35000, '2019-06-10', 0, 35000, NULL, 0, '', 'PAGO INICIAL', 1, 1, 0, 1, 2),
(860, 142, 35000, '2019-11-10', 0, 35000, NULL, 0, '', 'PAGO INICIAL', 1, 1, 0, 1, 2),
(861, 143, 200000, '2019-02-14', 0, 200000, NULL, 1, '', 'PAGO INICIAL', 1, 1, 0, 0, 2),
(862, 143, 200000, '2019-03-10', 0, 200000, NULL, 0, '', '', 1, 1, 0, 1, 0),
(863, 143, 200000, '2019-04-10', 0, 200000, NULL, 0, '', '', 1, 1, 0, 2, 0),
(864, 143, 200000, '2019-05-10', 0, 200000, NULL, 0, '', '', 1, 1, 0, 3, 0),
(865, 143, 200000, '2019-06-10', 0, 200000, NULL, 0, '', '', 1, 1, 0, 4, 0),
(866, 143, 200000, '2019-07-10', 0, 200000, NULL, 0, '', '', 1, 1, 0, 5, 0),
(867, 143, 200000, '2019-08-10', 0, 200000, NULL, 0, '', '', 1, 1, 0, 6, 0),
(868, 143, 200000, '2019-09-10', 0, 200000, NULL, 0, '', '', 1, 1, 0, 7, 0),
(869, 143, 200000, '2019-10-10', 0, 200000, NULL, 0, '', '', 1, 1, 0, 8, 0),
(870, 143, 200000, '2019-11-10', 0, 200000, NULL, 0, '', '', 1, 1, 0, 9, 0),
(871, 144, 35000, '2019-06-10', 0, 35000, NULL, 0, '', 'PAGO INICIAL', 1, 1, 0, 1, 2),
(872, 144, 35000, '2019-11-10', 0, 35000, NULL, 0, '', 'PAGO INICIAL', 1, 1, 0, 1, 2),
(873, 145, 200000, '2019-02-14', 0, 200000, NULL, 1, '', 'PAGO INICIAL', 1, 1, 0, 0, 2),
(874, 145, 150000, '2019-03-10', 0, 150000, NULL, 0, '', '', 1, 1, 0, 1, 0),
(875, 145, 150000, '2019-04-10', 0, 150000, NULL, 0, '', '', 1, 1, 0, 2, 0),
(876, 145, 150000, '2019-05-10', 0, 150000, NULL, 0, '', '', 1, 1, 0, 3, 0),
(877, 145, 150000, '2019-06-10', 0, 150000, NULL, 0, '', '', 1, 1, 0, 4, 0),
(878, 145, 150000, '2019-07-10', 0, 150000, NULL, 0, '', '', 1, 1, 0, 5, 0),
(879, 145, 150000, '2019-08-10', 0, 150000, NULL, 0, '', '', 1, 1, 0, 6, 0),
(880, 145, 150000, '2019-09-10', 0, 150000, NULL, 0, '', '', 1, 1, 0, 7, 0),
(881, 145, 150000, '2019-10-10', 0, 150000, NULL, 0, '', '', 1, 1, 0, 8, 0),
(882, 145, 150000, '2019-11-10', 0, 150000, NULL, 0, '', '', 1, 1, 0, 9, 0),
(883, 146, 35000, '2019-06-10', 0, 35000, NULL, 0, '', 'PAGO INICIAL', 1, 1, 0, 1, 2),
(884, 146, 35000, '2019-11-10', 0, 35000, NULL, 0, '', 'PAGO INICIAL', 1, 1, 0, 1, 2),
(885, 147, 200000, '2019-02-14', 0, 200000, NULL, 1, '', 'PAGO INICIAL', 1, 1, 0, 0, 2),
(886, 147, 200000, '2019-03-10', 0, 200000, NULL, 0, '', '', 1, 1, 0, 1, 0),
(887, 147, 200000, '2019-04-10', 0, 200000, NULL, 0, '', '', 1, 1, 0, 2, 0),
(888, 147, 200000, '2019-05-10', 0, 200000, NULL, 0, '', '', 1, 1, 0, 3, 0),
(889, 147, 200000, '2019-06-10', 0, 200000, NULL, 0, '', '', 1, 1, 0, 4, 0),
(890, 147, 200000, '2019-07-10', 0, 200000, NULL, 0, '', '', 1, 1, 0, 5, 0),
(891, 147, 200000, '2019-08-10', 0, 200000, NULL, 0, '', '', 1, 1, 0, 6, 0),
(892, 147, 200000, '2019-09-10', 0, 200000, NULL, 0, '', '', 1, 1, 0, 7, 0),
(893, 147, 200000, '2019-10-10', 0, 200000, NULL, 0, '', '', 1, 1, 0, 8, 0),
(894, 147, 200000, '2019-11-10', 0, 200000, NULL, 0, '', '', 1, 1, 0, 9, 0),
(895, 148, 35000, '2019-06-10', 0, 35000, NULL, 0, '', 'PAGO INICIAL', 1, 1, 0, 1, 2),
(896, 148, 35000, '2019-11-10', 0, 35000, NULL, 0, '', 'PAGO INICIAL', 1, 1, 0, 1, 2),
(897, 150, 35000, '2019-06-10', 0, 35000, NULL, 0, '', 'PAGO INICIAL', 1, 1, 0, 1, 2),
(898, 150, 35000, '2019-11-10', 0, 35000, NULL, 0, '', 'PAGO INICIAL', 1, 1, 0, 1, 2),
(899, 151, 200000, '2019-02-15', 0, 200000, NULL, 1, '', 'PAGO INICIAL', 1, 1, 0, 0, 2),
(900, 151, 160000, '2019-03-10', 0, 160000, NULL, 0, '', '', 1, 1, 0, 1, 0),
(901, 151, 160000, '2019-04-10', 0, 160000, NULL, 0, '', '', 1, 1, 0, 2, 0),
(902, 151, 160000, '2019-05-10', 0, 160000, NULL, 0, '', '', 1, 1, 0, 3, 0),
(903, 151, 160000, '2019-06-10', 0, 160000, NULL, 0, '', '', 1, 1, 0, 4, 0),
(904, 151, 160000, '2019-07-10', 0, 160000, NULL, 0, '', '', 1, 1, 0, 5, 0),
(905, 151, 160000, '2019-08-10', 0, 160000, NULL, 0, '', '', 1, 1, 0, 6, 0),
(906, 151, 160000, '2019-09-10', 0, 160000, NULL, 0, '', '', 1, 1, 0, 7, 0),
(907, 151, 160000, '2019-10-10', 0, 160000, NULL, 0, '', '', 1, 1, 0, 8, 0),
(908, 151, 160000, '2019-11-10', 0, 160000, NULL, 0, '', '', 1, 1, 0, 9, 0),
(909, 152, 35000, '2019-06-10', 0, 35000, NULL, 0, '', 'PAGO INICIAL', 1, 1, 0, 1, 2),
(910, 152, 35000, '2019-11-10', 0, 35000, NULL, 0, '', 'PAGO INICIAL', 1, 1, 0, 1, 2),
(911, 153, 200000, '2019-02-15', 0, 200000, NULL, 1, '', 'PAGO INICIAL', 1, 1, 0, 0, 2),
(912, 153, 160000, '2019-03-10', 0, 160000, NULL, 0, '', '', 1, 1, 0, 1, 0),
(913, 153, 160000, '2019-04-10', 0, 160000, NULL, 0, '', '', 1, 1, 0, 2, 0),
(914, 153, 160000, '2019-05-10', 0, 160000, NULL, 0, '', '', 1, 1, 0, 3, 0),
(915, 153, 160000, '2019-06-10', 0, 160000, NULL, 0, '', '', 1, 1, 0, 4, 0),
(916, 153, 160000, '2019-07-10', 0, 160000, NULL, 0, '', '', 1, 1, 0, 5, 0),
(917, 153, 160000, '2019-08-10', 0, 160000, NULL, 0, '', '', 1, 1, 0, 6, 0),
(918, 153, 160000, '2019-09-10', 0, 160000, NULL, 0, '', '', 1, 1, 0, 7, 0),
(919, 153, 160000, '2019-10-10', 0, 160000, NULL, 0, '', '', 1, 1, 0, 8, 0),
(920, 153, 160000, '2019-11-10', 0, 160000, NULL, 0, '', '', 1, 1, 0, 9, 0),
(921, 154, 35000, '2019-06-10', 0, 35000, NULL, 0, '', 'PAGO INICIAL', 1, 1, 0, 1, 2),
(922, 154, 35000, '2019-11-10', 0, 35000, NULL, 0, '', 'PAGO INICIAL', 1, 1, 0, 1, 2),
(923, 155, 200000, '2019-02-15', 0, 200000, NULL, 1, '', 'PAGO INICIAL', 1, 1, 0, 0, 2),
(924, 155, 160000, '2019-03-10', 0, 160000, NULL, 0, '', '', 1, 1, 0, 1, 0),
(925, 155, 160000, '2019-04-10', 0, 160000, NULL, 0, '', '', 1, 1, 0, 2, 0),
(926, 155, 160000, '2019-05-10', 0, 160000, NULL, 0, '', '', 1, 1, 0, 3, 0),
(927, 155, 160000, '2019-06-10', 0, 160000, NULL, 0, '', '', 1, 1, 0, 4, 0),
(928, 155, 160000, '2019-07-10', 0, 160000, NULL, 0, '', '', 1, 1, 0, 5, 0),
(929, 155, 160000, '2019-08-10', 0, 160000, NULL, 0, '', '', 1, 1, 0, 6, 0),
(930, 155, 160000, '2019-09-10', 0, 160000, NULL, 0, '', '', 1, 1, 0, 7, 0),
(931, 155, 160000, '2019-10-10', 0, 160000, NULL, 0, '', '', 1, 1, 0, 8, 0),
(932, 155, 160000, '2019-11-10', 0, 160000, NULL, 0, '', '', 1, 1, 0, 9, 0),
(933, 156, 35000, '2019-06-10', 0, 35000, NULL, 0, '', 'PAGO INICIAL', 1, 1, 0, 1, 2),
(934, 156, 35000, '2019-11-10', 0, 35000, NULL, 0, '', 'PAGO INICIAL', 1, 1, 0, 1, 2),
(935, 157, 250000, '2019-02-15', 0, 250000, NULL, 1, '', 'PAGO INICIAL', 1, 1, 0, 0, 2),
(936, 157, 160000, '2019-03-10', 0, 160000, NULL, 0, '', '', 1, 1, 0, 1, 0),
(937, 157, 160000, '2019-04-10', 0, 160000, NULL, 0, '', '', 1, 1, 0, 2, 0),
(938, 157, 160000, '2019-05-10', 0, 160000, NULL, 0, '', '', 1, 1, 0, 3, 0),
(939, 157, 160000, '2019-06-10', 0, 160000, NULL, 0, '', '', 1, 1, 0, 4, 0),
(940, 157, 160000, '2019-07-10', 0, 160000, NULL, 0, '', '', 1, 1, 0, 5, 0),
(941, 157, 160000, '2019-08-10', 0, 160000, NULL, 0, '', '', 1, 1, 0, 6, 0),
(942, 157, 160000, '2019-09-10', 0, 160000, NULL, 0, '', '', 1, 1, 0, 7, 0),
(943, 157, 160000, '2019-10-10', 0, 160000, NULL, 0, '', '', 1, 1, 0, 8, 0),
(944, 157, 160000, '2019-11-10', 0, 160000, NULL, 0, '', '', 1, 1, 0, 9, 0),
(945, 158, 35000, '2019-06-10', 0, 35000, NULL, 0, '', 'PAGO INICIAL', 1, 1, 0, 1, 2),
(946, 158, 35000, '2019-11-10', 0, 35000, NULL, 0, '', 'PAGO INICIAL', 1, 1, 0, 1, 2),
(947, 159, 200000, '2019-02-15', 0, 200000, NULL, 1, '', 'PAGO INICIAL', 1, 1, 0, 0, 2),
(948, 159, 160000, '2019-03-10', 0, 160000, NULL, 0, '', '', 1, 1, 0, 1, 0),
(949, 159, 160000, '2019-04-10', 0, 160000, NULL, 0, '', '', 1, 1, 0, 2, 0),
(950, 159, 160000, '2019-05-10', 0, 160000, NULL, 0, '', '', 1, 1, 0, 3, 0),
(951, 159, 160000, '2019-06-10', 0, 160000, NULL, 0, '', '', 1, 1, 0, 4, 0),
(952, 159, 160000, '2019-07-10', 0, 160000, NULL, 0, '', '', 1, 1, 0, 5, 0),
(953, 159, 160000, '2019-08-10', 0, 160000, NULL, 0, '', '', 1, 1, 0, 6, 0),
(954, 159, 160000, '2019-09-10', 0, 160000, NULL, 0, '', '', 1, 1, 0, 7, 0),
(955, 159, 160000, '2019-10-10', 0, 160000, NULL, 0, '', '', 1, 1, 0, 8, 0),
(956, 159, 160000, '2019-11-10', 0, 160000, NULL, 0, '', '', 1, 1, 0, 9, 0),
(957, 160, 35000, '2019-06-10', 0, 35000, NULL, 0, '', 'PAGO INICIAL', 1, 1, 0, 1, 2),
(958, 160, 35000, '2019-11-10', 0, 35000, NULL, 0, '', 'PAGO INICIAL', 1, 1, 0, 1, 2),
(959, 161, 200000, '2019-02-15', 0, 200000, NULL, 1, '', 'PAGO INICIAL', 1, 1, 0, 0, 2),
(960, 161, 160000, '2019-03-10', 0, 160000, NULL, 0, '', '', 1, 1, 0, 1, 0),
(961, 161, 160000, '2019-04-10', 0, 160000, NULL, 0, '', '', 1, 1, 0, 2, 0),
(962, 161, 160000, '2019-05-10', 0, 160000, NULL, 0, '', '', 1, 1, 0, 3, 0),
(963, 161, 160000, '2019-06-10', 0, 160000, NULL, 0, '', '', 1, 1, 0, 4, 0),
(964, 161, 160000, '2019-07-10', 0, 160000, NULL, 0, '', '', 1, 1, 0, 5, 0),
(965, 161, 160000, '2019-08-10', 0, 160000, NULL, 0, '', '', 1, 1, 0, 6, 0),
(966, 161, 160000, '2019-09-10', 0, 160000, NULL, 0, '', '', 1, 1, 0, 7, 0),
(967, 161, 160000, '2019-10-10', 0, 160000, NULL, 0, '', '', 1, 1, 0, 8, 0),
(968, 161, 160000, '2019-11-10', 0, 160000, NULL, 0, '', '', 1, 1, 0, 9, 0),
(969, 162, 35000, '2019-06-10', 0, 35000, NULL, 0, '', 'PAGO INICIAL', 1, 1, 0, 1, 2),
(970, 162, 35000, '2019-11-10', 0, 35000, NULL, 0, '', 'PAGO INICIAL', 1, 1, 0, 1, 2),
(971, 163, 200000, '2019-02-15', 200000, 0, '2019-02-22', 1, '0006', 'PAGO DE MATRICULA', 1, 1, 1, 0, 4),
(972, 163, 160000, '2019-03-10', 0, 160000, NULL, 0, '', '', 1, 1, 0, 1, 0),
(973, 163, 160000, '2019-04-10', 0, 160000, NULL, 0, '', '', 1, 1, 0, 2, 0),
(974, 163, 160000, '2019-05-10', 0, 160000, NULL, 0, '', '', 1, 1, 0, 3, 0),
(975, 163, 160000, '2019-06-10', 0, 160000, NULL, 0, '', '', 1, 1, 0, 4, 0),
(976, 163, 160000, '2019-07-10', 0, 160000, NULL, 0, '', '', 1, 1, 0, 5, 0),
(977, 163, 160000, '2019-08-10', 0, 160000, NULL, 0, '', '', 1, 1, 0, 6, 0),
(978, 163, 160000, '2019-09-10', 0, 160000, NULL, 0, '', '', 1, 1, 0, 7, 0),
(979, 163, 160000, '2019-10-10', 0, 160000, NULL, 0, '', '', 1, 1, 0, 8, 0),
(980, 163, 160000, '2019-11-10', 0, 160000, NULL, 0, '', '', 1, 1, 0, 9, 0),
(981, 164, 35000, '2019-06-10', 0, 35000, NULL, 0, '', 'PAGO INICIAL', 1, 1, 0, 1, 2),
(982, 164, 35000, '2019-11-10', 0, 35000, NULL, 0, '', 'PAGO INICIAL', 1, 1, 0, 1, 2),
(983, 165, 200000, '2019-02-15', 200000, 0, '2019-02-22', 1, '0007', 'PAGO DE MATRICULA', 1, 1, 1, 0, 4),
(984, 165, 160000, '2019-03-10', 160000, 0, '2019-03-08', 1, '8153', 'PAGO DE CUOTA MES DE MARZO', 1, 1, 1, 1, 4),
(985, 165, 160000, '2019-04-10', 0, 160000, NULL, 0, '', '', 1, 1, 0, 2, 0),
(986, 165, 160000, '2019-05-10', 0, 160000, NULL, 0, '', '', 1, 1, 0, 3, 0),
(987, 165, 160000, '2019-06-10', 0, 160000, NULL, 0, '', '', 1, 1, 0, 4, 0),
(988, 165, 160000, '2019-07-10', 0, 160000, NULL, 0, '', '', 1, 1, 0, 5, 0),
(989, 165, 160000, '2019-08-10', 0, 160000, NULL, 0, '', '', 1, 1, 0, 6, 0),
(990, 165, 160000, '2019-09-10', 0, 160000, NULL, 0, '', '', 1, 1, 0, 7, 0),
(991, 165, 160000, '2019-10-10', 0, 160000, NULL, 0, '', '', 1, 1, 0, 8, 0),
(992, 165, 160000, '2019-11-10', 0, 160000, NULL, 0, '', '', 1, 1, 0, 9, 0),
(993, 166, 35000, '2019-06-10', 0, 35000, NULL, 0, '', 'PAGO INICIAL', 1, 1, 0, 1, 2),
(994, 166, 35000, '2019-11-10', 0, 35000, NULL, 0, '', 'PAGO INICIAL', 1, 1, 0, 1, 2),
(995, 167, 200000, '2019-02-15', 200000, 0, '2019-02-22', 1, '0007', 'PAGO DE MATRICULA', 1, 1, 1, 0, 4),
(996, 167, 160000, '2019-03-10', 0, 160000, NULL, 0, '', '', 1, 1, 0, 1, 0),
(997, 167, 160000, '2019-04-10', 0, 160000, NULL, 0, '', '', 1, 1, 0, 2, 0),
(998, 167, 160000, '2019-05-10', 0, 160000, NULL, 0, '', '', 1, 1, 0, 3, 0),
(999, 167, 160000, '2019-06-10', 0, 160000, NULL, 0, '', '', 1, 1, 0, 4, 0),
(1000, 167, 160000, '2019-07-10', 0, 160000, NULL, 0, '', '', 1, 1, 0, 5, 0),
(1001, 167, 160000, '2019-08-10', 0, 160000, NULL, 0, '', '', 1, 1, 0, 6, 0),
(1002, 167, 160000, '2019-09-10', 0, 160000, NULL, 0, '', '', 1, 1, 0, 7, 0),
(1003, 167, 160000, '2019-10-10', 0, 160000, NULL, 0, '', '', 1, 1, 0, 8, 0),
(1004, 167, 160000, '2019-11-10', 0, 160000, NULL, 0, '', '', 1, 1, 0, 9, 0),
(1005, 168, 35000, '2019-06-10', 0, 35000, NULL, 0, '', 'PAGO INICIAL', 1, 1, 0, 1, 2),
(1006, 168, 35000, '2019-11-10', 0, 35000, NULL, 0, '', 'PAGO INICIAL', 1, 1, 0, 1, 2),
(1007, 169, 200000, '2019-02-15', 200000, 0, '2019-02-22', 1, '0007', 'PAGO DE MATRICULA', 1, 1, 1, 0, 4),
(1008, 169, 160000, '2019-03-10', 160000, 0, '2019-03-08', 1, '8171', 'PAGO DE CUOTA MES DE MARZO', 1, 1, 1, 1, 4),
(1009, 169, 160000, '2019-04-10', 0, 160000, NULL, 0, '', '', 1, 1, 0, 2, 0),
(1010, 169, 160000, '2019-05-10', 0, 160000, NULL, 0, '', '', 1, 1, 0, 3, 0),
(1011, 169, 160000, '2019-06-10', 0, 160000, NULL, 0, '', '', 1, 1, 0, 4, 0),
(1012, 169, 160000, '2019-07-10', 0, 160000, NULL, 0, '', '', 1, 1, 0, 5, 0),
(1013, 169, 160000, '2019-08-10', 0, 160000, NULL, 0, '', '', 1, 1, 0, 6, 0),
(1014, 169, 160000, '2019-09-10', 0, 160000, NULL, 0, '', '', 1, 1, 0, 7, 0),
(1015, 169, 160000, '2019-10-10', 0, 160000, NULL, 0, '', '', 1, 1, 0, 8, 0),
(1016, 169, 160000, '2019-11-10', 0, 160000, NULL, 0, '', '', 1, 1, 0, 9, 0),
(1017, 170, 35000, '2019-06-10', 0, 35000, NULL, 0, '', 'PAGO INICIAL', 1, 1, 0, 1, 2),
(1018, 170, 35000, '2019-11-10', 0, 35000, NULL, 0, '', 'PAGO INICIAL', 1, 1, 0, 1, 2),
(1019, 171, 200000, '2019-02-15', 200000, 0, '2019-02-22', 1, '0007', 'PAGO DE MATRICULA', 1, 1, 1, 0, 4),
(1020, 171, 160000, '2019-03-10', 0, 160000, NULL, 0, '', '', 1, 1, 0, 1, 0),
(1021, 171, 160000, '2019-04-10', 0, 160000, NULL, 0, '', '', 1, 1, 0, 2, 0),
(1022, 171, 160000, '2019-05-10', 0, 160000, NULL, 0, '', '', 1, 1, 0, 3, 0),
(1023, 171, 160000, '2019-06-10', 0, 160000, NULL, 0, '', '', 1, 1, 0, 4, 0),
(1024, 171, 160000, '2019-07-10', 0, 160000, NULL, 0, '', '', 1, 1, 0, 5, 0),
(1025, 171, 160000, '2019-08-10', 0, 160000, NULL, 0, '', '', 1, 1, 0, 6, 0),
(1026, 171, 160000, '2019-09-10', 0, 160000, NULL, 0, '', '', 1, 1, 0, 7, 0),
(1027, 171, 160000, '2019-10-10', 0, 160000, NULL, 0, '', '', 1, 1, 0, 8, 0),
(1028, 171, 160000, '2019-11-10', 0, 160000, NULL, 0, '', '', 1, 1, 0, 9, 0),
(1029, 172, 35000, '2019-06-10', 0, 35000, NULL, 0, '', 'PAGO INICIAL', 1, 1, 0, 1, 2),
(1030, 172, 35000, '2019-11-10', 0, 35000, NULL, 0, '', 'PAGO INICIAL', 1, 1, 0, 1, 2),
(1031, 173, 200000, '2019-02-15', 200000, 0, '2019-02-22', 1, '0006', 'PAGO DE MATRICULA', 1, 1, 1, 0, 4),
(1032, 173, 160000, '2019-03-10', 160000, 0, '2019-03-05', 1, '8116', 'PAGO DE  CUOTA MARZO', 1, 1, 1, 1, 4),
(1033, 173, 160000, '2019-04-10', 0, 160000, NULL, 0, '', '', 1, 1, 0, 2, 0),
(1034, 173, 160000, '2019-05-10', 0, 160000, NULL, 0, '', '', 1, 1, 0, 3, 0),
(1035, 173, 160000, '2019-06-10', 0, 160000, NULL, 0, '', '', 1, 1, 0, 4, 0),
(1036, 173, 160000, '2019-07-10', 0, 160000, NULL, 0, '', '', 1, 1, 0, 5, 0),
(1037, 173, 160000, '2019-08-10', 0, 160000, NULL, 0, '', '', 1, 1, 0, 6, 0),
(1038, 173, 160000, '2019-09-10', 0, 160000, NULL, 0, '', '', 1, 1, 0, 7, 0),
(1039, 173, 160000, '2019-10-10', 0, 160000, NULL, 0, '', '', 1, 1, 0, 8, 0),
(1040, 173, 160000, '2019-11-10', 0, 160000, NULL, 0, '', '', 1, 1, 0, 9, 0),
(1041, 174, 35000, '2019-06-10', 0, 35000, NULL, 0, '', 'PAGO INICIAL', 1, 1, 0, 1, 2),
(1042, 174, 35000, '2019-11-10', 0, 35000, NULL, 0, '', 'PAGO INICIAL', 1, 1, 0, 1, 2),
(1043, 175, 200000, '2019-02-18', 200000, 0, '2019-02-19', 1, '', 'PAGO DE MATRICULA', 1, 1, 1, 0, 2),
(1044, 175, 160000, '2019-03-10', 0, 160000, NULL, 0, '', '', 1, 1, 0, 1, 0),
(1045, 175, 160000, '2019-04-10', 0, 160000, NULL, 0, '', '', 1, 1, 0, 2, 0),
(1046, 175, 160000, '2019-05-10', 0, 160000, NULL, 0, '', '', 1, 1, 0, 3, 0),
(1047, 175, 160000, '2019-06-10', 0, 160000, NULL, 0, '', '', 1, 1, 0, 4, 0),
(1048, 175, 160000, '2019-07-10', 0, 160000, NULL, 0, '', '', 1, 1, 0, 5, 0),
(1049, 175, 160000, '2019-08-10', 0, 160000, NULL, 0, '', '', 1, 1, 0, 6, 0),
(1050, 175, 160000, '2019-09-10', 0, 160000, NULL, 0, '', '', 1, 1, 0, 7, 0),
(1051, 175, 160000, '2019-10-10', 0, 160000, NULL, 0, '', '', 1, 1, 0, 8, 0),
(1052, 175, 160000, '2019-11-10', 0, 160000, NULL, 0, '', '', 1, 1, 0, 9, 0),
(1053, 176, 35000, '2019-06-10', 0, 35000, NULL, 0, '', 'PAGO INICIAL', 1, 1, 0, 1, 2),
(1054, 176, 35000, '2019-11-10', 0, 35000, NULL, 0, '', 'PAGO INICIAL', 1, 1, 0, 1, 2),
(1055, 177, 200000, '2019-02-18', 200000, 0, '2019-02-19', 1, '', 'PAGO DE MATRICULA', 1, 1, 1, 0, 2),
(1056, 177, 150000, '2019-03-10', 150000, 0, '2019-03-08', 1, '8183', 'PAGO DE CUOTA MES DE MARZO', 1, 1, 1, 1, 4),
(1057, 177, 150000, '2019-04-10', 0, 150000, NULL, 0, '', '', 1, 1, 0, 2, 0),
(1058, 177, 150000, '2019-05-10', 0, 150000, NULL, 0, '', '', 1, 1, 0, 3, 0),
(1059, 177, 150000, '2019-06-10', 0, 150000, NULL, 0, '', '', 1, 1, 0, 4, 0),
(1060, 177, 150000, '2019-07-10', 0, 150000, NULL, 0, '', '', 1, 1, 0, 5, 0),
(1061, 177, 150000, '2019-08-10', 0, 150000, NULL, 0, '', '', 1, 1, 0, 6, 0),
(1062, 177, 150000, '2019-09-10', 0, 150000, NULL, 0, '', '', 1, 1, 0, 7, 0),
(1063, 177, 150000, '2019-10-10', 0, 150000, NULL, 0, '', '', 1, 1, 0, 8, 0),
(1064, 177, 150000, '2019-11-10', 0, 150000, NULL, 0, '', '', 1, 1, 0, 9, 0),
(1065, 178, 35000, '2019-06-10', 0, 35000, NULL, 0, '', 'PAGO INICIAL', 1, 1, 0, 1, 2),
(1066, 178, 35000, '2019-11-10', 0, 35000, NULL, 0, '', 'PAGO INICIAL', 1, 1, 0, 1, 2),
(1067, 179, 200000, '2019-02-18', 200000, 0, '2019-02-22', 1, '', 'PAGO DE MATRICULA', 1, 1, 1, 0, 3),
(1068, 179, 150000, '2019-03-10', 0, 150000, NULL, 0, '', '', 1, 1, 0, 1, 0),
(1069, 179, 150000, '2019-04-10', 0, 150000, NULL, 0, '', '', 1, 1, 0, 2, 0),
(1070, 179, 150000, '2019-05-10', 0, 150000, NULL, 0, '', '', 1, 1, 0, 3, 0),
(1071, 179, 150000, '2019-06-10', 0, 150000, NULL, 0, '', '', 1, 1, 0, 4, 0),
(1072, 179, 150000, '2019-07-10', 0, 150000, NULL, 0, '', '', 1, 1, 0, 5, 0),
(1073, 179, 150000, '2019-08-10', 0, 150000, NULL, 0, '', '', 1, 1, 0, 6, 0),
(1074, 179, 150000, '2019-09-10', 0, 150000, NULL, 0, '', '', 1, 1, 0, 7, 0),
(1075, 179, 150000, '2019-10-10', 0, 150000, NULL, 0, '', '', 1, 1, 0, 8, 0),
(1076, 179, 150000, '2019-11-10', 0, 150000, NULL, 0, '', '', 1, 1, 0, 9, 0),
(1077, 180, 35000, '2019-06-10', 0, 35000, NULL, 0, '', 'PAGO INICIAL', 1, 1, 0, 1, 2),
(1078, 180, 35000, '2019-11-10', 0, 35000, NULL, 0, '', 'PAGO INICIAL', 1, 1, 0, 1, 2),
(1079, 181, 200000, '2019-02-18', 0, 200000, NULL, 1, '', 'PAGO INICIAL', 1, 1, 0, 0, 2),
(1080, 181, 150000, '2019-03-10', 0, 150000, NULL, 0, '', '', 1, 1, 0, 1, 0),
(1081, 181, 150000, '2019-04-10', 0, 150000, NULL, 0, '', '', 1, 1, 0, 2, 0),
(1082, 181, 150000, '2019-05-10', 0, 150000, NULL, 0, '', '', 1, 1, 0, 3, 0),
(1083, 181, 150000, '2019-06-10', 0, 150000, NULL, 0, '', '', 1, 1, 0, 4, 0),
(1084, 181, 150000, '2019-07-10', 0, 150000, NULL, 0, '', '', 1, 1, 0, 5, 0),
(1085, 181, 150000, '2019-08-10', 0, 150000, NULL, 0, '', '', 1, 1, 0, 6, 0),
(1086, 181, 150000, '2019-09-10', 0, 150000, NULL, 0, '', '', 1, 1, 0, 7, 0),
(1087, 181, 150000, '2019-10-10', 0, 150000, NULL, 0, '', '', 1, 1, 0, 8, 0),
(1088, 181, 150000, '2019-11-10', 0, 150000, NULL, 0, '', '', 1, 1, 0, 9, 0),
(1089, 182, 35000, '2019-06-10', 0, 35000, NULL, 0, '', 'PAGO INICIAL', 1, 1, 0, 1, 2),
(1090, 182, 35000, '2019-11-10', 0, 35000, NULL, 0, '', 'PAGO INICIAL', 1, 1, 0, 1, 2),
(1091, 183, 250000, '2019-02-18', 250000, 0, '2019-02-22', 1, '0005', 'PAGO DE MATRICULA', 1, 1, 1, 0, 4),
(1092, 183, 200000, '2019-03-10', 0, 200000, NULL, 0, '', '', 1, 1, 0, 1, 0),
(1093, 183, 200000, '2019-04-10', 0, 200000, NULL, 0, '', '', 1, 1, 0, 2, 0),
(1094, 183, 200000, '2019-05-10', 0, 200000, NULL, 0, '', '', 1, 1, 0, 3, 0),
(1095, 183, 200000, '2019-06-10', 0, 200000, NULL, 0, '', '', 1, 1, 0, 4, 0),
(1096, 183, 200000, '2019-07-10', 0, 200000, NULL, 0, '', '', 1, 1, 0, 5, 0),
(1097, 183, 200000, '2019-08-10', 0, 200000, NULL, 0, '', '', 1, 1, 0, 6, 0),
(1098, 183, 200000, '2019-09-10', 0, 200000, NULL, 0, '', '', 1, 1, 0, 7, 0),
(1099, 183, 200000, '2019-10-10', 0, 200000, NULL, 0, '', '', 1, 1, 0, 8, 0),
(1100, 183, 200000, '2019-11-10', 0, 200000, NULL, 0, '', '', 1, 1, 0, 9, 0),
(1101, 184, 35000, '2019-06-10', 0, 35000, NULL, 0, '', 'PAGO INICIAL', 1, 1, 0, 1, 2),
(1102, 184, 35000, '2019-11-10', 0, 35000, NULL, 0, '', 'PAGO INICIAL', 1, 1, 0, 1, 2),
(1103, 185, 200000, '2019-02-18', 200000, 0, '2019-02-22', 1, '0005', 'PAGO DE MATRICULA', 1, 1, 1, 0, 4),
(1104, 185, 150000, '2019-03-10', 0, 150000, NULL, 0, '', '', 1, 1, 0, 1, 0),
(1105, 185, 150000, '2019-04-10', 0, 150000, NULL, 0, '', '', 1, 1, 0, 2, 0),
(1106, 185, 150000, '2019-05-10', 0, 150000, NULL, 0, '', '', 1, 1, 0, 3, 0),
(1107, 185, 150000, '2019-06-10', 0, 150000, NULL, 0, '', '', 1, 1, 0, 4, 0),
(1108, 185, 150000, '2019-07-10', 0, 150000, NULL, 0, '', '', 1, 1, 0, 5, 0),
(1109, 185, 150000, '2019-08-10', 0, 150000, NULL, 0, '', '', 1, 1, 0, 6, 0),
(1110, 185, 150000, '2019-09-10', 0, 150000, NULL, 0, '', '', 1, 1, 0, 7, 0),
(1111, 185, 150000, '2019-10-10', 0, 150000, NULL, 0, '', '', 1, 1, 0, 8, 0),
(1112, 185, 150000, '2019-11-10', 0, 150000, NULL, 0, '', '', 1, 1, 0, 9, 0),
(1113, 186, 35000, '2019-06-10', 0, 35000, NULL, 0, '', 'PAGO INICIAL', 1, 1, 0, 1, 2),
(1114, 186, 35000, '2019-11-10', 0, 35000, NULL, 0, '', 'PAGO INICIAL', 1, 1, 0, 1, 2),
(1115, 187, 200000, '2019-02-18', 200000, 0, '2019-03-03', 1, '8081', 'PAGO DE MATRICULA', 1, 1, 1, 0, 4),
(1116, 187, 150000, '2019-03-10', 0, 150000, NULL, 0, '', '', 1, 1, 0, 1, 0),
(1117, 187, 150000, '2019-04-10', 0, 150000, NULL, 0, '', '', 1, 1, 0, 2, 0),
(1118, 187, 150000, '2019-05-10', 0, 150000, NULL, 0, '', '', 1, 1, 0, 3, 0),
(1119, 187, 150000, '2019-06-10', 0, 150000, NULL, 0, '', '', 1, 1, 0, 4, 0),
(1120, 187, 150000, '2019-07-10', 0, 150000, NULL, 0, '', '', 1, 1, 0, 5, 0),
(1121, 187, 150000, '2019-08-10', 0, 150000, NULL, 0, '', '', 1, 1, 0, 6, 0),
(1122, 187, 150000, '2019-09-10', 0, 150000, NULL, 0, '', '', 1, 1, 0, 7, 0),
(1123, 187, 150000, '2019-10-10', 0, 150000, NULL, 0, '', '', 1, 1, 0, 8, 0),
(1124, 187, 150000, '2019-11-10', 0, 150000, NULL, 0, '', '', 1, 1, 0, 9, 0),
(1125, 188, 35000, '2019-06-10', 0, 35000, NULL, 0, '', 'PAGO INICIAL', 1, 1, 0, 1, 2),
(1126, 188, 35000, '2019-11-10', 0, 35000, NULL, 0, '', 'PAGO INICIAL', 1, 1, 0, 1, 2),
(1127, 189, 200000, '2019-02-18', 200000, 0, '2019-02-22', 1, '0005', 'PAGO DE MATRICULA', 1, 1, 1, 0, 4),
(1128, 189, 150000, '2019-03-10', 150000, 0, '2019-02-26', 1, '0015', 'PAGO DE CUOTA', 1, 1, 1, 1, 4),
(1129, 189, 150000, '2019-04-10', 0, 150000, NULL, 0, '', '', 1, 1, 0, 2, 0),
(1130, 189, 150000, '2019-05-10', 0, 150000, NULL, 0, '', '', 1, 1, 0, 3, 0),
(1131, 189, 150000, '2019-06-10', 0, 150000, NULL, 0, '', '', 1, 1, 0, 4, 0),
(1132, 189, 150000, '2019-07-10', 0, 150000, NULL, 0, '', '', 1, 1, 0, 5, 0),
(1133, 189, 150000, '2019-08-10', 0, 150000, NULL, 0, '', '', 1, 1, 0, 6, 0),
(1134, 189, 150000, '2019-09-10', 0, 150000, NULL, 0, '', '', 1, 1, 0, 7, 0),
(1135, 189, 150000, '2019-10-10', 0, 150000, NULL, 0, '', '', 1, 1, 0, 8, 0),
(1136, 189, 150000, '2019-11-10', 0, 150000, NULL, 0, '', '', 1, 1, 0, 9, 0),
(1137, 190, 35000, '2019-06-10', 0, 35000, NULL, 0, '', 'PAGO INICIAL', 1, 1, 0, 1, 2),
(1138, 190, 35000, '2019-11-10', 0, 35000, NULL, 0, '', 'PAGO INICIAL', 1, 1, 0, 1, 2),
(1139, 191, 200000, '2019-02-18', 200000, 0, '2019-02-22', 1, '0004', 'PAGO DE MATRICULA', 1, 1, 1, 0, 4),
(1140, 191, 150000, '2019-03-10', 150000, 0, '2019-03-07', 1, '8140', 'PAGO DE CUOTA MES DE MARZO', 1, 1, 1, 1, 4),
(1141, 191, 150000, '2019-04-10', 0, 150000, NULL, 0, '', '', 1, 1, 0, 2, 0),
(1142, 191, 150000, '2019-05-10', 0, 150000, NULL, 0, '', '', 1, 1, 0, 3, 0),
(1143, 191, 150000, '2019-06-10', 0, 150000, NULL, 0, '', '', 1, 1, 0, 4, 0),
(1144, 191, 150000, '2019-07-10', 0, 150000, NULL, 0, '', '', 1, 1, 0, 5, 0),
(1145, 191, 150000, '2019-08-10', 0, 150000, NULL, 0, '', '', 1, 1, 0, 6, 0),
(1146, 191, 150000, '2019-09-10', 0, 150000, NULL, 0, '', '', 1, 1, 0, 7, 0),
(1147, 191, 150000, '2019-10-10', 0, 150000, NULL, 0, '', '', 1, 1, 0, 8, 0),
(1148, 191, 150000, '2019-11-10', 0, 150000, NULL, 0, '', '', 1, 1, 0, 9, 0),
(1149, 192, 35000, '2019-06-10', 0, 35000, NULL, 0, '', 'PAGO INICIAL', 1, 1, 0, 1, 2),
(1150, 192, 35000, '2019-11-10', 0, 35000, NULL, 0, '', 'PAGO INICIAL', 1, 1, 0, 1, 2),
(1151, 193, 200000, '2019-02-18', 200000, 0, '2019-02-19', 1, '', 'PAGO DE MATRICULA', 1, 1, 1, 0, 2),
(1152, 193, 200000, '2019-03-10', 200000, 0, '2019-03-08', 1, '8175', 'PAGO DE CUOTA MES DE MARZO', 1, 1, 1, 1, 4),
(1153, 193, 200000, '2019-04-10', 0, 200000, NULL, 0, '', '', 1, 1, 0, 2, 0),
(1154, 193, 200000, '2019-05-10', 0, 200000, NULL, 0, '', '', 1, 1, 0, 3, 0),
(1155, 193, 200000, '2019-06-10', 0, 200000, NULL, 0, '', '', 1, 1, 0, 4, 0),
(1156, 193, 200000, '2019-07-10', 0, 200000, NULL, 0, '', '', 1, 1, 0, 5, 0),
(1157, 193, 200000, '2019-08-10', 0, 200000, NULL, 0, '', '', 1, 1, 0, 6, 0),
(1158, 193, 200000, '2019-09-10', 0, 200000, NULL, 0, '', '', 1, 1, 0, 7, 0),
(1159, 193, 200000, '2019-10-10', 0, 200000, NULL, 0, '', '', 1, 1, 0, 8, 0),
(1160, 193, 200000, '2019-11-10', 0, 200000, NULL, 0, '', '', 1, 1, 0, 9, 0),
(1161, 194, 35000, '2019-06-10', 0, 35000, NULL, 0, '', 'PAGO INICIAL', 1, 1, 0, 1, 2),
(1162, 194, 35000, '2019-11-10', 0, 35000, NULL, 0, '', 'PAGO INICIAL', 1, 1, 0, 1, 2),
(1163, 195, 200000, '2019-02-18', 200000, 0, '2019-02-19', 1, '', 'PAGO DE CUOTA', 1, 1, 1, 0, 2),
(1164, 195, 150000, '2019-03-10', 0, 150000, NULL, 0, '', '', 1, 1, 0, 1, 0),
(1165, 195, 150000, '2019-04-10', 0, 150000, NULL, 0, '', '', 1, 1, 0, 2, 0),
(1166, 195, 150000, '2019-05-10', 0, 150000, NULL, 0, '', '', 1, 1, 0, 3, 0),
(1167, 195, 150000, '2019-06-10', 0, 150000, NULL, 0, '', '', 1, 1, 0, 4, 0),
(1168, 195, 150000, '2019-07-10', 0, 150000, NULL, 0, '', '', 1, 1, 0, 5, 0),
(1169, 195, 150000, '2019-08-10', 0, 150000, NULL, 0, '', '', 1, 1, 0, 6, 0),
(1170, 195, 150000, '2019-09-10', 0, 150000, NULL, 0, '', '', 1, 1, 0, 7, 0),
(1171, 195, 150000, '2019-10-10', 0, 150000, NULL, 0, '', '', 1, 1, 0, 8, 0),
(1172, 195, 150000, '2019-11-10', 0, 150000, NULL, 0, '', '', 1, 1, 0, 9, 0),
(1173, 196, 35000, '2019-06-10', 0, 35000, NULL, 0, '', 'PAGO INICIAL', 1, 1, 0, 1, 2),
(1174, 196, 35000, '2019-11-10', 0, 35000, NULL, 0, '', 'PAGO INICIAL', 1, 1, 0, 1, 2),
(1175, 197, 200000, '2019-02-18', 200000, 0, '2019-02-19', 1, '', 'PAGO DE MATRICULA', 1, 1, 1, 0, 2),
(1176, 197, 160000, '2019-03-10', 160000, 0, '2019-03-07', 1, '8145', 'PAGO DE CUOTA MES DE MARZO', 1, 1, 1, 1, 4),
(1177, 197, 160000, '2019-04-10', 0, 160000, NULL, 0, '', '', 1, 1, 0, 2, 0),
(1178, 197, 160000, '2019-05-10', 0, 160000, NULL, 0, '', '', 1, 1, 0, 3, 0),
(1179, 197, 160000, '2019-06-10', 0, 160000, NULL, 0, '', '', 1, 1, 0, 4, 0),
(1180, 197, 160000, '2019-07-10', 0, 160000, NULL, 0, '', '', 1, 1, 0, 5, 0),
(1181, 197, 160000, '2019-08-10', 0, 160000, NULL, 0, '', '', 1, 1, 0, 6, 0),
(1182, 197, 160000, '2019-09-10', 0, 160000, NULL, 0, '', '', 1, 1, 0, 7, 0),
(1183, 197, 160000, '2019-10-10', 0, 160000, NULL, 0, '', '', 1, 1, 0, 8, 0),
(1184, 197, 160000, '2019-11-10', 0, 160000, NULL, 0, '', '', 1, 1, 0, 9, 0),
(1185, 198, 35000, '2019-06-10', 0, 35000, NULL, 0, '', 'PAGO INICIAL', 1, 1, 0, 1, 2),
(1186, 198, 35000, '2019-11-10', 0, 35000, NULL, 0, '', 'PAGO INICIAL', 1, 1, 0, 1, 2),
(1187, 199, 200000, '2019-02-18', 200000, 0, '2019-02-19', 1, '', 'PAGO DE MATRICULA', 1, 1, 1, 0, 2),
(1188, 199, 150000, '2019-03-10', 0, 150000, NULL, 0, '', '', 1, 1, 0, 1, 0),
(1189, 199, 150000, '2019-04-10', 0, 150000, NULL, 0, '', '', 1, 1, 0, 2, 0),
(1190, 199, 150000, '2019-05-10', 0, 150000, NULL, 0, '', '', 1, 1, 0, 3, 0),
(1191, 199, 150000, '2019-06-10', 0, 150000, NULL, 0, '', '', 1, 1, 0, 4, 0),
(1192, 199, 150000, '2019-07-10', 0, 150000, NULL, 0, '', '', 1, 1, 0, 5, 0),
(1193, 199, 150000, '2019-08-10', 0, 150000, NULL, 0, '', '', 1, 1, 0, 6, 0),
(1194, 199, 150000, '2019-09-10', 0, 150000, NULL, 0, '', '', 1, 1, 0, 7, 0),
(1195, 199, 150000, '2019-10-10', 0, 150000, NULL, 0, '', '', 1, 1, 0, 8, 0),
(1196, 199, 150000, '2019-11-10', 0, 150000, NULL, 0, '', '', 1, 1, 0, 9, 0),
(1197, 200, 35000, '2019-06-10', 0, 35000, NULL, 0, '', 'PAGO INICIAL', 1, 1, 0, 1, 2),
(1198, 200, 35000, '2019-11-10', 0, 35000, NULL, 0, '', 'PAGO INICIAL', 1, 1, 0, 1, 2),
(1199, 201, 200000, '2019-02-18', 200000, 0, '2019-02-19', 1, '', 'PAGO DE MATRICULA', 1, 1, 1, 0, 2),
(1200, 201, 150000, '2019-03-10', 0, 150000, NULL, 0, '', '', 1, 1, 0, 1, 0),
(1201, 201, 150000, '2019-04-10', 0, 150000, NULL, 0, '', '', 1, 1, 0, 2, 0),
(1202, 201, 150000, '2019-05-10', 0, 150000, NULL, 0, '', '', 1, 1, 0, 3, 0),
(1203, 201, 150000, '2019-06-10', 0, 150000, NULL, 0, '', '', 1, 1, 0, 4, 0),
(1204, 201, 150000, '2019-07-10', 0, 150000, NULL, 0, '', '', 1, 1, 0, 5, 0),
(1205, 201, 150000, '2019-08-10', 0, 150000, NULL, 0, '', '', 1, 1, 0, 6, 0),
(1206, 201, 150000, '2019-09-10', 0, 150000, NULL, 0, '', '', 1, 1, 0, 7, 0),
(1207, 201, 150000, '2019-10-10', 0, 150000, NULL, 0, '', '', 1, 1, 0, 8, 0),
(1208, 201, 150000, '2019-11-10', 0, 150000, NULL, 0, '', '', 1, 1, 0, 9, 0),
(1209, 202, 35000, '2019-06-10', 0, 35000, NULL, 0, '', 'PAGO INICIAL', 1, 1, 0, 1, 2),
(1210, 202, 35000, '2019-11-10', 0, 35000, NULL, 0, '', 'PAGO INICIAL', 1, 1, 0, 1, 2),
(1211, 203, 200000, '2019-02-19', 200000, 0, '2019-02-19', 1, '', 'PAGO DE MATRICULA', 1, 1, 1, 0, 2),
(1212, 203, 170000, '2019-03-10', 170000, 0, '2019-03-08', 1, '8164', 'PAGO DE CUOTA  MES DE MARZO', 1, 1, 1, 1, 4),
(1213, 203, 170000, '2019-04-10', 0, 170000, NULL, 0, '', '', 1, 1, 0, 2, 0),
(1214, 203, 170000, '2019-05-10', 0, 170000, NULL, 0, '', '', 1, 1, 0, 3, 0),
(1215, 203, 170000, '2019-06-10', 0, 170000, NULL, 0, '', '', 1, 1, 0, 4, 0),
(1216, 203, 170000, '2019-07-10', 0, 170000, NULL, 0, '', '', 1, 1, 0, 5, 0),
(1217, 203, 170000, '2019-08-10', 0, 170000, NULL, 0, '', '', 1, 1, 0, 6, 0),
(1218, 203, 170000, '2019-09-10', 0, 170000, NULL, 0, '', '', 1, 1, 0, 7, 0),
(1219, 203, 170000, '2019-10-10', 0, 170000, NULL, 0, '', '', 1, 1, 0, 8, 0),
(1220, 203, 170000, '2019-11-10', 0, 170000, NULL, 0, '', '', 1, 1, 0, 9, 0),
(1221, 204, 35000, '2019-06-10', 0, 35000, NULL, 0, '', 'PAGO INICIAL', 1, 1, 0, 1, 2),
(1222, 204, 35000, '2019-11-10', 0, 35000, NULL, 0, '', 'PAGO INICIAL', 1, 1, 0, 1, 2),
(1223, 205, 200000, '2019-02-19', 200000, 0, '2019-02-19', 1, '', 'PAGO DE CUOTA Y MATRICULA', 1, 1, 1, 0, 2),
(1224, 205, 170000, '2019-03-10', 170000, 0, '2019-02-19', 1, '', 'PAGO DE CUOTA Y MATRICULA', 1, 1, 1, 1, 2),
(1225, 205, 170000, '2019-04-10', 0, 170000, NULL, 0, '', '', 1, 1, 0, 2, 0),
(1226, 205, 170000, '2019-05-10', 0, 170000, NULL, 0, '', '', 1, 1, 0, 3, 0),
(1227, 205, 170000, '2019-06-10', 0, 170000, NULL, 0, '', '', 1, 1, 0, 4, 0),
(1228, 205, 170000, '2019-07-10', 0, 170000, NULL, 0, '', '', 1, 1, 0, 5, 0),
(1229, 205, 170000, '2019-08-10', 0, 170000, NULL, 0, '', '', 1, 1, 0, 6, 0),
(1230, 205, 170000, '2019-09-10', 0, 170000, NULL, 0, '', '', 1, 1, 0, 7, 0),
(1231, 205, 170000, '2019-10-10', 0, 170000, NULL, 0, '', '', 1, 1, 0, 8, 0),
(1232, 205, 170000, '2019-11-10', 0, 170000, NULL, 0, '', '', 1, 1, 0, 9, 0),
(1233, 206, 35000, '2019-06-10', 0, 35000, NULL, 0, '', 'PAGO INICIAL', 1, 1, 0, 1, 2),
(1234, 206, 35000, '2019-11-10', 0, 35000, NULL, 0, '', 'PAGO INICIAL', 1, 1, 0, 1, 2),
(1235, 207, 200000, '2019-02-19', 200000, 0, '2019-02-19', 1, '', 'PAGO DE CUOTA', 1, 1, 1, 0, 2),
(1236, 207, 180000, '2019-03-10', 0, 180000, NULL, 0, '', '', 1, 1, 0, 1, 0),
(1237, 207, 180000, '2019-04-10', 0, 180000, NULL, 0, '', '', 1, 1, 0, 2, 0),
(1238, 207, 180000, '2019-05-10', 0, 180000, NULL, 0, '', '', 1, 1, 0, 3, 0),
(1239, 207, 180000, '2019-06-10', 0, 180000, NULL, 0, '', '', 1, 1, 0, 4, 0),
(1240, 207, 180000, '2019-07-10', 0, 180000, NULL, 0, '', '', 1, 1, 0, 5, 0),
(1241, 207, 180000, '2019-08-10', 0, 180000, NULL, 0, '', '', 1, 1, 0, 6, 0),
(1242, 207, 180000, '2019-09-10', 0, 180000, NULL, 0, '', '', 1, 1, 0, 7, 0),
(1243, 207, 180000, '2019-10-10', 0, 180000, NULL, 0, '', '', 1, 1, 0, 8, 0),
(1244, 208, 35000, '2019-06-10', 0, 35000, NULL, 0, '', 'PAGO INICIAL', 1, 1, 0, 1, 2),
(1245, 208, 35000, '2019-11-10', 0, 35000, NULL, 0, '', 'PAGO INICIAL', 1, 1, 0, 1, 2),
(1246, 209, 200000, '2019-02-19', 0, 200000, NULL, 1, '', 'PAGO INICIAL', 1, 1, 0, 0, 2),
(1247, 209, 160000, '2019-03-10', 0, 160000, NULL, 0, '', '', 1, 1, 0, 1, 0),
(1248, 209, 160000, '2019-04-10', 0, 160000, NULL, 0, '', '', 1, 1, 0, 2, 0),
(1249, 209, 160000, '2019-05-10', 0, 160000, NULL, 0, '', '', 1, 1, 0, 3, 0),
(1250, 209, 160000, '2019-06-10', 0, 160000, NULL, 0, '', '', 1, 1, 0, 4, 0),
(1251, 209, 160000, '2019-07-10', 0, 160000, NULL, 0, '', '', 1, 1, 0, 5, 0),
(1252, 209, 160000, '2019-08-10', 0, 160000, NULL, 0, '', '', 1, 1, 0, 6, 0),
(1253, 209, 160000, '2019-09-10', 0, 160000, NULL, 0, '', '', 1, 1, 0, 7, 0),
(1254, 209, 160000, '2019-10-10', 0, 160000, NULL, 0, '', '', 1, 1, 0, 8, 0),
(1255, 209, 160000, '2019-11-10', 0, 160000, NULL, 0, '', '', 1, 1, 0, 9, 0),
(1256, 210, 35000, '2019-06-10', 0, 35000, NULL, 0, '', 'PAGO INICIAL', 1, 1, 0, 1, 2),
(1257, 210, 35000, '2019-11-10', 0, 35000, NULL, 0, '', 'PAGO INICIAL', 1, 1, 0, 1, 2),
(1258, 211, 250000, '2019-02-19', 250000, 0, '2019-02-19', 1, '', 'PAGO DE MATRICULA', 1, 1, 1, 0, 2),
(1259, 211, 0, '2019-02-19', 0, 0, NULL, 0, '', '', 1, 1, 0, 1, 0),
(1260, 212, 35000, '2019-06-10', 0, 35000, NULL, 0, '', 'PAGO INICIAL', 1, 1, 0, 1, 2),
(1261, 212, 35000, '2019-11-10', 0, 35000, NULL, 0, '', 'PAGO INICIAL', 1, 1, 0, 1, 2),
(1262, 213, 250000, '2019-02-19', 250000, 0, '2019-02-19', 1, '', 'PAGO DE MATRICULA', 1, 1, 1, 0, 2),
(1263, 213, 150000, '2019-03-10', 150000, 0, '2019-03-08', 1, '8170', 'PAGO DE CUOTA MES DE MARZO', 1, 1, 1, 1, 4),
(1264, 213, 150000, '2019-04-10', 0, 150000, NULL, 0, '', '', 1, 1, 0, 2, 0),
(1265, 213, 150000, '2019-05-10', 0, 150000, NULL, 0, '', '', 1, 1, 0, 3, 0),
(1266, 213, 150000, '2019-06-10', 0, 150000, NULL, 0, '', '', 1, 1, 0, 4, 0),
(1267, 213, 150000, '2019-07-10', 0, 150000, NULL, 0, '', '', 1, 1, 0, 5, 0),
(1268, 213, 150000, '2019-08-10', 0, 150000, NULL, 0, '', '', 1, 1, 0, 6, 0),
(1269, 213, 150000, '2019-09-10', 0, 150000, NULL, 0, '', '', 1, 1, 0, 7, 0),
(1270, 213, 150000, '2019-10-10', 0, 150000, NULL, 0, '', '', 1, 1, 0, 8, 0),
(1271, 213, 150000, '2019-11-10', 0, 150000, NULL, 0, '', '', 1, 1, 0, 9, 0),
(1272, 214, 35000, '2019-06-10', 0, 35000, NULL, 0, '', 'PAGO INICIAL', 1, 1, 0, 1, 2),
(1273, 214, 35000, '2019-11-10', 0, 35000, NULL, 0, '', 'PAGO INICIAL', 1, 1, 0, 1, 2),
(1274, 215, 200000, '2019-02-19', 200000, 0, '2019-02-19', 1, '', 'PAGO DE MATRICULA', 1, 1, 1, 0, 2),
(1275, 215, 150000, '2019-03-10', 0, 150000, NULL, 0, '', '', 1, 1, 0, 1, 0),
(1276, 215, 150000, '2019-04-10', 0, 150000, NULL, 0, '', '', 1, 1, 0, 2, 0),
(1277, 215, 150000, '2019-05-10', 0, 150000, NULL, 0, '', '', 1, 1, 0, 3, 0),
(1278, 215, 150000, '2019-06-10', 0, 150000, NULL, 0, '', '', 1, 1, 0, 4, 0),
(1279, 215, 150000, '2019-07-10', 0, 150000, NULL, 0, '', '', 1, 1, 0, 5, 0),
(1280, 215, 150000, '2019-08-10', 0, 150000, NULL, 0, '', '', 1, 1, 0, 6, 0),
(1281, 215, 150000, '2019-09-10', 0, 150000, NULL, 0, '', '', 1, 1, 0, 7, 0),
(1282, 215, 150000, '2019-10-10', 0, 150000, NULL, 0, '', '', 1, 1, 0, 8, 0),
(1283, 215, 150000, '2019-11-10', 0, 150000, NULL, 0, '', '', 1, 1, 0, 9, 0),
(1284, 216, 35000, '2019-06-10', 0, 35000, NULL, 0, '', 'PAGO INICIAL', 1, 1, 0, 1, 2),
(1285, 216, 35000, '2019-11-10', 0, 35000, NULL, 0, '', 'PAGO INICIAL', 1, 1, 0, 1, 2),
(1286, 217, 200000, '2019-02-19', 200000, 0, '2019-02-19', 1, '', 'PAGO DE MATRICULA', 1, 1, 1, 0, 2),
(1287, 217, 200000, '2019-03-10', 0, 200000, NULL, 0, '', '', 1, 1, 0, 1, 0),
(1288, 217, 200000, '2019-04-10', 0, 200000, NULL, 0, '', '', 1, 1, 0, 2, 0),
(1289, 217, 200000, '2019-05-10', 0, 200000, NULL, 0, '', '', 1, 1, 0, 3, 0),
(1290, 217, 200000, '2019-06-10', 0, 200000, NULL, 0, '', '', 1, 1, 0, 4, 0),
(1291, 217, 200000, '2019-07-10', 0, 200000, NULL, 0, '', '', 1, 1, 0, 5, 0),
(1292, 217, 200000, '2019-08-10', 0, 200000, NULL, 0, '', '', 1, 1, 0, 6, 0),
(1293, 217, 200000, '2019-09-10', 0, 200000, NULL, 0, '', '', 1, 1, 0, 7, 0),
(1294, 217, 200000, '2019-10-10', 0, 200000, NULL, 0, '', '', 1, 1, 0, 8, 0),
(1295, 217, 200000, '2019-11-10', 0, 200000, NULL, 0, '', '', 1, 1, 0, 9, 0),
(1296, 218, 35000, '2019-06-10', 0, 35000, NULL, 0, '', 'PAGO INICIAL', 1, 1, 0, 1, 2),
(1297, 218, 35000, '2019-11-10', 0, 35000, NULL, 0, '', 'PAGO INICIAL', 1, 1, 0, 1, 2),
(1298, 219, 200000, '2019-02-19', 200000, 0, '2019-02-19', 1, '', 'PAGO DE MATRICULA', 1, 1, 1, 0, 2),
(1299, 219, 150000, '2019-03-10', 150000, 0, '2019-03-08', 1, '8169', 'PAGO DE CUOTA DE MARZO', 1, 1, 1, 1, 4),
(1300, 219, 150000, '2019-04-10', 0, 150000, NULL, 0, '', '', 1, 1, 0, 2, 0),
(1301, 219, 150000, '2019-05-10', 0, 150000, NULL, 0, '', '', 1, 1, 0, 3, 0),
(1302, 219, 150000, '2019-06-10', 0, 150000, NULL, 0, '', '', 1, 1, 0, 4, 0),
(1303, 219, 150000, '2019-07-10', 0, 150000, NULL, 0, '', '', 1, 1, 0, 5, 0),
(1304, 219, 150000, '2019-08-10', 0, 150000, NULL, 0, '', '', 1, 1, 0, 6, 0),
(1305, 219, 150000, '2019-09-10', 0, 150000, NULL, 0, '', '', 1, 1, 0, 7, 0),
(1306, 219, 150000, '2019-10-10', 0, 150000, NULL, 0, '', '', 1, 1, 0, 8, 0),
(1307, 219, 150000, '2019-11-10', 0, 150000, NULL, 0, '', '', 1, 1, 0, 9, 0),
(1308, 220, 35000, '2019-06-10', 0, 35000, NULL, 0, '', 'PAGO INICIAL', 1, 1, 0, 1, 2),
(1309, 220, 35000, '2019-11-10', 0, 35000, NULL, 0, '', 'PAGO INICIAL', 1, 1, 0, 1, 2),
(1310, 221, 200000, '2019-02-19', 200000, 0, '2019-02-19', 1, '', 'PAGO DE MATRICULA', 1, 1, 1, 0, 2),
(1311, 221, 150000, '2019-03-10', 150000, 0, '2019-03-09', 1, '8190', 'PAGO DE CUOTA MES DE MARZO', 1, 1, 1, 1, 4),
(1312, 221, 150000, '2019-04-10', 0, 150000, NULL, 0, '', '', 1, 1, 0, 2, 0),
(1313, 221, 150000, '2019-05-10', 0, 150000, NULL, 0, '', '', 1, 1, 0, 3, 0),
(1314, 221, 150000, '2019-06-10', 0, 150000, NULL, 0, '', '', 1, 1, 0, 4, 0),
(1315, 221, 150000, '2019-07-10', 0, 150000, NULL, 0, '', '', 1, 1, 0, 5, 0),
(1316, 221, 150000, '2019-08-10', 0, 150000, NULL, 0, '', '', 1, 1, 0, 6, 0),
(1317, 221, 150000, '2019-09-10', 0, 150000, NULL, 0, '', '', 1, 1, 0, 7, 0),
(1318, 221, 150000, '2019-10-10', 0, 150000, NULL, 0, '', '', 1, 1, 0, 8, 0),
(1319, 221, 150000, '2019-11-10', 0, 150000, NULL, 0, '', '', 1, 1, 0, 9, 0),
(1320, 222, 35000, '2019-06-10', 0, 35000, NULL, 0, '', 'PAGO INICIAL', 1, 1, 0, 1, 2),
(1321, 222, 35000, '2019-11-10', 0, 35000, NULL, 0, '', 'PAGO INICIAL', 1, 1, 0, 1, 2),
(1322, 223, 200000, '2019-02-19', 200000, 0, '2019-02-19', 1, '', 'PAGO DE MATRICULA', 1, 1, 1, 0, 2),
(1323, 223, 200000, '2019-03-10', 0, 200000, NULL, 0, '', '', 1, 1, 0, 1, 0),
(1324, 223, 200000, '2019-04-10', 0, 200000, NULL, 0, '', '', 1, 1, 0, 2, 0),
(1325, 223, 200000, '2019-05-10', 0, 200000, NULL, 0, '', '', 1, 1, 0, 3, 0),
(1326, 223, 200000, '2019-06-10', 0, 200000, NULL, 0, '', '', 1, 1, 0, 4, 0),
(1327, 223, 200000, '2019-07-10', 0, 200000, NULL, 0, '', '', 1, 1, 0, 5, 0),
(1328, 223, 200000, '2019-08-10', 0, 200000, NULL, 0, '', '', 1, 1, 0, 6, 0),
(1329, 223, 200000, '2019-09-10', 0, 200000, NULL, 0, '', '', 1, 1, 0, 7, 0),
(1330, 223, 200000, '2019-10-10', 0, 200000, NULL, 0, '', '', 1, 1, 0, 8, 0),
(1331, 223, 200000, '2019-11-10', 0, 200000, NULL, 0, '', '', 1, 1, 0, 9, 0),
(1332, 224, 35000, '2019-06-10', 0, 35000, NULL, 0, '', 'PAGO INICIAL', 1, 1, 0, 1, 2),
(1333, 224, 35000, '2019-11-10', 0, 35000, NULL, 0, '', 'PAGO INICIAL', 1, 1, 0, 1, 2),
(1334, 225, 200000, '2019-02-19', 200000, 0, '2019-02-19', 1, '', 'PAGO DE MATRICULA', 1, 1, 1, 0, 2),
(1335, 225, 150000, '2019-03-10', 150000, 0, '2019-03-08', 1, '8173', 'PAGO DE CUOTA MES DE MARZO', 1, 1, 1, 1, 4),
(1336, 225, 150000, '2019-04-10', 0, 150000, NULL, 0, '', '', 1, 1, 0, 2, 0),
(1337, 225, 150000, '2019-05-10', 0, 150000, NULL, 0, '', '', 1, 1, 0, 3, 0),
(1338, 225, 150000, '2019-06-10', 0, 150000, NULL, 0, '', '', 1, 1, 0, 4, 0),
(1339, 225, 150000, '2019-07-10', 0, 150000, NULL, 0, '', '', 1, 1, 0, 5, 0),
(1340, 225, 150000, '2019-08-10', 0, 150000, NULL, 0, '', '', 1, 1, 0, 6, 0),
(1341, 225, 150000, '2019-09-10', 0, 150000, NULL, 0, '', '', 1, 1, 0, 7, 0),
(1342, 225, 150000, '2019-10-10', 0, 150000, NULL, 0, '', '', 1, 1, 0, 8, 0),
(1343, 225, 150000, '2019-11-10', 0, 150000, NULL, 0, '', '', 1, 1, 0, 9, 0),
(1344, 226, 35000, '2019-06-10', 0, 35000, NULL, 0, '', 'PAGO INICIAL', 1, 1, 0, 1, 2),
(1345, 226, 35000, '2019-11-10', 0, 35000, NULL, 0, '', 'PAGO INICIAL', 1, 1, 0, 1, 2);
INSERT INTO `cuentas_recibir_detalle` (`id_cuenta_recibir_detalle`, `id_cuenta_recibir_cabecera`, `monto_pagar`, `fecha_vencimiento`, `monto_pagado`, `saldo`, `fecha_pagada`, `id_tipo_pago`, `nro_recibo`, `descripcion`, `id_sucursal`, `id_usuario`, `pagado`, `nro_cuota`, `lote`) VALUES
(1346, 227, 200000, '2019-02-19', 200000, 0, '2019-02-19', 1, '', 'PAGO DE MATRICULA', 1, 1, 1, 0, 2),
(1347, 227, 150000, '2019-03-10', 150000, 0, '2019-03-08', 1, '8163', 'PAGO DE CUOTA MES DE MARZO', 1, 1, 1, 1, 4),
(1348, 227, 150000, '2019-04-10', 0, 150000, NULL, 0, '', '', 1, 1, 0, 2, 0),
(1349, 227, 150000, '2019-05-10', 0, 150000, NULL, 0, '', '', 1, 1, 0, 3, 0),
(1350, 227, 150000, '2019-06-10', 0, 150000, NULL, 0, '', '', 1, 1, 0, 4, 0),
(1351, 227, 150000, '2019-07-10', 0, 150000, NULL, 0, '', '', 1, 1, 0, 5, 0),
(1352, 227, 150000, '2019-08-10', 0, 150000, NULL, 0, '', '', 1, 1, 0, 6, 0),
(1353, 227, 150000, '2019-09-10', 0, 150000, NULL, 0, '', '', 1, 1, 0, 7, 0),
(1354, 227, 150000, '2019-10-10', 0, 150000, NULL, 0, '', '', 1, 1, 0, 8, 0),
(1355, 227, 150000, '2019-11-10', 0, 150000, NULL, 0, '', '', 1, 1, 0, 9, 0),
(1356, 228, 35000, '2019-06-10', 0, 35000, NULL, 0, '', 'PAGO INICIAL', 1, 1, 0, 1, 2),
(1357, 228, 35000, '2019-11-10', 0, 35000, NULL, 0, '', 'PAGO INICIAL', 1, 1, 0, 1, 2),
(1358, 229, 200000, '2019-02-19', 200000, 0, '2019-02-19', 1, '', 'PAGO DE MATRICULA', 1, 1, 1, 0, 2),
(1359, 229, 200000, '2019-03-10', 0, 200000, NULL, 0, '', '', 1, 1, 0, 1, 0),
(1360, 229, 200000, '2019-04-10', 0, 200000, NULL, 0, '', '', 1, 1, 0, 2, 0),
(1361, 229, 200000, '2019-05-10', 0, 200000, NULL, 0, '', '', 1, 1, 0, 3, 0),
(1362, 229, 200000, '2019-06-10', 0, 200000, NULL, 0, '', '', 1, 1, 0, 4, 0),
(1363, 229, 200000, '2019-07-10', 0, 200000, NULL, 0, '', '', 1, 1, 0, 5, 0),
(1364, 229, 200000, '2019-08-10', 0, 200000, NULL, 0, '', '', 1, 1, 0, 6, 0),
(1365, 229, 200000, '2019-09-10', 0, 200000, NULL, 0, '', '', 1, 1, 0, 7, 0),
(1366, 229, 200000, '2019-10-10', 0, 200000, NULL, 0, '', '', 1, 1, 0, 8, 0),
(1367, 229, 200000, '2019-11-10', 0, 200000, NULL, 0, '', '', 1, 1, 0, 9, 0),
(1368, 230, 35000, '2019-06-10', 0, 35000, NULL, 0, '', 'PAGO INICIAL', 1, 1, 0, 1, 2),
(1369, 230, 35000, '2019-11-10', 0, 35000, NULL, 0, '', 'PAGO INICIAL', 1, 1, 0, 1, 2),
(1370, 231, 200000, '2019-02-19', 200000, 0, '2019-02-19', 1, '', 'PAGO DE MATRICULA', 1, 1, 1, 0, 2),
(1371, 231, 150000, '2019-03-10', 150000, 0, '2019-03-09', 1, '8196', 'PAGO DE CUOTA MES DE MARZO', 1, 1, 1, 1, 4),
(1372, 231, 150000, '2019-04-10', 0, 150000, NULL, 0, '', '', 1, 1, 0, 2, 0),
(1373, 231, 150000, '2019-05-10', 0, 150000, NULL, 0, '', '', 1, 1, 0, 3, 0),
(1374, 231, 150000, '2019-06-10', 0, 150000, NULL, 0, '', '', 1, 1, 0, 4, 0),
(1375, 231, 150000, '2019-07-10', 0, 150000, NULL, 0, '', '', 1, 1, 0, 5, 0),
(1376, 231, 150000, '2019-08-10', 0, 150000, NULL, 0, '', '', 1, 1, 0, 6, 0),
(1377, 231, 150000, '2019-09-10', 0, 150000, NULL, 0, '', '', 1, 1, 0, 7, 0),
(1378, 231, 150000, '2019-10-10', 0, 150000, NULL, 0, '', '', 1, 1, 0, 8, 0),
(1379, 231, 150000, '2019-11-10', 0, 150000, NULL, 0, '', '', 1, 1, 0, 9, 0),
(1380, 232, 35000, '2019-06-10', 0, 35000, NULL, 0, '', 'PAGO INICIAL', 1, 1, 0, 1, 2),
(1381, 232, 35000, '2019-11-10', 0, 35000, NULL, 0, '', 'PAGO INICIAL', 1, 1, 0, 1, 2),
(1382, 233, 200000, '2019-02-19', 200000, 0, '2019-02-19', 1, '', 'PAGO DE MATRICULA', 1, 1, 1, 0, 2),
(1383, 233, 150000, '2019-03-10', 150000, 0, '2019-03-08', 1, '8172', 'PAGO DE CUOTA MES DE MARZO', 1, 1, 1, 1, 4),
(1384, 233, 150000, '2019-04-10', 0, 150000, NULL, 0, '', '', 1, 1, 0, 2, 0),
(1385, 233, 150000, '2019-05-10', 0, 150000, NULL, 0, '', '', 1, 1, 0, 3, 0),
(1386, 233, 150000, '2019-06-10', 0, 150000, NULL, 0, '', '', 1, 1, 0, 4, 0),
(1387, 233, 150000, '2019-07-10', 0, 150000, NULL, 0, '', '', 1, 1, 0, 5, 0),
(1388, 233, 150000, '2019-08-10', 0, 150000, NULL, 0, '', '', 1, 1, 0, 6, 0),
(1389, 233, 150000, '2019-09-10', 0, 150000, NULL, 0, '', '', 1, 1, 0, 7, 0),
(1390, 233, 150000, '2019-10-10', 0, 150000, NULL, 0, '', '', 1, 1, 0, 8, 0),
(1391, 233, 150000, '2019-11-10', 0, 150000, NULL, 0, '', '', 1, 1, 0, 9, 0),
(1392, 234, 35000, '2019-06-10', 0, 35000, NULL, 0, '', 'PAGO INICIAL', 1, 1, 0, 1, 2),
(1393, 234, 35000, '2019-11-10', 0, 35000, NULL, 0, '', 'PAGO INICIAL', 1, 1, 0, 1, 2),
(1394, 235, 200000, '2019-02-19', 200000, 0, '2019-02-19', 1, '', 'PAGO DE MATRICULA', 1, 1, 1, 0, 2),
(1395, 235, 150000, '2019-03-10', 150000, 0, '2019-03-08', 1, '8186', 'PAGO DE CUOTA MES DE MARZO', 1, 1, 1, 1, 4),
(1396, 235, 150000, '2019-04-10', 0, 150000, NULL, 0, '', '', 1, 1, 0, 2, 0),
(1397, 235, 150000, '2019-05-10', 0, 150000, NULL, 0, '', '', 1, 1, 0, 3, 0),
(1398, 235, 150000, '2019-06-10', 0, 150000, NULL, 0, '', '', 1, 1, 0, 4, 0),
(1399, 235, 150000, '2019-07-10', 0, 150000, NULL, 0, '', '', 1, 1, 0, 5, 0),
(1400, 235, 150000, '2019-08-10', 0, 150000, NULL, 0, '', '', 1, 1, 0, 6, 0),
(1401, 235, 150000, '2019-09-10', 0, 150000, NULL, 0, '', '', 1, 1, 0, 7, 0),
(1402, 235, 150000, '2019-10-10', 0, 150000, NULL, 0, '', '', 1, 1, 0, 8, 0),
(1403, 235, 150000, '2019-11-10', 0, 150000, NULL, 0, '', '', 1, 1, 0, 9, 0),
(1404, 236, 35000, '2019-06-10', 0, 35000, NULL, 0, '', 'PAGO INICIAL', 1, 1, 0, 1, 2),
(1405, 236, 35000, '2019-11-10', 0, 35000, NULL, 0, '', 'PAGO INICIAL', 1, 1, 0, 1, 2),
(1406, 238, 35000, '2019-06-10', 0, 35000, NULL, 0, '', 'PAGO INICIAL', 1, 1, 0, 1, 2),
(1407, 238, 35000, '2019-11-10', 0, 35000, NULL, 0, '', 'PAGO INICIAL', 1, 1, 0, 1, 2),
(1408, 239, 200000, '2019-02-19', 200000, 0, '2019-02-19', 1, '', 'PAGO DE MATRICULA', 1, 1, 1, 0, 2),
(1409, 239, 150000, '2019-03-10', 0, 150000, NULL, 0, '', '', 1, 1, 0, 1, 0),
(1410, 239, 150000, '2019-04-10', 0, 150000, NULL, 0, '', '', 1, 1, 0, 2, 0),
(1411, 239, 150000, '2019-05-10', 0, 150000, NULL, 0, '', '', 1, 1, 0, 3, 0),
(1412, 239, 150000, '2019-06-10', 0, 150000, NULL, 0, '', '', 1, 1, 0, 4, 0),
(1413, 239, 150000, '2019-07-10', 0, 150000, NULL, 0, '', '', 1, 1, 0, 5, 0),
(1414, 239, 150000, '2019-08-10', 0, 150000, NULL, 0, '', '', 1, 1, 0, 6, 0),
(1415, 239, 150000, '2019-09-10', 0, 150000, NULL, 0, '', '', 1, 1, 0, 7, 0),
(1416, 239, 150000, '2019-10-10', 0, 150000, NULL, 0, '', '', 1, 1, 0, 8, 0),
(1417, 239, 150000, '2019-11-10', 0, 150000, NULL, 0, '', '', 1, 1, 0, 9, 0),
(1418, 240, 35000, '2019-06-10', 0, 35000, NULL, 0, '', 'PAGO INICIAL', 1, 1, 0, 1, 2),
(1419, 240, 35000, '2019-11-10', 0, 35000, NULL, 0, '', 'PAGO INICIAL', 1, 1, 0, 1, 2),
(1420, 241, 200000, '2019-02-19', 200000, 0, '2019-02-19', 1, '', 'PAGO DE MATRICULA', 1, 1, 1, 0, 2),
(1421, 241, 150000, '2019-03-10', 0, 150000, NULL, 0, '', '', 1, 1, 0, 1, 0),
(1422, 241, 150000, '2019-04-10', 0, 150000, NULL, 0, '', '', 1, 1, 0, 2, 0),
(1423, 241, 150000, '2019-05-10', 0, 150000, NULL, 0, '', '', 1, 1, 0, 3, 0),
(1424, 241, 150000, '2019-06-10', 0, 150000, NULL, 0, '', '', 1, 1, 0, 4, 0),
(1425, 241, 150000, '2019-07-10', 0, 150000, NULL, 0, '', '', 1, 1, 0, 5, 0),
(1426, 241, 150000, '2019-08-10', 0, 150000, NULL, 0, '', '', 1, 1, 0, 6, 0),
(1427, 241, 150000, '2019-09-10', 0, 150000, NULL, 0, '', '', 1, 1, 0, 7, 0),
(1428, 241, 150000, '2019-10-10', 0, 150000, NULL, 0, '', '', 1, 1, 0, 8, 0),
(1429, 241, 150000, '2019-11-10', 0, 150000, NULL, 0, '', '', 1, 1, 0, 9, 0),
(1430, 242, 35000, '2019-06-10', 0, 35000, NULL, 0, '', 'PAGO INICIAL', 1, 1, 0, 1, 2),
(1431, 242, 35000, '2019-11-10', 0, 35000, NULL, 0, '', 'PAGO INICIAL', 1, 1, 0, 1, 2),
(1432, 243, 200000, '2019-02-19', 200000, 0, '2019-02-19', 1, '', 'PAGO DE MATRICULA', 1, 1, 1, 0, 2),
(1433, 243, 0, '2019-03-10', 0, 0, NULL, 0, '', '', 1, 1, 0, 1, 0),
(1434, 244, 35000, '2019-06-10', 0, 35000, NULL, 0, '', 'PAGO INICIAL', 1, 1, 0, 1, 2),
(1435, 244, 35000, '2019-11-10', 0, 35000, NULL, 0, '', 'PAGO INICIAL', 1, 1, 0, 1, 2),
(1436, 245, 200000, '2019-02-19', 200000, 0, '2019-02-19', 1, '', 'PAGO DE MATRICULA', 1, 1, 1, 0, 2),
(1437, 245, 150000, '2019-03-10', 0, 150000, NULL, 1, '', '', 1, 1, 0, 1, 0),
(1438, 245, 150000, '2019-04-10', 0, 150000, NULL, 0, '', '', 1, 1, 0, 2, 0),
(1439, 245, 150000, '2019-05-10', 0, 150000, NULL, 0, '', '', 1, 1, 0, 3, 0),
(1440, 245, 150000, '2019-06-10', 0, 150000, NULL, 0, '', '', 1, 1, 0, 4, 0),
(1441, 245, 150000, '2019-07-10', 0, 150000, NULL, 0, '', '', 1, 1, 0, 5, 0),
(1442, 245, 150000, '2019-08-10', 0, 150000, NULL, 0, '', '', 1, 1, 0, 6, 0),
(1443, 245, 150000, '2019-09-10', 0, 150000, NULL, 0, '', '', 1, 1, 0, 7, 0),
(1444, 245, 150000, '2019-10-10', 0, 150000, NULL, 0, '', '', 1, 1, 0, 8, 0),
(1445, 245, 150000, '2019-11-10', 0, 150000, NULL, 0, '', '', 1, 1, 0, 9, 0),
(1446, 246, 35000, '2019-06-10', 0, 35000, NULL, 0, '', 'PAGO INICIAL', 1, 1, 0, 1, 2),
(1447, 246, 35000, '2019-11-10', 0, 35000, NULL, 0, '', 'PAGO INICIAL', 1, 1, 0, 1, 2),
(1448, 247, 200000, '2019-02-19', 200000, 0, '2019-02-19', 1, '', 'PAGO DE MATRICULA', 1, 1, 1, 0, 2),
(1449, 247, 150000, '2019-03-10', 0, 150000, NULL, 0, '', '', 1, 1, 0, 1, 0),
(1450, 247, 150000, '2019-04-10', 0, 150000, NULL, 0, '', '', 1, 1, 0, 2, 0),
(1451, 247, 150000, '2019-05-10', 0, 150000, NULL, 0, '', '', 1, 1, 0, 3, 0),
(1452, 247, 150000, '2019-06-10', 0, 150000, NULL, 0, '', '', 1, 1, 0, 4, 0),
(1453, 247, 150000, '2019-07-10', 0, 150000, NULL, 0, '', '', 1, 1, 0, 5, 0),
(1454, 247, 150000, '2019-08-10', 0, 150000, NULL, 0, '', '', 1, 1, 0, 6, 0),
(1455, 247, 150000, '2019-09-10', 0, 150000, NULL, 0, '', '', 1, 1, 0, 7, 0),
(1456, 247, 150000, '2019-10-10', 0, 150000, NULL, 0, '', '', 1, 1, 0, 8, 0),
(1457, 247, 150000, '2019-11-10', 0, 150000, NULL, 0, '', '', 1, 1, 0, 9, 0),
(1458, 248, 35000, '2019-06-10', 0, 35000, NULL, 0, '', 'PAGO INICIAL', 1, 1, 0, 1, 2),
(1459, 248, 35000, '2019-11-10', 0, 35000, NULL, 0, '', 'PAGO INICIAL', 1, 1, 0, 1, 2),
(1460, 249, 200000, '2019-02-19', 200000, 0, '2019-02-19', 1, '', 'PAGO DE MATRICULA', 1, 1, 1, 0, 2),
(1461, 249, 150000, '2019-03-10', 150000, 0, '2019-03-05', 1, '8122', 'PAGO DE CUOTA MES DE MARZO', 1, 1, 1, 1, 4),
(1462, 249, 150000, '2019-04-10', 0, 150000, NULL, 0, '', '', 1, 1, 0, 2, 0),
(1463, 249, 150000, '2019-05-10', 0, 150000, NULL, 0, '', '', 1, 1, 0, 3, 0),
(1464, 249, 150000, '2019-06-10', 0, 150000, NULL, 0, '', '', 1, 1, 0, 4, 0),
(1465, 249, 150000, '2019-07-10', 0, 150000, NULL, 0, '', '', 1, 1, 0, 5, 0),
(1466, 249, 150000, '2019-08-10', 0, 150000, NULL, 0, '', '', 1, 1, 0, 6, 0),
(1467, 249, 150000, '2019-09-10', 0, 150000, NULL, 0, '', '', 1, 1, 0, 7, 0),
(1468, 249, 150000, '2019-10-10', 0, 150000, NULL, 0, '', '', 1, 1, 0, 8, 0),
(1469, 249, 150000, '2019-11-10', 0, 150000, NULL, 0, '', '', 1, 1, 0, 9, 0),
(1470, 250, 35000, '2019-06-10', 0, 35000, NULL, 0, '', 'PAGO INICIAL', 1, 1, 0, 1, 2),
(1471, 250, 35000, '2019-11-10', 0, 35000, NULL, 0, '', 'PAGO INICIAL', 1, 1, 0, 1, 2),
(1472, 251, 200000, '2019-02-19', 200000, 0, '2019-02-19', 1, '', 'PAGO DE MATRICULA', 1, 1, 1, 0, 2),
(1473, 251, 200000, '2019-03-10', 200000, 0, '2019-03-08', 1, '8179', 'PAGO DE CUOTA MES DE MARZO', 1, 1, 1, 1, 4),
(1474, 251, 200000, '2019-04-10', 0, 200000, NULL, 0, '', '', 1, 1, 0, 2, 0),
(1475, 251, 200000, '2019-05-10', 0, 200000, NULL, 0, '', '', 1, 1, 0, 3, 0),
(1476, 251, 200000, '2019-06-10', 0, 200000, NULL, 0, '', '', 1, 1, 0, 4, 0),
(1477, 251, 200000, '2019-07-10', 0, 200000, NULL, 0, '', '', 1, 1, 0, 5, 0),
(1478, 251, 200000, '2019-08-10', 0, 200000, NULL, 0, '', '', 1, 1, 0, 6, 0),
(1479, 251, 200000, '2019-09-10', 0, 200000, NULL, 0, '', '', 1, 1, 0, 7, 0),
(1480, 251, 200000, '2019-10-10', 0, 200000, NULL, 0, '', '', 1, 1, 0, 8, 0),
(1481, 251, 200000, '2019-11-10', 0, 200000, NULL, 0, '', '', 1, 1, 0, 9, 0),
(1482, 252, 35000, '2019-06-10', 0, 35000, NULL, 0, '', 'PAGO INICIAL', 1, 1, 0, 1, 2),
(1483, 252, 35000, '2019-11-10', 0, 35000, NULL, 0, '', 'PAGO INICIAL', 1, 1, 0, 1, 2),
(1484, 253, 200000, '2019-02-19', 200000, 0, '2019-02-19', 1, '', 'PAGO DE MATRICULA', 1, 1, 1, 0, 2),
(1485, 253, 200000, '2019-03-10', 0, 200000, NULL, 0, '', '', 1, 1, 0, 1, 0),
(1486, 253, 200000, '2019-04-10', 0, 200000, NULL, 0, '', '', 1, 1, 0, 2, 0),
(1487, 253, 200000, '2019-05-10', 0, 200000, NULL, 0, '', '', 1, 1, 0, 3, 0),
(1488, 253, 200000, '2019-06-10', 0, 200000, NULL, 0, '', '', 1, 1, 0, 4, 0),
(1489, 253, 200000, '2019-07-10', 0, 200000, NULL, 0, '', '', 1, 1, 0, 5, 0),
(1490, 253, 200000, '2019-08-10', 0, 200000, NULL, 0, '', '', 1, 1, 0, 6, 0),
(1491, 253, 200000, '2019-09-10', 0, 200000, NULL, 0, '', '', 1, 1, 0, 7, 0),
(1492, 253, 200000, '2019-10-10', 0, 200000, NULL, 0, '', '', 1, 1, 0, 8, 0),
(1493, 253, 200000, '2019-11-10', 0, 200000, NULL, 0, '', '', 1, 1, 0, 9, 0),
(1494, 254, 35000, '2019-06-10', 0, 35000, NULL, 0, '', 'PAGO INICIAL', 1, 1, 0, 1, 2),
(1495, 254, 35000, '2019-11-10', 0, 35000, NULL, 0, '', 'PAGO INICIAL', 1, 1, 0, 1, 2),
(1496, 255, 200000, '2019-02-19', 200000, 0, '2019-02-19', 1, '', 'PAGO DE MATRICULA', 1, 1, 1, 0, 2),
(1497, 255, 150000, '2019-03-10', 0, 150000, NULL, 0, '', '', 1, 1, 0, 1, 0),
(1498, 255, 150000, '2019-04-10', 0, 150000, NULL, 0, '', '', 1, 1, 0, 2, 0),
(1499, 255, 150000, '2019-05-10', 0, 150000, NULL, 0, '', '', 1, 1, 0, 3, 0),
(1500, 255, 150000, '2019-06-10', 0, 150000, NULL, 0, '', '', 1, 1, 0, 4, 0),
(1501, 255, 150000, '2019-07-10', 0, 150000, NULL, 0, '', '', 1, 1, 0, 5, 0),
(1502, 255, 150000, '2019-08-10', 0, 150000, NULL, 0, '', '', 1, 1, 0, 6, 0),
(1503, 255, 150000, '2019-09-10', 0, 150000, NULL, 0, '', '', 1, 1, 0, 7, 0),
(1504, 255, 150000, '2019-10-10', 0, 150000, NULL, 0, '', '', 1, 1, 0, 8, 0),
(1505, 255, 150000, '2019-11-10', 0, 150000, NULL, 0, '', '', 1, 1, 0, 9, 0),
(1506, 256, 35000, '2019-06-10', 0, 35000, NULL, 0, '', 'PAGO INICIAL', 1, 1, 0, 1, 2),
(1507, 256, 35000, '2019-11-10', 0, 35000, NULL, 0, '', 'PAGO INICIAL', 1, 1, 0, 1, 2),
(1508, 257, 200000, '2019-02-19', 200000, 0, '2019-02-19', 1, '', 'PAGO DE MATRICULA', 1, 1, 1, 0, 2),
(1509, 257, 150000, '2019-03-10', 150000, 0, '2019-03-07', 1, '8135', 'PAGO DE CUOTA MES DE MARZO', 1, 1, 1, 1, 4),
(1510, 257, 150000, '2019-04-10', 0, 150000, NULL, 0, '', '', 1, 1, 0, 2, 0),
(1511, 257, 150000, '2019-05-10', 0, 150000, NULL, 0, '', '', 1, 1, 0, 3, 0),
(1512, 257, 150000, '2019-06-10', 0, 150000, NULL, 0, '', '', 1, 1, 0, 4, 0),
(1513, 257, 150000, '2019-07-10', 0, 150000, NULL, 0, '', '', 1, 1, 0, 5, 0),
(1514, 257, 150000, '2019-08-10', 0, 150000, NULL, 0, '', '', 1, 1, 0, 6, 0),
(1515, 257, 150000, '2019-09-10', 0, 150000, NULL, 0, '', '', 1, 1, 0, 7, 0),
(1516, 257, 150000, '2019-10-10', 0, 150000, NULL, 0, '', '', 1, 1, 0, 8, 0),
(1517, 257, 150000, '2019-11-10', 0, 150000, NULL, 0, '', '', 1, 1, 0, 9, 0),
(1518, 258, 35000, '2019-06-10', 0, 35000, NULL, 0, '', 'PAGO INICIAL', 1, 1, 0, 1, 2),
(1519, 258, 35000, '2019-11-10', 0, 35000, NULL, 0, '', 'PAGO INICIAL', 1, 1, 0, 1, 2),
(1520, 259, 200000, '2019-02-19', 200000, 0, '2019-02-19', 1, '', 'PAGO DE MATRICULA', 1, 1, 1, 0, 2),
(1521, 259, 200000, '2019-03-10', 200000, 0, '2019-03-08', 1, '8154', 'PAGO DE CUOTA MES DE MARZO', 1, 1, 1, 1, 4),
(1522, 259, 200000, '2019-04-10', 0, 200000, NULL, 0, '', '', 1, 1, 0, 2, 0),
(1523, 259, 200000, '2019-05-10', 0, 200000, NULL, 0, '', '', 1, 1, 0, 3, 0),
(1524, 259, 200000, '2019-06-10', 0, 200000, NULL, 0, '', '', 1, 1, 0, 4, 0),
(1525, 259, 200000, '2019-07-10', 0, 200000, NULL, 0, '', '', 1, 1, 0, 5, 0),
(1526, 259, 200000, '2019-08-10', 0, 200000, NULL, 0, '', '', 1, 1, 0, 6, 0),
(1527, 259, 200000, '2019-09-10', 0, 200000, NULL, 0, '', '', 1, 1, 0, 7, 0),
(1528, 259, 200000, '2019-10-10', 0, 200000, NULL, 0, '', '', 1, 1, 0, 8, 0),
(1529, 259, 200000, '2019-11-10', 0, 200000, NULL, 0, '', '', 1, 1, 0, 9, 0),
(1530, 260, 35000, '2019-06-10', 0, 35000, NULL, 0, '', 'PAGO INICIAL', 1, 1, 0, 1, 2),
(1531, 260, 35000, '2019-11-10', 0, 35000, NULL, 0, '', 'PAGO INICIAL', 1, 1, 0, 1, 2),
(1532, 261, 200000, '2019-02-19', 200000, 0, '2019-02-19', 1, '', 'PAGO DE MATRICULA', 1, 1, 1, 0, 2),
(1533, 261, 200000, '2019-03-10', 0, 200000, NULL, 0, '', '', 1, 1, 0, 1, 0),
(1534, 261, 200000, '2019-04-10', 0, 200000, NULL, 0, '', '', 1, 1, 0, 2, 0),
(1535, 261, 200000, '2019-05-10', 0, 200000, NULL, 0, '', '', 1, 1, 0, 3, 0),
(1536, 261, 200000, '2019-06-10', 0, 200000, NULL, 0, '', '', 1, 1, 0, 4, 0),
(1537, 261, 200000, '2019-07-10', 0, 200000, NULL, 0, '', '', 1, 1, 0, 5, 0),
(1538, 261, 200000, '2019-08-10', 0, 200000, NULL, 0, '', '', 1, 1, 0, 6, 0),
(1539, 261, 200000, '2019-09-10', 0, 200000, NULL, 0, '', '', 1, 1, 0, 7, 0),
(1540, 261, 200000, '2019-10-10', 0, 200000, NULL, 0, '', '', 1, 1, 0, 8, 0),
(1541, 261, 200000, '2019-11-10', 0, 200000, NULL, 0, '', '', 1, 1, 0, 9, 0),
(1542, 262, 35000, '2019-06-10', 0, 35000, NULL, 0, '', 'PAGO INICIAL', 1, 1, 0, 1, 2),
(1543, 262, 35000, '2019-11-10', 0, 35000, NULL, 0, '', 'PAGO INICIAL', 1, 1, 0, 1, 2),
(1544, 263, 200000, '2019-02-19', 0, 200000, NULL, 1, '', 'PAGO INICIAL', 1, 1, 0, 0, 2),
(1545, 263, 150000, '2019-03-10', 0, 150000, NULL, 0, '', '', 1, 1, 0, 1, 0),
(1546, 263, 150000, '2019-04-10', 0, 150000, NULL, 0, '', '', 1, 1, 0, 2, 0),
(1547, 263, 150000, '2019-05-10', 0, 150000, NULL, 0, '', '', 1, 1, 0, 3, 0),
(1548, 263, 150000, '2019-06-10', 0, 150000, NULL, 0, '', '', 1, 1, 0, 4, 0),
(1549, 263, 150000, '2019-07-10', 0, 150000, NULL, 0, '', '', 1, 1, 0, 5, 0),
(1550, 263, 150000, '2019-08-10', 0, 150000, NULL, 0, '', '', 1, 1, 0, 6, 0),
(1551, 263, 150000, '2019-09-10', 0, 150000, NULL, 0, '', '', 1, 1, 0, 7, 0),
(1552, 263, 150000, '2019-10-10', 0, 150000, NULL, 0, '', '', 1, 1, 0, 8, 0),
(1553, 263, 150000, '2019-11-10', 0, 150000, NULL, 0, '', '', 1, 1, 0, 9, 0),
(1554, 264, 35000, '2019-06-10', 0, 35000, NULL, 0, '', 'PAGO INICIAL', 1, 1, 0, 1, 2),
(1555, 264, 35000, '2019-11-10', 0, 35000, NULL, 0, '', 'PAGO INICIAL', 1, 1, 0, 1, 2),
(1556, 265, 200000, '2019-02-19', 200000, 0, '2019-02-19', 1, '', 'PAGO DE MATRICULA', 1, 1, 1, 0, 2),
(1557, 265, 200000, '2019-03-10', 0, 200000, NULL, 0, '', '', 1, 1, 0, 1, 0),
(1558, 265, 200000, '2019-04-10', 0, 200000, NULL, 0, '', '', 1, 1, 0, 2, 0),
(1559, 265, 200000, '2019-05-10', 0, 200000, NULL, 0, '', '', 1, 1, 0, 3, 0),
(1560, 265, 200000, '2019-06-10', 0, 200000, NULL, 0, '', '', 1, 1, 0, 4, 0),
(1561, 265, 200000, '2019-07-10', 0, 200000, NULL, 0, '', '', 1, 1, 0, 5, 0),
(1562, 265, 200000, '2019-08-10', 0, 200000, NULL, 0, '', '', 1, 1, 0, 6, 0),
(1563, 265, 200000, '2019-09-10', 0, 200000, NULL, 0, '', '', 1, 1, 0, 7, 0),
(1564, 265, 200000, '2019-10-10', 0, 200000, NULL, 0, '', '', 1, 1, 0, 8, 0),
(1565, 265, 200000, '2019-11-10', 0, 200000, NULL, 0, '', '', 1, 1, 0, 9, 0),
(1566, 266, 35000, '2019-06-10', 0, 35000, NULL, 0, '', 'PAGO INICIAL', 1, 1, 0, 1, 2),
(1567, 266, 35000, '2019-11-10', 0, 35000, NULL, 0, '', 'PAGO INICIAL', 1, 1, 0, 1, 2),
(1568, 267, 200000, '2019-02-19', 200000, 0, '2019-02-19', 1, '', 'PAGO DE MATRICULA', 1, 1, 1, 0, 2),
(1569, 267, 200000, '2019-03-10', 200000, 0, '2019-02-27', 1, '0018', 'PAGO DE CUOTA MARZO', 1, 1, 1, 1, 4),
(1570, 267, 200000, '2019-04-10', 0, 200000, NULL, 0, '', '', 1, 1, 0, 2, 0),
(1571, 267, 200000, '2019-05-10', 0, 200000, NULL, 0, '', '', 1, 1, 0, 3, 0),
(1572, 267, 200000, '2019-06-10', 0, 200000, NULL, 0, '', '', 1, 1, 0, 4, 0),
(1573, 267, 200000, '2019-07-10', 0, 200000, NULL, 0, '', '', 1, 1, 0, 5, 0),
(1574, 267, 200000, '2019-08-10', 0, 200000, NULL, 0, '', '', 1, 1, 0, 6, 0),
(1575, 267, 200000, '2019-09-10', 0, 200000, NULL, 0, '', '', 1, 1, 0, 7, 0),
(1576, 267, 200000, '2019-10-10', 0, 200000, NULL, 0, '', '', 1, 1, 0, 8, 0),
(1577, 267, 200000, '2019-11-10', 0, 200000, NULL, 0, '', '', 1, 1, 0, 9, 0),
(1578, 268, 35000, '2019-06-10', 0, 35000, NULL, 0, '', 'PAGO INICIAL', 1, 1, 0, 1, 2),
(1579, 268, 35000, '2019-11-10', 0, 35000, NULL, 0, '', 'PAGO INICIAL', 1, 1, 0, 1, 2),
(1580, 269, 200000, '2019-02-19', 200000, 0, '2019-02-19', 1, '', 'PAGO DE MATRICULA', 1, 1, 1, 0, 2),
(1581, 269, 150000, '2019-03-10', 0, 150000, NULL, 0, '', '', 1, 1, 0, 1, 0),
(1582, 269, 150000, '2019-04-10', 0, 150000, NULL, 0, '', '', 1, 1, 0, 2, 0),
(1583, 269, 150000, '2019-05-10', 0, 150000, NULL, 0, '', '', 1, 1, 0, 3, 0),
(1584, 269, 150000, '2019-06-10', 0, 150000, NULL, 0, '', '', 1, 1, 0, 4, 0),
(1585, 269, 150000, '2019-07-10', 0, 150000, NULL, 0, '', '', 1, 1, 0, 5, 0),
(1586, 269, 150000, '2019-08-10', 0, 150000, NULL, 0, '', '', 1, 1, 0, 6, 0),
(1587, 269, 150000, '2019-09-10', 0, 150000, NULL, 0, '', '', 1, 1, 0, 7, 0),
(1588, 269, 150000, '2019-10-10', 0, 150000, NULL, 0, '', '', 1, 1, 0, 8, 0),
(1589, 269, 150000, '2019-11-10', 0, 150000, NULL, 0, '', '', 1, 1, 0, 9, 0),
(1590, 270, 35000, '2019-06-10', 0, 35000, NULL, 0, '', 'PAGO INICIAL', 1, 1, 0, 1, 2),
(1591, 270, 35000, '2019-11-10', 0, 35000, NULL, 0, '', 'PAGO INICIAL', 1, 1, 0, 1, 2),
(1592, 271, 200000, '2019-02-19', 200000, 0, '2019-02-19', 1, '', 'PAGO DE MATRICULA', 1, 1, 1, 0, 2),
(1593, 271, 150000, '2019-03-10', 0, 150000, NULL, 0, '', '', 1, 1, 0, 1, 0),
(1594, 271, 150000, '2019-04-10', 0, 150000, NULL, 0, '', '', 1, 1, 0, 2, 0),
(1595, 271, 150000, '2019-05-10', 0, 150000, NULL, 0, '', '', 1, 1, 0, 3, 0),
(1596, 271, 150000, '2019-06-10', 0, 150000, NULL, 0, '', '', 1, 1, 0, 4, 0),
(1597, 271, 150000, '2019-07-10', 0, 150000, NULL, 0, '', '', 1, 1, 0, 5, 0),
(1598, 271, 150000, '2019-08-10', 0, 150000, NULL, 0, '', '', 1, 1, 0, 6, 0),
(1599, 271, 150000, '2019-09-10', 0, 150000, NULL, 0, '', '', 1, 1, 0, 7, 0),
(1600, 271, 150000, '2019-10-10', 0, 150000, NULL, 0, '', '', 1, 1, 0, 8, 0),
(1601, 271, 150000, '2019-11-10', 0, 150000, NULL, 0, '', '', 1, 1, 0, 9, 0),
(1602, 272, 35000, '2019-06-10', 0, 35000, NULL, 0, '', 'PAGO INICIAL', 1, 1, 0, 1, 2),
(1603, 272, 35000, '2019-11-10', 0, 35000, NULL, 0, '', 'PAGO INICIAL', 1, 1, 0, 1, 2),
(1604, 273, 200000, '2019-02-19', 200000, 0, '2019-03-03', 1, '8085', 'PAGO DE MATRICULA', 1, 1, 1, 0, 4),
(1605, 273, 150000, '2019-03-10', 150000, 0, '2019-03-03', 1, '8085', 'PAGO DE CUOTA MES DE MARZO', 1, 1, 1, 1, 4),
(1606, 273, 150000, '2019-04-10', 0, 150000, NULL, 0, '', '', 1, 1, 0, 2, 0),
(1607, 273, 150000, '2019-05-10', 0, 150000, NULL, 0, '', '', 1, 1, 0, 3, 0),
(1608, 273, 150000, '2019-06-10', 0, 150000, NULL, 0, '', '', 1, 1, 0, 4, 0),
(1609, 273, 150000, '2019-07-10', 0, 150000, NULL, 0, '', '', 1, 1, 0, 5, 0),
(1610, 273, 150000, '2019-08-10', 0, 150000, NULL, 0, '', '', 1, 1, 0, 6, 0),
(1611, 273, 150000, '2019-09-10', 0, 150000, NULL, 0, '', '', 1, 1, 0, 7, 0),
(1612, 273, 150000, '2019-10-10', 0, 150000, NULL, 0, '', '', 1, 1, 0, 8, 0),
(1613, 273, 150000, '2019-11-10', 0, 150000, NULL, 0, '', '', 1, 1, 0, 9, 0),
(1614, 274, 35000, '2019-06-10', 0, 35000, NULL, 0, '', 'PAGO INICIAL', 1, 1, 0, 1, 2),
(1615, 274, 35000, '2019-11-10', 0, 35000, NULL, 0, '', 'PAGO INICIAL', 1, 1, 0, 1, 2),
(1616, 275, 200000, '2019-02-19', 200000, 0, '2019-02-19', 1, '', 'PAGO DE MATRICULA', 1, 1, 1, 0, 2),
(1617, 275, 150000, '2019-03-10', 0, 150000, NULL, 0, '', '', 1, 1, 0, 1, 0),
(1618, 275, 150000, '2019-04-10', 0, 150000, NULL, 0, '', '', 1, 1, 0, 2, 0),
(1619, 275, 150000, '2019-05-10', 0, 150000, NULL, 0, '', '', 1, 1, 0, 3, 0),
(1620, 275, 150000, '2019-06-10', 0, 150000, NULL, 0, '', '', 1, 1, 0, 4, 0),
(1621, 275, 150000, '2019-07-10', 0, 150000, NULL, 0, '', '', 1, 1, 0, 5, 0),
(1622, 275, 150000, '2019-08-10', 0, 150000, NULL, 0, '', '', 1, 1, 0, 6, 0),
(1623, 275, 150000, '2019-09-10', 0, 150000, NULL, 0, '', '', 1, 1, 0, 7, 0),
(1624, 275, 150000, '2019-10-10', 0, 150000, NULL, 0, '', '', 1, 1, 0, 8, 0),
(1625, 275, 150000, '2019-11-10', 0, 150000, NULL, 0, '', '', 1, 1, 0, 9, 0),
(1626, 276, 35000, '2019-06-10', 0, 35000, NULL, 0, '', 'PAGO INICIAL', 1, 1, 0, 1, 2),
(1627, 276, 35000, '2019-11-10', 0, 35000, NULL, 0, '', 'PAGO INICIAL', 1, 1, 0, 1, 2),
(1628, 277, 200000, '2019-02-19', 200000, 0, '2019-02-19', 1, '', 'PAGO DE MATRICULA', 1, 1, 1, 0, 2),
(1629, 277, 150000, '2019-03-10', 150000, 0, '2019-03-07', 1, '8131', 'PAGO DE CUOTA DE MARZO', 1, 1, 1, 1, 4),
(1630, 277, 150000, '2019-04-10', 0, 150000, NULL, 0, '', '', 1, 1, 0, 2, 0),
(1631, 277, 150000, '2019-05-10', 0, 150000, NULL, 0, '', '', 1, 1, 0, 3, 0),
(1632, 277, 150000, '2019-06-10', 0, 150000, NULL, 0, '', '', 1, 1, 0, 4, 0),
(1633, 277, 150000, '2019-07-10', 0, 150000, NULL, 0, '', '', 1, 1, 0, 5, 0),
(1634, 277, 150000, '2019-08-10', 0, 150000, NULL, 0, '', '', 1, 1, 0, 6, 0),
(1635, 277, 150000, '2019-09-10', 0, 150000, NULL, 0, '', '', 1, 1, 0, 7, 0),
(1636, 277, 150000, '2019-10-10', 0, 150000, NULL, 0, '', '', 1, 1, 0, 8, 0),
(1637, 277, 150000, '2019-11-10', 0, 150000, NULL, 0, '', '', 1, 1, 0, 9, 0),
(1638, 278, 35000, '2019-06-10', 0, 35000, NULL, 0, '', 'PAGO INICIAL', 1, 1, 0, 1, 2),
(1639, 278, 35000, '2019-11-10', 0, 35000, NULL, 0, '', 'PAGO INICIAL', 1, 1, 0, 1, 2),
(1640, 279, 200000, '2019-02-19', 200000, 0, '2019-02-19', 1, '', 'PAGO DE MATRICULA', 1, 1, 1, 0, 2),
(1641, 279, 150000, '2019-03-10', 0, 150000, NULL, 0, '', '', 1, 1, 0, 1, 0),
(1642, 279, 150000, '2019-04-10', 0, 150000, NULL, 0, '', '', 1, 1, 0, 2, 0),
(1643, 279, 150000, '2019-05-10', 0, 150000, NULL, 0, '', '', 1, 1, 0, 3, 0),
(1644, 279, 150000, '2019-06-10', 0, 150000, NULL, 0, '', '', 1, 1, 0, 4, 0),
(1645, 279, 150000, '2019-07-10', 0, 150000, NULL, 0, '', '', 1, 1, 0, 5, 0),
(1646, 279, 150000, '2019-08-10', 0, 150000, NULL, 0, '', '', 1, 1, 0, 6, 0),
(1647, 279, 150000, '2019-09-10', 0, 150000, NULL, 0, '', '', 1, 1, 0, 7, 0),
(1648, 279, 150000, '2019-10-10', 0, 150000, NULL, 0, '', '', 1, 1, 0, 8, 0),
(1649, 279, 150000, '2019-11-10', 0, 150000, NULL, 0, '', '', 1, 1, 0, 9, 0),
(1650, 280, 35000, '2019-06-10', 0, 35000, NULL, 0, '', 'PAGO INICIAL', 1, 1, 0, 1, 2),
(1651, 280, 35000, '2019-11-10', 0, 35000, NULL, 0, '', 'PAGO INICIAL', 1, 1, 0, 1, 2),
(1652, 281, 200000, '2019-02-19', 200000, 0, '2019-02-19', 1, '', 'PAGO DE MATRICULA', 1, 1, 1, 0, 2),
(1653, 281, 150000, '2019-03-10', 150000, 0, '2019-03-08', 1, '8151', 'PAGO DE CUOTA MES DE MARZO', 1, 1, 1, 1, 4),
(1654, 281, 150000, '2019-04-10', 0, 150000, NULL, 0, '', '', 1, 1, 0, 2, 0),
(1655, 281, 150000, '2019-05-10', 0, 150000, NULL, 0, '', '', 1, 1, 0, 3, 0),
(1656, 281, 150000, '2019-06-10', 0, 150000, NULL, 0, '', '', 1, 1, 0, 4, 0),
(1657, 281, 150000, '2019-07-10', 0, 150000, NULL, 0, '', '', 1, 1, 0, 5, 0),
(1658, 281, 150000, '2019-08-10', 0, 150000, NULL, 0, '', '', 1, 1, 0, 6, 0),
(1659, 281, 150000, '2019-09-10', 0, 150000, NULL, 0, '', '', 1, 1, 0, 7, 0),
(1660, 281, 150000, '2019-10-10', 0, 150000, NULL, 0, '', '', 1, 1, 0, 8, 0),
(1661, 281, 150000, '2019-11-10', 0, 150000, NULL, 0, '', '', 1, 1, 0, 9, 0),
(1662, 282, 35000, '2019-06-10', 0, 35000, NULL, 0, '', 'PAGO INICIAL', 1, 1, 0, 1, 2),
(1663, 282, 35000, '2019-11-10', 0, 35000, NULL, 0, '', 'PAGO INICIAL', 1, 1, 0, 1, 2),
(1664, 283, 200000, '2019-02-19', 200000, 0, '2019-02-19', 1, '', 'PAGO DE MATRICULA Y CUOTAS', 1, 1, 1, 0, 2),
(1665, 283, 200000, '2019-03-10', 200000, 0, '2019-02-19', 1, '', 'PAGO DE MATRICULA Y CUOTAS', 1, 1, 1, 1, 2),
(1666, 283, 200000, '2019-04-10', 200000, 0, '2019-02-19', 1, '', 'PAGO DE MATRICULA Y CUOTAS', 1, 1, 1, 2, 2),
(1667, 283, 200000, '2019-05-10', 200000, 0, '2019-02-19', 1, '', 'PAGO DE MATRICULA Y CUOTAS', 1, 1, 1, 3, 2),
(1668, 283, 200000, '2019-06-10', 200000, 0, '2019-02-19', 1, '', 'PAGO DE MATRICULA Y CUOTAS', 1, 1, 1, 4, 2),
(1669, 283, 200000, '2019-07-10', 200000, 0, '2019-02-19', 1, '', 'PAGO DE MATRICULA Y CUOTAS', 1, 1, 1, 5, 2),
(1670, 283, 200000, '2019-08-10', 200000, 0, '2019-02-19', 1, '', 'PAGO DE MATRICULA Y CUOTAS', 1, 1, 1, 6, 2),
(1671, 283, 200000, '2019-09-10', 200000, 0, '2019-02-19', 1, '', 'PAGO DE MATRICULA Y CUOTAS', 1, 1, 1, 7, 2),
(1672, 283, 200000, '2019-10-10', 200000, 0, '2019-02-19', 1, '', 'PAGO DE MATRICULA Y CUOTAS', 1, 1, 1, 8, 2),
(1673, 283, 200000, '2019-11-10', 200000, 0, '2019-02-19', 1, '', 'PAGO DE MATRICULA Y CUOTAS', 1, 1, 1, 9, 2),
(1674, 284, 35000, '2019-06-10', 0, 35000, NULL, 0, '', 'PAGO INICIAL', 1, 1, 0, 1, 2),
(1675, 284, 35000, '2019-11-10', 0, 35000, NULL, 0, '', 'PAGO INICIAL', 1, 1, 0, 1, 2),
(1676, 285, 200000, '2019-02-19', 200000, 0, '2019-02-19', 1, '', 'PAGO DE MATRICULA', 1, 1, 1, 0, 2),
(1677, 285, 150000, '2019-03-10', 0, 150000, NULL, 0, '', '', 1, 1, 0, 1, 0),
(1678, 285, 150000, '2019-04-10', 0, 150000, NULL, 0, '', '', 1, 1, 0, 2, 0),
(1679, 285, 150000, '2019-05-10', 0, 150000, NULL, 0, '', '', 1, 1, 0, 3, 0),
(1680, 285, 150000, '2019-06-10', 0, 150000, NULL, 0, '', '', 1, 1, 0, 4, 0),
(1681, 285, 150000, '2019-07-10', 0, 150000, NULL, 0, '', '', 1, 1, 0, 5, 0),
(1682, 285, 150000, '2019-08-10', 0, 150000, NULL, 0, '', '', 1, 1, 0, 6, 0),
(1683, 285, 150000, '2019-09-10', 0, 150000, NULL, 0, '', '', 1, 1, 0, 7, 0),
(1684, 285, 150000, '2019-10-10', 0, 150000, NULL, 0, '', '', 1, 1, 0, 8, 0),
(1685, 285, 150000, '2019-11-10', 0, 150000, NULL, 0, '', '', 1, 1, 0, 9, 0),
(1686, 286, 35000, '2019-06-10', 0, 35000, NULL, 0, '', 'PAGO INICIAL', 1, 1, 0, 1, 2),
(1687, 286, 35000, '2019-11-10', 0, 35000, NULL, 0, '', 'PAGO INICIAL', 1, 1, 0, 1, 2),
(1688, 287, 200000, '2019-02-19', 200000, 0, '2019-02-19', 1, '', 'PAGO DE MATRICULA', 1, 1, 1, 0, 2),
(1689, 287, 200000, '2019-03-10', 200000, 0, '2019-03-08', 1, '8184', 'PAGO DE CUOTA MES DE MARZO', 1, 1, 1, 1, 4),
(1690, 287, 200000, '2019-04-10', 0, 200000, NULL, 0, '', '', 1, 1, 0, 2, 0),
(1691, 287, 200000, '2019-05-10', 0, 200000, NULL, 0, '', '', 1, 1, 0, 3, 0),
(1692, 287, 200000, '2019-06-10', 0, 200000, NULL, 0, '', '', 1, 1, 0, 4, 0),
(1693, 287, 200000, '2019-07-10', 0, 200000, NULL, 0, '', '', 1, 1, 0, 5, 0),
(1694, 287, 200000, '2019-08-10', 0, 200000, NULL, 0, '', '', 1, 1, 0, 6, 0),
(1695, 287, 200000, '2019-09-10', 0, 200000, NULL, 0, '', '', 1, 1, 0, 7, 0),
(1696, 287, 200000, '2019-10-10', 0, 200000, NULL, 0, '', '', 1, 1, 0, 8, 0),
(1697, 287, 200000, '2019-11-10', 0, 200000, NULL, 0, '', '', 1, 1, 0, 9, 0),
(1698, 288, 35000, '2019-06-10', 0, 35000, NULL, 0, '', 'PAGO INICIAL', 1, 1, 0, 1, 2),
(1699, 288, 35000, '2019-11-10', 0, 35000, NULL, 0, '', 'PAGO INICIAL', 1, 1, 0, 1, 2),
(1700, 289, 200000, '2019-02-19', 200000, 0, '2019-02-19', 1, '', 'PAGO DE MATRICULA', 1, 1, 1, 0, 2),
(1701, 289, 200000, '2019-03-10', 0, 200000, NULL, 0, '', '', 1, 1, 0, 1, 0),
(1702, 289, 200000, '2019-04-10', 0, 200000, NULL, 0, '', '', 1, 1, 0, 2, 0),
(1703, 289, 200000, '2019-05-10', 0, 200000, NULL, 0, '', '', 1, 1, 0, 3, 0),
(1704, 289, 200000, '2019-06-10', 0, 200000, NULL, 0, '', '', 1, 1, 0, 4, 0),
(1705, 289, 200000, '2019-07-10', 0, 200000, NULL, 0, '', '', 1, 1, 0, 5, 0),
(1706, 289, 200000, '2019-08-10', 0, 200000, NULL, 0, '', '', 1, 1, 0, 6, 0),
(1707, 289, 200000, '2019-09-10', 0, 200000, NULL, 0, '', '', 1, 1, 0, 7, 0),
(1708, 289, 200000, '2019-10-10', 0, 200000, NULL, 0, '', '', 1, 1, 0, 8, 0),
(1709, 289, 200000, '2019-11-10', 0, 200000, NULL, 0, '', '', 1, 1, 0, 9, 0),
(1710, 290, 35000, '2019-06-10', 0, 35000, NULL, 0, '', 'PAGO INICIAL', 1, 1, 0, 1, 2),
(1711, 290, 35000, '2019-11-10', 0, 35000, NULL, 0, '', 'PAGO INICIAL', 1, 1, 0, 1, 2),
(1712, 291, 200000, '2019-02-19', 200000, 0, '2019-02-19', 1, '', 'PAGO DE MATRICULA', 1, 1, 1, 0, 2),
(1713, 291, 200000, '2019-03-10', 0, 200000, NULL, 0, '', '', 1, 1, 0, 1, 0),
(1714, 291, 200000, '2019-04-10', 0, 200000, NULL, 0, '', '', 1, 1, 0, 2, 0),
(1715, 291, 200000, '2019-05-10', 0, 200000, NULL, 0, '', '', 1, 1, 0, 3, 0),
(1716, 291, 200000, '2019-06-10', 0, 200000, NULL, 0, '', '', 1, 1, 0, 4, 0),
(1717, 291, 200000, '2019-07-10', 0, 200000, NULL, 0, '', '', 1, 1, 0, 5, 0),
(1718, 291, 200000, '2019-08-10', 0, 200000, NULL, 0, '', '', 1, 1, 0, 6, 0),
(1719, 291, 200000, '2019-09-10', 0, 200000, NULL, 0, '', '', 1, 1, 0, 7, 0),
(1720, 291, 200000, '2019-10-10', 0, 200000, NULL, 0, '', '', 1, 1, 0, 8, 0),
(1721, 291, 200000, '2019-11-10', 0, 200000, NULL, 0, '', '', 1, 1, 0, 9, 0),
(1722, 292, 35000, '2019-06-10', 0, 35000, NULL, 0, '', 'PAGO INICIAL', 1, 1, 0, 1, 2),
(1723, 292, 35000, '2019-11-10', 0, 35000, NULL, 0, '', 'PAGO INICIAL', 1, 1, 0, 1, 2),
(1724, 293, 200000, '2019-02-19', 200000, 0, '2019-02-19', 1, '', 'PAGO DE MATRICULA', 1, 1, 1, 0, 2),
(1725, 293, 150000, '2019-03-10', 0, 150000, NULL, 0, '', '', 1, 1, 0, 1, 0),
(1726, 293, 150000, '2019-04-10', 0, 150000, NULL, 0, '', '', 1, 1, 0, 2, 0),
(1727, 293, 150000, '2019-05-10', 0, 150000, NULL, 0, '', '', 1, 1, 0, 3, 0),
(1728, 293, 150000, '2019-06-10', 0, 150000, NULL, 0, '', '', 1, 1, 0, 4, 0),
(1729, 293, 150000, '2019-07-10', 0, 150000, NULL, 0, '', '', 1, 1, 0, 5, 0),
(1730, 293, 150000, '2019-08-10', 0, 150000, NULL, 0, '', '', 1, 1, 0, 6, 0),
(1731, 293, 150000, '2019-09-10', 0, 150000, NULL, 0, '', '', 1, 1, 0, 7, 0),
(1732, 293, 150000, '2019-10-10', 0, 150000, NULL, 0, '', '', 1, 1, 0, 8, 0),
(1733, 293, 150000, '2019-11-10', 0, 150000, NULL, 0, '', '', 1, 1, 0, 9, 0),
(1734, 294, 35000, '2019-06-10', 0, 35000, NULL, 0, '', 'PAGO INICIAL', 1, 1, 0, 1, 2),
(1735, 294, 35000, '2019-11-10', 0, 35000, NULL, 0, '', 'PAGO INICIAL', 1, 1, 0, 1, 2),
(1736, 295, 200000, '2019-02-19', 200000, 0, '2019-02-19', 1, '', 'PAGO DE MATRICULA', 1, 1, 1, 0, 2),
(1737, 295, 200000, '2019-03-10', 0, 200000, NULL, 0, '', '', 1, 1, 0, 1, 0),
(1738, 295, 200000, '2019-04-10', 0, 200000, NULL, 0, '', '', 1, 1, 0, 2, 0),
(1739, 295, 200000, '2019-05-10', 0, 200000, NULL, 0, '', '', 1, 1, 0, 3, 0),
(1740, 295, 200000, '2019-06-10', 0, 200000, NULL, 0, '', '', 1, 1, 0, 4, 0),
(1741, 295, 200000, '2019-07-10', 0, 200000, NULL, 0, '', '', 1, 1, 0, 5, 0),
(1742, 295, 200000, '2019-08-10', 0, 200000, NULL, 0, '', '', 1, 1, 0, 6, 0),
(1743, 295, 200000, '2019-09-10', 0, 200000, NULL, 0, '', '', 1, 1, 0, 7, 0),
(1744, 295, 200000, '2019-10-10', 0, 200000, NULL, 0, '', '', 1, 1, 0, 8, 0),
(1745, 295, 200000, '2019-11-10', 0, 200000, NULL, 0, '', '', 1, 1, 0, 9, 0),
(1746, 296, 35000, '2019-06-10', 0, 35000, NULL, 0, '', 'PAGO INICIAL', 1, 1, 0, 1, 2),
(1747, 296, 35000, '2019-11-10', 0, 35000, NULL, 0, '', 'PAGO INICIAL', 1, 1, 0, 1, 2),
(1748, 297, 200000, '2019-02-19', 200000, 0, '2019-02-19', 1, '', 'PAGO DE MATRICULA', 1, 1, 1, 0, 2),
(1749, 297, 200000, '2019-03-10', 200000, 0, '2019-03-05', 1, '8095', 'PAGO DE CUOTA MARZO', 1, 1, 1, 1, 4),
(1750, 297, 200000, '2019-04-10', 0, 200000, NULL, 0, '', '', 1, 1, 0, 2, 0),
(1751, 297, 200000, '2019-05-10', 0, 200000, NULL, 0, '', '', 1, 1, 0, 3, 0),
(1752, 297, 200000, '2019-06-10', 0, 200000, NULL, 0, '', '', 1, 1, 0, 4, 0),
(1753, 297, 200000, '2019-07-10', 0, 200000, NULL, 0, '', '', 1, 1, 0, 5, 0),
(1754, 297, 200000, '2019-08-10', 0, 200000, NULL, 0, '', '', 1, 1, 0, 6, 0),
(1755, 297, 200000, '2019-09-10', 0, 200000, NULL, 0, '', '', 1, 1, 0, 7, 0),
(1756, 297, 200000, '2019-10-10', 0, 200000, NULL, 0, '', '', 1, 1, 0, 8, 0),
(1757, 297, 200000, '2019-11-10', 0, 200000, NULL, 0, '', '', 1, 1, 0, 9, 0),
(1758, 298, 35000, '2019-06-10', 0, 35000, NULL, 0, '', 'PAGO INICIAL', 1, 1, 0, 1, 2),
(1759, 298, 35000, '2019-11-10', 0, 35000, NULL, 0, '', 'PAGO INICIAL', 1, 1, 0, 1, 2),
(1760, 299, 200000, '2019-02-19', 200000, 0, '2019-03-07', 1, '8135', 'PAGO DE MATRICULA', 1, 1, 1, 0, 4),
(1761, 299, 150000, '2019-03-10', 150000, 0, '2019-03-07', 1, '8134', 'PAGO DE CUOTA MES DE MARZO', 1, 1, 1, 1, 4),
(1762, 299, 150000, '2019-04-10', 0, 150000, NULL, 0, '', '', 1, 1, 0, 2, 0),
(1763, 299, 150000, '2019-05-10', 0, 150000, NULL, 0, '', '', 1, 1, 0, 3, 0),
(1764, 299, 150000, '2019-06-10', 0, 150000, NULL, 0, '', '', 1, 1, 0, 4, 0),
(1765, 299, 150000, '2019-07-10', 0, 150000, NULL, 0, '', '', 1, 1, 0, 5, 0),
(1766, 299, 150000, '2019-08-10', 0, 150000, NULL, 0, '', '', 1, 1, 0, 6, 0),
(1767, 299, 150000, '2019-09-10', 0, 150000, NULL, 0, '', '', 1, 1, 0, 7, 0),
(1768, 299, 150000, '2019-10-10', 0, 150000, NULL, 0, '', '', 1, 1, 0, 8, 0),
(1769, 299, 150000, '2019-11-10', 0, 150000, NULL, 0, '', '', 1, 1, 0, 9, 0),
(1770, 300, 35000, '2019-06-10', 0, 35000, NULL, 0, '', 'PAGO INICIAL', 1, 1, 0, 1, 2),
(1771, 300, 35000, '2019-11-10', 0, 35000, NULL, 0, '', 'PAGO INICIAL', 1, 1, 0, 1, 2),
(1772, 301, 200000, '2019-02-20', 200000, 0, '2019-02-20', 1, '', 'PAGO DE MATRICULA', 1, 1, 1, 0, 3),
(1773, 301, 150000, '2019-03-10', 150000, 0, '2019-03-05', 1, '8088', 'PAGO DE CUOTA MARZO', 1, 1, 1, 1, 4),
(1774, 301, 150000, '2019-04-10', 0, 150000, NULL, 0, '', '', 1, 1, 0, 2, 0),
(1775, 301, 150000, '2019-05-10', 0, 150000, NULL, 0, '', '', 1, 1, 0, 3, 0),
(1776, 301, 150000, '2019-06-10', 0, 150000, NULL, 0, '', '', 1, 1, 0, 4, 0),
(1777, 301, 150000, '2019-07-10', 0, 150000, NULL, 0, '', '', 1, 1, 0, 5, 0),
(1778, 301, 150000, '2019-08-10', 0, 150000, NULL, 0, '', '', 1, 1, 0, 6, 0),
(1779, 301, 150000, '2019-09-10', 0, 150000, NULL, 0, '', '', 1, 1, 0, 7, 0),
(1780, 301, 150000, '2019-10-10', 0, 150000, NULL, 0, '', '', 1, 1, 0, 8, 0),
(1781, 301, 150000, '2019-11-10', 0, 150000, NULL, 0, '', '', 1, 1, 0, 9, 0),
(1782, 302, 35000, '2019-06-10', 0, 35000, NULL, 0, '', 'PAGO INICIAL', 1, 1, 0, 1, 3),
(1783, 302, 35000, '2019-11-10', 0, 35000, NULL, 0, '', 'PAGO INICIAL', 1, 1, 0, 1, 3),
(1784, 303, 200000, '2019-02-20', 200000, 0, '2019-02-20', 1, '', 'PAGO DE MATRICULA', 1, 1, 1, 0, 3),
(1785, 303, 200000, '2019-03-10', 0, 200000, NULL, 0, '', '', 1, 1, 0, 1, 0),
(1786, 303, 200000, '2019-04-10', 0, 200000, NULL, 0, '', '', 1, 1, 0, 2, 0),
(1787, 303, 200000, '2019-05-10', 0, 200000, NULL, 0, '', '', 1, 1, 0, 3, 0),
(1788, 303, 200000, '2019-06-10', 0, 200000, NULL, 0, '', '', 1, 1, 0, 4, 0),
(1789, 303, 200000, '2019-07-10', 0, 200000, NULL, 0, '', '', 1, 1, 0, 5, 0),
(1790, 303, 200000, '2019-08-10', 0, 200000, NULL, 0, '', '', 1, 1, 0, 6, 0),
(1791, 303, 200000, '2019-09-10', 0, 200000, NULL, 0, '', '', 1, 1, 0, 7, 0),
(1792, 303, 200000, '2019-10-10', 0, 200000, NULL, 0, '', '', 1, 1, 0, 8, 0),
(1793, 303, 200000, '2019-11-10', 0, 200000, NULL, 0, '', '', 1, 1, 0, 9, 0),
(1794, 304, 35000, '2019-06-10', 0, 35000, NULL, 0, '', 'PAGO INICIAL', 1, 1, 0, 1, 3),
(1795, 304, 35000, '2019-11-10', 0, 35000, NULL, 0, '', 'PAGO INICIAL', 1, 1, 0, 1, 3),
(1796, 305, 200000, '2019-02-20', 200000, 0, '2019-02-20', 1, '', 'PAGO DE MATRICULA', 1, 1, 1, 0, 3),
(1797, 305, 150000, '2019-03-10', 0, 150000, NULL, 0, '', '', 1, 1, 0, 1, 0),
(1798, 305, 150000, '2019-04-10', 0, 150000, NULL, 0, '', '', 1, 1, 0, 2, 0),
(1799, 305, 150000, '2019-05-10', 0, 150000, NULL, 0, '', '', 1, 1, 0, 3, 0),
(1800, 305, 150000, '2019-06-10', 0, 150000, NULL, 0, '', '', 1, 1, 0, 4, 0),
(1801, 305, 150000, '2019-07-10', 0, 150000, NULL, 0, '', '', 1, 1, 0, 5, 0),
(1802, 305, 150000, '2019-08-10', 0, 150000, NULL, 0, '', '', 1, 1, 0, 6, 0),
(1803, 305, 150000, '2019-09-10', 0, 150000, NULL, 0, '', '', 1, 1, 0, 7, 0),
(1804, 305, 150000, '2019-10-10', 0, 150000, NULL, 0, '', '', 1, 1, 0, 8, 0),
(1805, 305, 150000, '2019-11-10', 0, 150000, NULL, 0, '', '', 1, 1, 0, 9, 0),
(1806, 306, 35000, '2019-06-10', 0, 35000, NULL, 0, '', 'PAGO INICIAL', 1, 1, 0, 1, 3),
(1807, 306, 35000, '2019-11-10', 0, 35000, NULL, 0, '', 'PAGO INICIAL', 1, 1, 0, 1, 3),
(1808, 307, 250000, '2019-02-20', 250000, 0, '2019-02-20', 1, '', 'PAGO DE MATRICULA', 1, 1, 1, 0, 3),
(1809, 307, 150000, '2019-03-10', 0, 150000, NULL, 0, '', '', 1, 1, 0, 1, 0),
(1810, 307, 150000, '2019-04-10', 0, 150000, NULL, 0, '', '', 1, 1, 0, 2, 0),
(1811, 307, 150000, '2019-05-10', 0, 150000, NULL, 0, '', '', 1, 1, 0, 3, 0),
(1812, 307, 150000, '2019-06-10', 0, 150000, NULL, 0, '', '', 1, 1, 0, 4, 0),
(1813, 307, 150000, '2019-07-10', 0, 150000, NULL, 0, '', '', 1, 1, 0, 5, 0),
(1814, 307, 150000, '2019-08-10', 0, 150000, NULL, 0, '', '', 1, 1, 0, 6, 0),
(1815, 307, 150000, '2019-09-10', 0, 150000, NULL, 0, '', '', 1, 1, 0, 7, 0),
(1816, 307, 150000, '2019-10-10', 0, 150000, NULL, 0, '', '', 1, 1, 0, 8, 0),
(1817, 307, 150000, '2019-11-10', 0, 150000, NULL, 0, '', '', 1, 1, 0, 9, 0),
(1818, 308, 35000, '2019-06-10', 0, 35000, NULL, 0, '', 'PAGO INICIAL', 1, 1, 0, 1, 3),
(1819, 308, 35000, '2019-11-10', 0, 35000, NULL, 0, '', 'PAGO INICIAL', 1, 1, 0, 1, 3),
(1820, 309, 200000, '2019-02-20', 200000, 0, '2019-02-20', 1, '', 'PAGO DE MATRICULA', 1, 1, 1, 0, 3),
(1821, 309, 200000, '2019-03-10', 0, 200000, NULL, 0, '', '', 1, 1, 0, 1, 0),
(1822, 309, 200000, '2019-04-10', 0, 200000, NULL, 0, '', '', 1, 1, 0, 2, 0),
(1823, 309, 200000, '2019-05-10', 0, 200000, NULL, 0, '', '', 1, 1, 0, 3, 0),
(1824, 309, 200000, '2019-06-10', 0, 200000, NULL, 0, '', '', 1, 1, 0, 4, 0),
(1825, 309, 200000, '2019-07-10', 0, 200000, NULL, 0, '', '', 1, 1, 0, 5, 0),
(1826, 309, 200000, '2019-08-10', 0, 200000, NULL, 0, '', '', 1, 1, 0, 6, 0),
(1827, 309, 200000, '2019-09-10', 0, 200000, NULL, 0, '', '', 1, 1, 0, 7, 0),
(1828, 309, 200000, '2019-10-10', 0, 200000, NULL, 0, '', '', 1, 1, 0, 8, 0),
(1829, 309, 200000, '2019-11-10', 0, 200000, NULL, 0, '', '', 1, 1, 0, 9, 0),
(1830, 310, 35000, '2019-06-10', 0, 35000, NULL, 0, '', 'PAGO INICIAL', 1, 1, 0, 1, 3),
(1831, 310, 35000, '2019-11-10', 0, 35000, NULL, 0, '', 'PAGO INICIAL', 1, 1, 0, 1, 3),
(1832, 311, 200000, '2019-02-20', 200000, 0, '2019-02-20', 1, '', 'PAGO DE MATRICULA', 1, 1, 1, 0, 3),
(1833, 311, 150000, '2019-03-10', 0, 150000, NULL, 0, '', '', 1, 1, 0, 1, 0),
(1834, 311, 150000, '2019-04-10', 0, 150000, NULL, 0, '', '', 1, 1, 0, 2, 0),
(1835, 311, 150000, '2019-05-10', 0, 150000, NULL, 0, '', '', 1, 1, 0, 3, 0),
(1836, 311, 150000, '2019-06-10', 0, 150000, NULL, 0, '', '', 1, 1, 0, 4, 0),
(1837, 311, 150000, '2019-07-10', 0, 150000, NULL, 0, '', '', 1, 1, 0, 5, 0),
(1838, 311, 150000, '2019-08-10', 0, 150000, NULL, 0, '', '', 1, 1, 0, 6, 0),
(1839, 311, 150000, '2019-09-10', 0, 150000, NULL, 0, '', '', 1, 1, 0, 7, 0),
(1840, 311, 150000, '2019-10-10', 0, 150000, NULL, 0, '', '', 1, 1, 0, 8, 0),
(1841, 311, 150000, '2019-11-10', 0, 150000, NULL, 0, '', '', 1, 1, 0, 9, 0),
(1842, 312, 35000, '2019-06-10', 0, 35000, NULL, 0, '', 'PAGO INICIAL', 1, 1, 0, 1, 3),
(1843, 312, 35000, '2019-11-10', 0, 35000, NULL, 0, '', 'PAGO INICIAL', 1, 1, 0, 1, 3),
(1844, 313, 200000, '2019-02-20', 200000, 0, '2019-02-20', 1, '', 'PAGO DE MATRICULA', 1, 1, 1, 0, 3),
(1845, 313, 200000, '2019-03-10', 200000, 0, '2019-03-06', 1, '8126', 'PAGO DE CUOTA MES DE MARZO', 1, 1, 1, 1, 4),
(1846, 313, 200000, '2019-04-10', 0, 200000, NULL, 0, '', '', 1, 1, 0, 2, 0),
(1847, 313, 200000, '2019-05-10', 0, 200000, NULL, 0, '', '', 1, 1, 0, 3, 0),
(1848, 313, 200000, '2019-06-10', 0, 200000, NULL, 0, '', '', 1, 1, 0, 4, 0),
(1849, 313, 200000, '2019-07-10', 0, 200000, NULL, 0, '', '', 1, 1, 0, 5, 0),
(1850, 313, 200000, '2019-08-10', 0, 200000, NULL, 0, '', '', 1, 1, 0, 6, 0),
(1851, 313, 200000, '2019-09-10', 0, 200000, NULL, 0, '', '', 1, 1, 0, 7, 0),
(1852, 313, 200000, '2019-10-10', 0, 200000, NULL, 0, '', '', 1, 1, 0, 8, 0),
(1853, 313, 200000, '2019-11-10', 0, 200000, NULL, 0, '', '', 1, 1, 0, 9, 0),
(1854, 314, 35000, '2019-06-10', 0, 35000, NULL, 0, '', 'PAGO INICIAL', 1, 1, 0, 1, 3),
(1855, 314, 35000, '2019-11-10', 0, 35000, NULL, 0, '', 'PAGO INICIAL', 1, 1, 0, 1, 3),
(1856, 315, 200000, '2019-02-20', 200000, 0, '2019-02-20', 1, '', 'PAGO DE MATRICULA', 1, 1, 1, 0, 3),
(1857, 315, 200000, '2019-03-10', 0, 200000, NULL, 0, '', '', 1, 1, 0, 1, 0),
(1858, 315, 200000, '2019-04-10', 0, 200000, NULL, 0, '', '', 1, 1, 0, 2, 0),
(1859, 315, 200000, '2019-05-10', 0, 200000, NULL, 0, '', '', 1, 1, 0, 3, 0),
(1860, 315, 200000, '2019-06-10', 0, 200000, NULL, 0, '', '', 1, 1, 0, 4, 0),
(1861, 315, 200000, '2019-07-10', 0, 200000, NULL, 0, '', '', 1, 1, 0, 5, 0),
(1862, 315, 200000, '2019-08-10', 0, 200000, NULL, 0, '', '', 1, 1, 0, 6, 0),
(1863, 315, 200000, '2019-09-10', 0, 200000, NULL, 0, '', '', 1, 1, 0, 7, 0),
(1864, 315, 200000, '2019-10-10', 0, 200000, NULL, 0, '', '', 1, 1, 0, 8, 0),
(1865, 315, 200000, '2019-11-10', 0, 200000, NULL, 0, '', '', 1, 1, 0, 9, 0),
(1866, 316, 35000, '2019-06-10', 0, 35000, NULL, 0, '', 'PAGO INICIAL', 1, 1, 0, 1, 3),
(1867, 316, 35000, '2019-11-10', 0, 35000, NULL, 0, '', 'PAGO INICIAL', 1, 1, 0, 1, 3),
(1868, 317, 200000, '2019-02-20', 200000, 0, '2019-02-20', 1, '', 'PAGO DE MATRICULA Y UNA CUOTA', 1, 1, 1, 0, 3),
(1869, 317, 150000, '2019-03-10', 150000, 0, '2019-02-20', 1, '', 'PAGO DE MATRICULA Y UNA CUOTA', 1, 1, 1, 1, 3),
(1870, 317, 150000, '2019-04-10', 0, 150000, NULL, 0, '', '', 1, 1, 0, 2, 0),
(1871, 317, 150000, '2019-05-10', 0, 150000, NULL, 0, '', '', 1, 1, 0, 3, 0),
(1872, 317, 150000, '2019-06-10', 0, 150000, NULL, 0, '', '', 1, 1, 0, 4, 0),
(1873, 317, 150000, '2019-07-10', 0, 150000, NULL, 0, '', '', 1, 1, 0, 5, 0),
(1874, 317, 150000, '2019-08-10', 0, 150000, NULL, 0, '', '', 1, 1, 0, 6, 0),
(1875, 317, 150000, '2019-09-10', 0, 150000, NULL, 0, '', '', 1, 1, 0, 7, 0),
(1876, 317, 150000, '2019-10-10', 0, 150000, NULL, 0, '', '', 1, 1, 0, 8, 0),
(1877, 317, 150000, '2019-11-10', 0, 150000, NULL, 0, '', '', 1, 1, 0, 9, 0),
(1878, 318, 35000, '2019-06-10', 0, 35000, NULL, 0, '', 'PAGO INICIAL', 1, 1, 0, 1, 3),
(1879, 318, 35000, '2019-11-10', 0, 35000, NULL, 0, '', 'PAGO INICIAL', 1, 1, 0, 1, 3),
(1880, 319, 200000, '2019-02-20', 200000, 0, '2019-02-20', 1, '', 'PAGO DE MATRICULA', 1, 1, 1, 0, 3),
(1881, 319, 150000, '2019-03-10', 150000, 0, '2019-03-08', 1, '8177', 'PAGO DE CUOTA MES DE MARZO', 1, 1, 1, 1, 4),
(1882, 319, 150000, '2019-04-10', 0, 150000, NULL, 0, '', '', 1, 1, 0, 2, 0),
(1883, 319, 150000, '2019-05-10', 0, 150000, NULL, 0, '', '', 1, 1, 0, 3, 0),
(1884, 319, 150000, '2019-06-10', 0, 150000, NULL, 0, '', '', 1, 1, 0, 4, 0),
(1885, 319, 150000, '2019-07-10', 0, 150000, NULL, 0, '', '', 1, 1, 0, 5, 0),
(1886, 319, 150000, '2019-08-10', 0, 150000, NULL, 0, '', '', 1, 1, 0, 6, 0),
(1887, 319, 150000, '2019-09-10', 0, 150000, NULL, 0, '', '', 1, 1, 0, 7, 0),
(1888, 319, 150000, '2019-10-10', 0, 150000, NULL, 0, '', '', 1, 1, 0, 8, 0),
(1889, 319, 150000, '2019-11-10', 0, 150000, NULL, 0, '', '', 1, 1, 0, 9, 0),
(1890, 320, 35000, '2019-06-10', 0, 35000, NULL, 0, '', 'PAGO INICIAL', 1, 1, 0, 1, 3),
(1891, 320, 35000, '2019-11-10', 0, 35000, NULL, 0, '', 'PAGO INICIAL', 1, 1, 0, 1, 3),
(1892, 321, 200000, '2019-02-20', 200000, 0, '2019-02-20', 1, '', 'PAGO DE MATRICULA', 1, 1, 1, 0, 3),
(1893, 321, 150000, '2019-03-10', 0, 150000, NULL, 0, '', '', 1, 1, 0, 1, 0),
(1894, 321, 150000, '2019-04-10', 0, 150000, NULL, 0, '', '', 1, 1, 0, 2, 0),
(1895, 321, 150000, '2019-05-10', 0, 150000, NULL, 0, '', '', 1, 1, 0, 3, 0),
(1896, 321, 150000, '2019-06-10', 0, 150000, NULL, 0, '', '', 1, 1, 0, 4, 0),
(1897, 321, 150000, '2019-07-10', 0, 150000, NULL, 0, '', '', 1, 1, 0, 5, 0),
(1898, 321, 150000, '2019-08-10', 0, 150000, NULL, 0, '', '', 1, 1, 0, 6, 0),
(1899, 321, 150000, '2019-09-10', 0, 150000, NULL, 0, '', '', 1, 1, 0, 7, 0),
(1900, 321, 150000, '2019-10-10', 0, 150000, NULL, 0, '', '', 1, 1, 0, 8, 0),
(1901, 321, 150000, '2019-11-10', 0, 150000, NULL, 0, '', '', 1, 1, 0, 9, 0),
(1902, 322, 35000, '2019-06-10', 0, 35000, NULL, 0, '', 'PAGO INICIAL', 1, 1, 0, 1, 3),
(1903, 322, 35000, '2019-11-10', 0, 35000, NULL, 0, '', 'PAGO INICIAL', 1, 1, 0, 1, 3),
(1904, 323, 200000, '2019-02-20', 200000, 0, '2019-02-20', 1, '', 'PAGO DE MATRICULA', 1, 1, 1, 0, 3),
(1905, 323, 200000, '2019-03-10', 200000, 0, '2019-03-07', 1, '8142', 'PAGO DE CUOTA MES DE MARZO', 1, 1, 1, 1, 4),
(1906, 323, 200000, '2019-04-10', 0, 200000, NULL, 0, '', '', 1, 1, 0, 2, 0),
(1907, 323, 200000, '2019-05-10', 0, 200000, NULL, 0, '', '', 1, 1, 0, 3, 0),
(1908, 323, 200000, '2019-06-10', 0, 200000, NULL, 0, '', '', 1, 1, 0, 4, 0),
(1909, 323, 200000, '2019-07-10', 0, 200000, NULL, 0, '', '', 1, 1, 0, 5, 0),
(1910, 323, 200000, '2019-08-10', 0, 200000, NULL, 0, '', '', 1, 1, 0, 6, 0),
(1911, 323, 200000, '2019-09-10', 0, 200000, NULL, 0, '', '', 1, 1, 0, 7, 0),
(1912, 323, 200000, '2019-10-10', 0, 200000, NULL, 0, '', '', 1, 1, 0, 8, 0),
(1913, 323, 200000, '2019-11-10', 0, 200000, NULL, 0, '', '', 1, 1, 0, 9, 0),
(1914, 324, 35000, '2019-06-10', 0, 35000, NULL, 0, '', 'PAGO INICIAL', 1, 1, 0, 1, 3),
(1915, 324, 35000, '2019-11-10', 0, 35000, NULL, 0, '', 'PAGO INICIAL', 1, 1, 0, 1, 3),
(1916, 325, 200000, '2019-02-20', 200000, 0, '2019-02-20', 1, '', 'PAGO DE MATRICULA', 1, 1, 1, 0, 3),
(1917, 325, 200000, '2019-03-10', 0, 200000, NULL, 0, '', '', 1, 1, 0, 1, 0),
(1918, 325, 200000, '2019-04-10', 0, 200000, NULL, 0, '', '', 1, 1, 0, 2, 0),
(1919, 325, 200000, '2019-05-10', 0, 200000, NULL, 0, '', '', 1, 1, 0, 3, 0),
(1920, 325, 200000, '2019-06-10', 0, 200000, NULL, 0, '', '', 1, 1, 0, 4, 0),
(1921, 325, 200000, '2019-07-10', 0, 200000, NULL, 0, '', '', 1, 1, 0, 5, 0),
(1922, 325, 200000, '2019-08-10', 0, 200000, NULL, 0, '', '', 1, 1, 0, 6, 0),
(1923, 325, 200000, '2019-09-10', 0, 200000, NULL, 0, '', '', 1, 1, 0, 7, 0),
(1924, 325, 200000, '2019-10-10', 0, 200000, NULL, 0, '', '', 1, 1, 0, 8, 0),
(1925, 325, 200000, '2019-11-10', 0, 200000, NULL, 0, '', '', 1, 1, 0, 9, 0),
(1926, 326, 35000, '2019-06-10', 0, 35000, NULL, 0, '', 'PAGO INICIAL', 1, 1, 0, 1, 3),
(1927, 326, 35000, '2019-11-10', 0, 35000, NULL, 0, '', 'PAGO INICIAL', 1, 1, 0, 1, 3),
(1928, 327, 200000, '2019-02-20', 0, 200000, NULL, 1, '', 'PAGO INICIAL', 1, 1, 0, 0, 3),
(1929, 327, 1350000, '2019-03-10', 0, 1350000, NULL, 0, '', '', 1, 1, 0, 1, 0),
(1930, 328, 35000, '2019-06-10', 0, 35000, NULL, 0, '', 'PAGO INICIAL', 1, 1, 0, 1, 3),
(1931, 328, 35000, '2019-11-10', 0, 35000, NULL, 0, '', 'PAGO INICIAL', 1, 1, 0, 1, 3),
(1932, 329, 200000, '2019-02-20', 200000, 0, '2019-02-20', 1, '', 'PAGO DE MATRICULA', 1, 1, 1, 0, 3),
(1933, 329, 150000, '2019-03-10', 0, 150000, NULL, 0, '', '', 1, 1, 0, 1, 0),
(1934, 329, 150000, '2019-04-10', 0, 150000, NULL, 0, '', '', 1, 1, 0, 2, 0),
(1935, 329, 150000, '2019-05-10', 0, 150000, NULL, 0, '', '', 1, 1, 0, 3, 0),
(1936, 329, 150000, '2019-06-10', 0, 150000, NULL, 0, '', '', 1, 1, 0, 4, 0),
(1937, 329, 150000, '2019-07-10', 0, 150000, NULL, 0, '', '', 1, 1, 0, 5, 0),
(1938, 329, 150000, '2019-08-10', 0, 150000, NULL, 0, '', '', 1, 1, 0, 6, 0),
(1939, 329, 150000, '2019-09-10', 0, 150000, NULL, 0, '', '', 1, 1, 0, 7, 0),
(1940, 329, 150000, '2019-10-10', 0, 150000, NULL, 0, '', '', 1, 1, 0, 8, 0),
(1941, 329, 150000, '2019-11-10', 0, 150000, NULL, 0, '', '', 1, 1, 0, 9, 0),
(1942, 330, 35000, '2019-06-10', 0, 35000, NULL, 0, '', 'PAGO INICIAL', 1, 1, 0, 1, 3),
(1943, 330, 35000, '2019-11-10', 0, 35000, NULL, 0, '', 'PAGO INICIAL', 1, 1, 0, 1, 3),
(1944, 331, 200000, '2019-02-20', 200000, 0, '2019-02-20', 1, '', 'PAGO DE MATRICULA', 1, 1, 1, 0, 3),
(1945, 331, 200000, '2019-03-10', 200000, 0, '2019-03-08', 1, '8174', 'PAGO DE CUOTA MES DE MARZO', 1, 1, 1, 1, 4),
(1946, 331, 200000, '2019-04-10', 0, 200000, NULL, 0, '', '', 1, 1, 0, 2, 0),
(1947, 331, 200000, '2019-05-10', 0, 200000, NULL, 0, '', '', 1, 1, 0, 3, 0),
(1948, 331, 200000, '2019-06-10', 0, 200000, NULL, 0, '', '', 1, 1, 0, 4, 0),
(1949, 331, 200000, '2019-07-10', 0, 200000, NULL, 0, '', '', 1, 1, 0, 5, 0),
(1950, 331, 200000, '2019-08-10', 0, 200000, NULL, 0, '', '', 1, 1, 0, 6, 0),
(1951, 331, 200000, '2019-09-10', 0, 200000, NULL, 0, '', '', 1, 1, 0, 7, 0),
(1952, 331, 200000, '2019-10-10', 0, 200000, NULL, 0, '', '', 1, 1, 0, 8, 0),
(1953, 331, 200000, '2019-11-10', 0, 200000, NULL, 0, '', '', 1, 1, 0, 9, 0),
(1954, 332, 35000, '2019-06-10', 0, 35000, NULL, 0, '', 'PAGO INICIAL', 1, 1, 0, 1, 3);
INSERT INTO `cuentas_recibir_detalle` (`id_cuenta_recibir_detalle`, `id_cuenta_recibir_cabecera`, `monto_pagar`, `fecha_vencimiento`, `monto_pagado`, `saldo`, `fecha_pagada`, `id_tipo_pago`, `nro_recibo`, `descripcion`, `id_sucursal`, `id_usuario`, `pagado`, `nro_cuota`, `lote`) VALUES
(1955, 332, 35000, '2019-11-10', 0, 35000, NULL, 0, '', 'PAGO INICIAL', 1, 1, 0, 1, 3),
(1956, 333, 200000, '2019-02-20', 200000, 0, '2019-02-20', 1, '', 'PAGO DE MATRICULA', 1, 1, 1, 0, 3),
(1957, 333, 150000, '2019-03-10', 150000, 0, '2019-03-08', 1, '8162', 'PAGO DE CUOTA MES DE MARZO', 1, 1, 1, 1, 4),
(1958, 333, 150000, '2019-04-10', 0, 150000, NULL, 0, '', '', 1, 1, 0, 2, 0),
(1959, 333, 150000, '2019-05-10', 0, 150000, NULL, 0, '', '', 1, 1, 0, 3, 0),
(1960, 333, 150000, '2019-06-10', 0, 150000, NULL, 0, '', '', 1, 1, 0, 4, 0),
(1961, 333, 150000, '2019-07-10', 0, 150000, NULL, 0, '', '', 1, 1, 0, 5, 0),
(1962, 333, 150000, '2019-08-10', 0, 150000, NULL, 0, '', '', 1, 1, 0, 6, 0),
(1963, 333, 150000, '2019-09-10', 0, 150000, NULL, 0, '', '', 1, 1, 0, 7, 0),
(1964, 333, 150000, '2019-10-10', 0, 150000, NULL, 0, '', '', 1, 1, 0, 8, 0),
(1965, 333, 150000, '2019-11-10', 0, 150000, NULL, 0, '', '', 1, 1, 0, 9, 0),
(1966, 334, 35000, '2019-06-10', 0, 35000, NULL, 0, '', 'PAGO INICIAL', 1, 1, 0, 1, 3),
(1967, 334, 35000, '2019-11-10', 0, 35000, NULL, 0, '', 'PAGO INICIAL', 1, 1, 0, 1, 3),
(1968, 335, 200000, '2019-02-20', 200000, 0, '2019-02-20', 1, '', 'PAGO DE MATRICULA', 1, 1, 1, 0, 3),
(1969, 335, 150000, '2019-02-20', 0, 150000, NULL, 0, '', '', 1, 1, 0, 1, 0),
(1970, 335, 150000, '2019-03-20', 0, 150000, NULL, 0, '', '', 1, 1, 0, 2, 0),
(1971, 335, 150000, '2019-04-20', 0, 150000, NULL, 0, '', '', 1, 1, 0, 3, 0),
(1972, 335, 150000, '2019-05-20', 0, 150000, NULL, 0, '', '', 1, 1, 0, 4, 0),
(1973, 335, 150000, '2019-06-20', 0, 150000, NULL, 0, '', '', 1, 1, 0, 5, 0),
(1974, 335, 150000, '2019-07-20', 0, 150000, NULL, 0, '', '', 1, 1, 0, 6, 0),
(1975, 335, 150000, '2019-08-20', 0, 150000, NULL, 0, '', '', 1, 1, 0, 7, 0),
(1976, 335, 150000, '2019-09-20', 0, 150000, NULL, 0, '', '', 1, 1, 0, 8, 0),
(1977, 335, 150000, '2019-10-20', 0, 150000, NULL, 0, '', '', 1, 1, 0, 9, 0),
(1978, 336, 35000, '2019-06-10', 0, 35000, NULL, 0, '', 'PAGO INICIAL', 1, 1, 0, 1, 3),
(1979, 336, 35000, '2019-11-10', 0, 35000, NULL, 0, '', 'PAGO INICIAL', 1, 1, 0, 1, 3),
(1980, 337, 200000, '2019-02-21', 200000, 0, '2019-02-21', 1, '', 'PAGO DE MATRICULA', 1, 1, 1, 0, 3),
(1981, 337, 150000, '2019-03-10', 150000, 0, '2019-03-08', 1, '8156', 'PAGO DE CUOTA MES DE MARZO', 1, 1, 1, 1, 4),
(1982, 337, 150000, '2019-04-10', 0, 150000, NULL, 0, '', '', 1, 1, 0, 2, 0),
(1983, 337, 150000, '2019-05-10', 0, 150000, NULL, 0, '', '', 1, 1, 0, 3, 0),
(1984, 337, 150000, '2019-06-10', 0, 150000, NULL, 0, '', '', 1, 1, 0, 4, 0),
(1985, 337, 150000, '2019-07-10', 0, 150000, NULL, 0, '', '', 1, 1, 0, 5, 0),
(1986, 337, 150000, '2019-08-10', 0, 150000, NULL, 0, '', '', 1, 1, 0, 6, 0),
(1987, 337, 150000, '2019-09-10', 0, 150000, NULL, 0, '', '', 1, 1, 0, 7, 0),
(1988, 337, 150000, '2019-10-10', 0, 150000, NULL, 0, '', '', 1, 1, 0, 8, 0),
(1989, 337, 150000, '2019-11-10', 0, 150000, NULL, 0, '', '', 1, 1, 0, 9, 0),
(1990, 338, 35000, '2019-06-10', 0, 35000, NULL, 0, '', 'PAGO INICIAL', 1, 1, 0, 1, 3),
(1991, 338, 35000, '2019-11-10', 0, 35000, NULL, 0, '', 'PAGO INICIAL', 1, 1, 0, 1, 3),
(1992, 339, 100000, '2019-02-21', 100000, 0, '2019-02-21', 1, '', 'PAGO DE MATRICULA', 1, 1, 1, 0, 3),
(1993, 339, 200000, '2019-03-10', 200000, 0, '2019-02-21', 1, '', 'PAGO DE CUOTA', 1, 1, 1, 1, 3),
(1994, 339, 200000, '2019-04-10', 0, 200000, NULL, 0, '', '', 1, 1, 0, 2, 0),
(1995, 339, 200000, '2019-05-10', 0, 200000, NULL, 0, '', '', 1, 1, 0, 3, 0),
(1996, 339, 200000, '2019-06-10', 0, 200000, NULL, 0, '', '', 1, 1, 0, 4, 0),
(1997, 339, 200000, '2019-07-10', 0, 200000, NULL, 0, '', '', 1, 1, 0, 5, 0),
(1998, 339, 200000, '2019-08-10', 0, 200000, NULL, 0, '', '', 1, 1, 0, 6, 0),
(1999, 339, 200000, '2019-09-10', 0, 200000, NULL, 0, '', '', 1, 1, 0, 7, 0),
(2000, 339, 200000, '2019-10-10', 0, 200000, NULL, 0, '', '', 1, 1, 0, 8, 0),
(2001, 339, 200000, '2019-11-10', 0, 200000, NULL, 0, '', '', 1, 1, 0, 9, 0),
(2002, 340, 35000, '2019-06-10', 0, 35000, NULL, 0, '', 'PAGO INICIAL', 1, 1, 0, 1, 3),
(2003, 340, 35000, '2019-11-10', 0, 35000, NULL, 0, '', 'PAGO INICIAL', 1, 1, 0, 1, 3),
(2004, 341, 100000, '2019-02-21', 100000, 0, '2019-02-21', 1, '', 'PAGO DE MATRICULA Y CUOTA', 1, 1, 1, 0, 3),
(2005, 341, 200000, '2019-03-10', 200000, 0, '2019-02-21', 1, '', 'PAGO DE MATRICULA Y CUOTA', 1, 1, 1, 1, 3),
(2006, 341, 200000, '2019-04-10', 0, 200000, NULL, 0, '', '', 1, 1, 0, 2, 0),
(2007, 341, 200000, '2019-05-10', 0, 200000, NULL, 0, '', '', 1, 1, 0, 3, 0),
(2008, 341, 200000, '2019-06-10', 0, 200000, NULL, 0, '', '', 1, 1, 0, 4, 0),
(2009, 341, 200000, '2019-07-10', 0, 200000, NULL, 0, '', '', 1, 1, 0, 5, 0),
(2010, 341, 200000, '2019-08-10', 0, 200000, NULL, 0, '', '', 1, 1, 0, 6, 0),
(2011, 341, 200000, '2019-09-10', 0, 200000, NULL, 0, '', '', 1, 1, 0, 7, 0),
(2012, 341, 200000, '2019-10-10', 0, 200000, NULL, 0, '', '', 1, 1, 0, 8, 0),
(2013, 341, 200000, '2019-11-10', 0, 200000, NULL, 0, '', '', 1, 1, 0, 9, 0),
(2014, 342, 35000, '2019-06-10', 0, 35000, NULL, 0, '', 'PAGO INICIAL', 1, 1, 0, 1, 3),
(2015, 342, 35000, '2019-11-10', 0, 35000, NULL, 0, '', 'PAGO INICIAL', 1, 1, 0, 1, 3),
(2016, 343, 100000, '2019-02-21', 0, 100000, NULL, 1, '', 'PAGO INICIAL', 1, 1, 0, 0, 3),
(2017, 343, 200000, '2019-03-10', 200000, 0, '2019-02-21', 1, '', 'PAGO DE MATRICULA Y PARCIAL DE CUOTA MARZO', 1, 1, 1, 1, 3),
(2018, 343, 200000, '2019-04-10', 0, 200000, NULL, 0, '', '', 1, 1, 0, 2, 0),
(2019, 343, 200000, '2019-05-10', 0, 200000, NULL, 0, '', '', 1, 1, 0, 3, 0),
(2020, 343, 200000, '2019-06-10', 0, 200000, NULL, 0, '', '', 1, 1, 0, 4, 0),
(2021, 343, 200000, '2019-07-10', 0, 200000, NULL, 0, '', '', 1, 1, 0, 5, 0),
(2022, 343, 200000, '2019-08-10', 0, 200000, NULL, 0, '', '', 1, 1, 0, 6, 0),
(2023, 343, 200000, '2019-09-10', 0, 200000, NULL, 0, '', '', 1, 1, 0, 7, 0),
(2024, 343, 200000, '2019-10-10', 0, 200000, NULL, 0, '', '', 1, 1, 0, 8, 0),
(2025, 343, 200000, '2019-11-10', 0, 200000, NULL, 0, '', '', 1, 1, 0, 9, 0),
(2026, 344, 35000, '2019-06-10', 0, 35000, NULL, 0, '', 'PAGO INICIAL', 1, 1, 0, 1, 3),
(2027, 344, 35000, '2019-11-10', 0, 35000, NULL, 0, '', 'PAGO INICIAL', 1, 1, 0, 1, 3),
(2028, 345, 200000, '2019-02-21', 200000, 0, '2019-03-05', 1, '8116', 'PAGO DE MATRICULA Y CUOTA', 1, 1, 1, 0, 4),
(2029, 345, 150000, '2019-03-10', 150000, 0, '2019-03-05', 1, '8116', 'PAGO DE MATRICULA Y CUOTA', 1, 1, 1, 1, 4),
(2030, 345, 150000, '2019-04-10', 0, 150000, NULL, 0, '', '', 1, 1, 0, 2, 0),
(2031, 345, 150000, '2019-05-10', 0, 150000, NULL, 0, '', '', 1, 1, 0, 3, 0),
(2032, 345, 150000, '2019-06-10', 0, 150000, NULL, 0, '', '', 1, 1, 0, 4, 0),
(2033, 345, 150000, '2019-07-10', 0, 150000, NULL, 0, '', '', 1, 1, 0, 5, 0),
(2034, 345, 150000, '2019-08-10', 0, 150000, NULL, 0, '', '', 1, 1, 0, 6, 0),
(2035, 345, 150000, '2019-09-10', 0, 150000, NULL, 0, '', '', 1, 1, 0, 7, 0),
(2036, 345, 150000, '2019-10-10', 0, 150000, NULL, 0, '', '', 1, 1, 0, 8, 0),
(2037, 345, 150000, '2019-11-10', 0, 150000, NULL, 0, '', '', 1, 1, 0, 9, 0),
(2038, 346, 35000, '2019-06-10', 0, 35000, NULL, 0, '', 'PAGO INICIAL', 1, 1, 0, 1, 3),
(2039, 346, 35000, '2019-11-10', 0, 35000, NULL, 0, '', 'PAGO INICIAL', 1, 1, 0, 1, 3),
(2040, 347, 200000, '2019-02-22', 0, 200000, NULL, 1, '', 'PAGO INICIAL', 1, 1, 0, 0, 3),
(2041, 347, 150000, '2019-03-10', 0, 150000, NULL, 0, '', '', 1, 1, 0, 1, 0),
(2042, 347, 150000, '2019-04-10', 0, 150000, NULL, 0, '', '', 1, 1, 0, 2, 0),
(2043, 347, 150000, '2019-05-10', 0, 150000, NULL, 0, '', '', 1, 1, 0, 3, 0),
(2044, 347, 150000, '2019-06-10', 0, 150000, NULL, 0, '', '', 1, 1, 0, 4, 0),
(2045, 347, 150000, '2019-07-10', 0, 150000, NULL, 0, '', '', 1, 1, 0, 5, 0),
(2046, 347, 150000, '2019-08-10', 0, 150000, NULL, 0, '', '', 1, 1, 0, 6, 0),
(2047, 347, 150000, '2019-09-10', 0, 150000, NULL, 0, '', '', 1, 1, 0, 7, 0),
(2048, 347, 150000, '2019-10-10', 0, 150000, NULL, 0, '', '', 1, 1, 0, 8, 0),
(2049, 347, 150000, '2019-11-10', 0, 150000, NULL, 0, '', '', 1, 1, 0, 9, 0),
(2050, 348, 35000, '2019-06-10', 0, 35000, NULL, 0, '', 'PAGO INICIAL', 1, 1, 0, 1, 3),
(2051, 348, 35000, '2019-11-10', 0, 35000, NULL, 0, '', 'PAGO INICIAL', 1, 1, 0, 1, 3),
(2052, 349, 42000, '2019-03-10', 0, 42000, NULL, 0, '', '', 1, 1, 0, 1, 0),
(2053, 350, 35000, '2019-06-10', 0, 35000, NULL, 0, '', 'PAGO INICIAL', 1, 1, 0, 1, 4),
(2054, 350, 35000, '2019-11-10', 0, 35000, NULL, 0, '', 'PAGO INICIAL', 1, 1, 0, 1, 4),
(2055, 351, 42000, '2019-03-10', 42000, 0, '2019-02-22', 1, '0001', 'PAGO DE MATRICULA Y BUZO', 1, 1, 1, 1, 4),
(2056, 352, 42000, '2019-03-10', 42000, 0, '2019-02-22', 1, '0001', 'BUZO', 1, 1, 1, 1, 4),
(2057, 353, 39900, '2019-02-22', 39900, 0, '2019-02-22', 1, '0001', 'PAGO DE BUZO', 1, 1, 1, 1, 4),
(2058, 354, 39900, '2019-02-22', 39900, 0, '2019-02-22', 1, '0001', 'PAGO DE REMERA', 1, 1, 1, 1, 4),
(2059, 355, 42000, '2019-02-22', 42000, 0, '2019-02-22', 1, '0004', 'PAGO DE BUZO', 1, 1, 1, 1, 4),
(2060, 356, 200000, '2019-02-22', 200000, 0, '2019-02-22', 1, '0001', 'PAGO DE MATRICULA, CUOTA Y DER. DE EX.', 1, 1, 1, 0, 4),
(2061, 356, 142500, '2019-03-10', 142500, 0, '2019-02-22', 1, '0001', 'PAGO DE MATRICULA, CUOTA Y DER. DE EX.', 1, 1, 1, 1, 4),
(2062, 356, 142500, '2019-04-10', 142500, 0, '2019-02-22', 1, '0001', 'PAGO DE MATRICULA, CUOTA Y DER. DE EX.', 1, 1, 1, 2, 4),
(2063, 356, 142500, '2019-05-10', 142500, 0, '2019-02-22', 1, '0001', 'PAGO DE MATRICULA, CUOTA Y DER. DE EX.', 1, 1, 1, 3, 4),
(2064, 356, 142500, '2019-06-10', 142500, 0, '2019-02-22', 1, '0001', 'PAGO DE MATRICULA, CUOTA Y DER. DE EX.', 1, 1, 1, 4, 4),
(2065, 356, 142500, '2019-07-10', 142500, 0, '2019-02-22', 1, '0001', 'PAGO DE MATRICULA, CUOTA Y DER. DE EX.', 1, 1, 1, 5, 4),
(2066, 356, 142500, '2019-08-10', 142500, 0, '2019-02-22', 1, '0001', 'PAGO DE MATRICULA, CUOTA Y DER. DE EX.', 1, 1, 1, 6, 4),
(2067, 356, 142500, '2019-09-10', 142500, 0, '2019-02-22', 1, '0001', 'PAGO DE MATRICULA, CUOTA Y DER. DE EX.', 1, 1, 1, 7, 4),
(2068, 356, 142500, '2019-10-10', 142500, 0, '2019-02-22', 1, '0001', 'PAGO DE MATRICULA, CUOTA Y DER. DE EX.', 1, 1, 1, 8, 4),
(2069, 356, 142500, '2019-11-10', 142500, 0, '2019-02-22', 1, '0001', 'PAGO DE MATRICULA, CUOTA Y DER. DE EX.', 1, 1, 1, 9, 4),
(2070, 357, 35000, '2019-06-10', 35000, 0, '2019-02-22', 1, '0001', 'PAGO DE MATRICULA, CUOTA Y DER. DE EX.', 1, 1, 1, 1, 4),
(2071, 357, 35000, '2019-11-10', 35000, 0, '2019-02-22', 1, '0001', 'PAGO DE MATRICULA, CUOTA Y DER. DE EX.', 1, 1, 1, 1, 4),
(2072, 358, 200000, '2019-02-22', 0, 200000, NULL, 1, '', 'PAGO INICIAL', 1, 1, 0, 0, 4),
(2073, 358, 148055, '2019-03-10', 0, 148055, NULL, 0, '', '', 1, 1, 0, 1, 0),
(2074, 358, 148055, '2019-04-10', 0, 148055, NULL, 0, '', '', 1, 1, 0, 2, 0),
(2075, 358, 148055, '2019-05-10', 0, 148055, NULL, 0, '', '', 1, 1, 0, 3, 0),
(2076, 358, 148055, '2019-06-10', 0, 148055, NULL, 0, '', '', 1, 1, 0, 4, 0),
(2077, 358, 148055, '2019-07-10', 0, 148055, NULL, 0, '', '', 1, 1, 0, 5, 0),
(2078, 358, 148055, '2019-08-10', 0, 148055, NULL, 0, '', '', 1, 1, 0, 6, 0),
(2079, 358, 148055, '2019-09-10', 0, 148055, NULL, 0, '', '', 1, 1, 0, 7, 0),
(2080, 358, 148055, '2019-10-10', 0, 148055, NULL, 0, '', '', 1, 1, 0, 8, 0),
(2081, 358, 148055, '2019-11-10', 0, 148055, NULL, 0, '', '', 1, 1, 0, 9, 0),
(2082, 359, 35000, '2019-06-10', 0, 35000, NULL, 0, '', 'PAGO INICIAL', 1, 1, 0, 1, 4),
(2083, 359, 35000, '2019-11-10', 0, 35000, NULL, 0, '', 'PAGO INICIAL', 1, 1, 0, 1, 4),
(2084, 360, 200000, '2019-02-22', 200000, 0, '2019-02-22', 1, '0002', 'PAGO DE CUOTA', 1, 1, 1, 0, 4),
(2085, 360, 142500, '2019-03-10', 142500, 0, '2019-02-22', 1, '0002', 'PAGO DE CUOTA', 1, 1, 1, 1, 4),
(2086, 360, 142500, '2019-04-10', 142500, 0, '2019-02-22', 1, '0002', 'PAGO DE CUOTA', 1, 1, 1, 2, 4),
(2087, 360, 142500, '2019-05-10', 142500, 0, '2019-02-22', 1, '0002', 'PAGO DE CUOTA', 1, 1, 1, 3, 4),
(2088, 360, 142500, '2019-06-10', 142500, 0, '2019-02-22', 1, '0002', 'PAGO DE CUOTA', 1, 1, 1, 4, 4),
(2089, 360, 142500, '2019-07-10', 142500, 0, '2019-02-22', 1, '0002', 'PAGO DE CUOTA', 1, 1, 1, 5, 4),
(2090, 360, 142500, '2019-08-10', 142500, 0, '2019-02-22', 1, '0002', 'PAGO DE CUOTA', 1, 1, 1, 6, 4),
(2091, 360, 142500, '2019-09-10', 142500, 0, '2019-02-22', 1, '0002', 'PAGO DE CUOTA', 1, 1, 1, 7, 4),
(2092, 360, 142500, '2019-10-10', 142500, 0, '2019-02-22', 1, '0002', 'PAGO DE CUOTA', 1, 1, 1, 8, 4),
(2093, 360, 142500, '2019-11-10', 142500, 0, '2019-02-22', 1, '0002', 'PAGO DE CUOTA', 1, 1, 1, 9, 4),
(2094, 361, 35000, '2019-06-10', 35000, 0, '2019-02-22', 1, '0002', 'PAGO DE CUOTA', 1, 1, 1, 1, 4),
(2095, 361, 35000, '2019-11-10', 35000, 0, '2019-02-22', 1, '0002', 'PAGO DE CUOTA', 1, 1, 1, 1, 4),
(2096, 362, 100000, '2019-02-22', 100000, 0, '2019-02-22', 1, '0003', 'PAGO DE MATRICULA ', 1, 1, 1, 0, 4),
(2097, 362, 80000, '2019-03-10', 0, 80000, NULL, 0, '', '', 1, 1, 0, 1, 0),
(2098, 362, 80000, '2019-04-10', 0, 80000, NULL, 0, '', '', 1, 1, 0, 2, 0),
(2099, 362, 80000, '2019-05-10', 0, 80000, NULL, 0, '', '', 1, 1, 0, 3, 0),
(2100, 362, 80000, '2019-06-10', 0, 80000, NULL, 0, '', '', 1, 1, 0, 4, 0),
(2101, 362, 80000, '2019-07-10', 0, 80000, NULL, 0, '', '', 1, 1, 0, 5, 0),
(2102, 362, 80000, '2019-08-10', 0, 80000, NULL, 0, '', '', 1, 1, 0, 6, 0),
(2103, 362, 80000, '2019-09-10', 0, 80000, NULL, 0, '', '', 1, 1, 0, 7, 0),
(2104, 362, 80000, '2019-10-10', 0, 80000, NULL, 0, '', '', 1, 1, 0, 8, 0),
(2105, 362, 80000, '2019-11-10', 0, 80000, NULL, 0, '', '', 1, 1, 0, 9, 0),
(2106, 363, 35000, '2019-06-10', 0, 35000, NULL, 0, '', 'PAGO INICIAL', 1, 1, 0, 1, 4),
(2107, 363, 35000, '2019-11-10', 0, 35000, NULL, 0, '', 'PAGO INICIAL', 1, 1, 0, 1, 4),
(2108, 364, 200000, '2019-02-22', 0, 200000, NULL, 1, '', 'PAGO INICIAL', 1, 1, 0, 0, 4),
(2109, 364, 50000, '2019-03-10', 0, 50000, NULL, 0, '', '', 1, 1, 0, 1, 0),
(2110, 364, 50000, '2019-04-10', 0, 50000, NULL, 0, '', '', 1, 1, 0, 2, 0),
(2111, 364, 50000, '2019-05-10', 0, 50000, NULL, 0, '', '', 1, 1, 0, 3, 0),
(2112, 364, 50000, '2019-06-10', 0, 50000, NULL, 0, '', '', 1, 1, 0, 4, 0),
(2113, 364, 50000, '2019-07-10', 0, 50000, NULL, 0, '', '', 1, 1, 0, 5, 0),
(2114, 364, 50000, '2019-08-10', 0, 50000, NULL, 0, '', '', 1, 1, 0, 6, 0),
(2115, 364, 50000, '2019-09-10', 0, 50000, NULL, 0, '', '', 1, 1, 0, 7, 0),
(2116, 364, 50000, '2019-10-10', 0, 50000, NULL, 0, '', '', 1, 1, 0, 8, 0),
(2117, 364, 50000, '2019-11-10', 0, 50000, NULL, 0, '', '', 1, 1, 0, 9, 0),
(2118, 365, 35000, '2019-06-10', 0, 35000, NULL, 0, '', 'PAGO INICIAL', 1, 1, 0, 1, 4),
(2119, 365, 35000, '2019-11-10', 0, 35000, NULL, 0, '', 'PAGO INICIAL', 1, 1, 0, 1, 4),
(2120, 366, 100000, '2019-02-22', 100000, 0, '2019-02-22', 1, '0003', 'PAGO DE CUOTA', 1, 1, 1, 0, 4),
(2121, 366, 200000, '2019-03-10', 200000, 0, '2019-03-08', 1, '8176', 'PAGO DE CUOTA MES DE MARZO', 1, 1, 1, 1, 4),
(2122, 366, 200000, '2019-04-10', 0, 200000, NULL, 0, '', '', 1, 1, 0, 2, 0),
(2123, 366, 200000, '2019-05-10', 0, 200000, NULL, 0, '', '', 1, 1, 0, 3, 0),
(2124, 366, 200000, '2019-06-10', 0, 200000, NULL, 0, '', '', 1, 1, 0, 4, 0),
(2125, 366, 200000, '2019-07-10', 0, 200000, NULL, 0, '', '', 1, 1, 0, 5, 0),
(2126, 366, 200000, '2019-08-10', 0, 200000, NULL, 0, '', '', 1, 1, 0, 6, 0),
(2127, 366, 200000, '2019-09-10', 0, 200000, NULL, 0, '', '', 1, 1, 0, 7, 0),
(2128, 366, 200000, '2019-10-10', 0, 200000, NULL, 0, '', '', 1, 1, 0, 8, 0),
(2129, 366, 200000, '2019-11-10', 0, 200000, NULL, 0, '', '', 1, 1, 0, 9, 0),
(2130, 367, 35000, '2019-06-10', 0, 35000, NULL, 0, '', 'PAGO INICIAL', 1, 1, 0, 1, 4),
(2131, 367, 35000, '2019-11-10', 0, 35000, NULL, 0, '', 'PAGO INICIAL', 1, 1, 0, 1, 4),
(2132, 368, 200000, '2019-02-22', 200000, 0, '2019-02-22', 1, '0003', 'PAGO DE MATRICULA', 1, 1, 1, 0, 4),
(2133, 368, 150000, '2019-03-10', 0, 150000, NULL, 0, '', '', 1, 1, 0, 1, 0),
(2134, 368, 150000, '2019-04-10', 0, 150000, NULL, 0, '', '', 1, 1, 0, 2, 0),
(2135, 368, 150000, '2019-05-10', 0, 150000, NULL, 0, '', '', 1, 1, 0, 3, 0),
(2136, 368, 150000, '2019-06-10', 0, 150000, NULL, 0, '', '', 1, 1, 0, 4, 0),
(2137, 368, 150000, '2019-07-10', 0, 150000, NULL, 0, '', '', 1, 1, 0, 5, 0),
(2138, 368, 150000, '2019-08-10', 0, 150000, NULL, 0, '', '', 1, 1, 0, 6, 0),
(2139, 368, 150000, '2019-09-10', 0, 150000, NULL, 0, '', '', 1, 1, 0, 7, 0),
(2140, 368, 150000, '2019-10-10', 0, 150000, NULL, 0, '', '', 1, 1, 0, 8, 0),
(2141, 368, 150000, '2019-11-10', 0, 150000, NULL, 0, '', '', 1, 1, 0, 9, 0),
(2142, 369, 35000, '2019-06-10', 0, 35000, NULL, 0, '', 'PAGO INICIAL', 1, 1, 0, 1, 4),
(2143, 369, 35000, '2019-11-10', 0, 35000, NULL, 0, '', 'PAGO INICIAL', 1, 1, 0, 1, 4),
(2144, 370, 200000, '2019-02-22', 200000, 0, '2019-02-22', 1, '0003', 'PAGO DE MATRICULA', 1, 1, 1, 0, 4),
(2145, 370, 150000, '2019-03-10', 0, 150000, NULL, 0, '', '', 1, 1, 0, 1, 0),
(2146, 370, 150000, '2019-04-10', 0, 150000, NULL, 0, '', '', 1, 1, 0, 2, 0),
(2147, 370, 150000, '2019-05-10', 0, 150000, NULL, 0, '', '', 1, 1, 0, 3, 0),
(2148, 370, 150000, '2019-06-10', 0, 150000, NULL, 0, '', '', 1, 1, 0, 4, 0),
(2149, 370, 150000, '2019-07-10', 0, 150000, NULL, 0, '', '', 1, 1, 0, 5, 0),
(2150, 370, 150000, '2019-08-10', 0, 150000, NULL, 0, '', '', 1, 1, 0, 6, 0),
(2151, 370, 150000, '2019-09-10', 0, 150000, NULL, 0, '', '', 1, 1, 0, 7, 0),
(2152, 370, 150000, '2019-10-10', 0, 150000, NULL, 0, '', '', 1, 1, 0, 8, 0),
(2153, 370, 150000, '2019-11-10', 0, 150000, NULL, 0, '', '', 1, 1, 0, 9, 0),
(2154, 371, 35000, '2019-06-10', 0, 35000, NULL, 0, '', 'PAGO INICIAL', 1, 1, 0, 1, 4),
(2155, 371, 35000, '2019-11-10', 0, 35000, NULL, 0, '', 'PAGO INICIAL', 1, 1, 0, 1, 4),
(2156, 372, 200000, '2019-02-22', 0, 200000, NULL, 1, '', 'PAGO INICIAL', 1, 1, 0, 0, 4),
(2157, 372, 0, '2019-02-22', 0, 0, NULL, 0, '', '', 1, 1, 0, 1, 0),
(2158, 373, 35000, '2019-06-10', 0, 35000, NULL, 0, '', 'PAGO INICIAL', 1, 1, 0, 1, 4),
(2159, 373, 35000, '2019-11-10', 0, 35000, NULL, 0, '', 'PAGO INICIAL', 1, 1, 0, 1, 4),
(2160, 374, 200000, '2019-02-22', 200000, 0, '2019-02-22', 1, '0003', 'PAGO DE MATRICULA', 1, 1, 1, 0, 4),
(2161, 374, 50000, '2019-03-10', 50000, 0, '2019-03-09', 1, '8193', 'PAGO DE CUOTA MES DE MARZO', 1, 1, 1, 1, 4),
(2162, 374, 50000, '2019-04-10', 0, 50000, NULL, 0, '', '', 1, 1, 0, 2, 0),
(2163, 374, 50000, '2019-05-10', 0, 50000, NULL, 0, '', '', 1, 1, 0, 3, 0),
(2164, 374, 50000, '2019-06-10', 0, 50000, NULL, 0, '', '', 1, 1, 0, 4, 0),
(2165, 374, 50000, '2019-07-10', 0, 50000, NULL, 0, '', '', 1, 1, 0, 5, 0),
(2166, 374, 50000, '2019-08-10', 0, 50000, NULL, 0, '', '', 1, 1, 0, 6, 0),
(2167, 374, 50000, '2019-09-10', 0, 50000, NULL, 0, '', '', 1, 1, 0, 7, 0),
(2168, 374, 50000, '2019-10-10', 0, 50000, NULL, 0, '', '', 1, 1, 0, 8, 0),
(2169, 374, 50000, '2019-11-10', 0, 50000, NULL, 0, '', '', 1, 1, 0, 9, 0),
(2170, 375, 35000, '2019-06-10', 0, 35000, NULL, 0, '', 'PAGO INICIAL', 1, 1, 0, 1, 4),
(2171, 375, 35000, '2019-11-10', 0, 35000, NULL, 0, '', 'PAGO INICIAL', 1, 1, 0, 1, 4),
(2172, 376, 200000, '2019-02-22', 200000, 0, '2019-02-22', 1, '0003', 'PAGO DE MATRICULA', 1, 1, 1, 0, 4),
(2173, 376, 150000, '2019-03-10', 0, 150000, NULL, 0, '', '', 1, 1, 0, 1, 0),
(2174, 376, 150000, '2019-04-10', 0, 150000, NULL, 0, '', '', 1, 1, 0, 2, 0),
(2175, 376, 150000, '2019-05-10', 0, 150000, NULL, 0, '', '', 1, 1, 0, 3, 0),
(2176, 376, 150000, '2019-06-10', 0, 150000, NULL, 0, '', '', 1, 1, 0, 4, 0),
(2177, 376, 150000, '2019-07-10', 0, 150000, NULL, 0, '', '', 1, 1, 0, 5, 0),
(2178, 376, 150000, '2019-08-10', 0, 150000, NULL, 0, '', '', 1, 1, 0, 6, 0),
(2179, 376, 150000, '2019-09-10', 0, 150000, NULL, 0, '', '', 1, 1, 0, 7, 0),
(2180, 376, 150000, '2019-10-10', 0, 150000, NULL, 0, '', '', 1, 1, 0, 8, 0),
(2181, 376, 150000, '2019-11-10', 0, 150000, NULL, 0, '', '', 1, 1, 0, 9, 0),
(2182, 377, 35000, '2019-06-10', 0, 35000, NULL, 0, '', 'PAGO INICIAL', 1, 1, 0, 1, 4),
(2183, 377, 35000, '2019-11-10', 0, 35000, NULL, 0, '', 'PAGO INICIAL', 1, 1, 0, 1, 4),
(2184, 378, 200000, '2019-02-22', 200000, 0, '2019-02-22', 1, '0004', 'PAGO DE MATRICULA', 1, 1, 1, 0, 4),
(2185, 378, 160000, '2019-03-10', 0, 160000, NULL, 0, '', '', 1, 1, 0, 1, 0),
(2186, 378, 160000, '2019-04-10', 0, 160000, NULL, 0, '', '', 1, 1, 0, 2, 0),
(2187, 378, 160000, '2019-05-10', 0, 160000, NULL, 0, '', '', 1, 1, 0, 3, 0),
(2188, 378, 160000, '2019-06-10', 0, 160000, NULL, 0, '', '', 1, 1, 0, 4, 0),
(2189, 378, 160000, '2019-07-10', 0, 160000, NULL, 0, '', '', 1, 1, 0, 5, 0),
(2190, 378, 160000, '2019-08-10', 0, 160000, NULL, 0, '', '', 1, 1, 0, 6, 0),
(2191, 378, 160000, '2019-09-10', 0, 160000, NULL, 0, '', '', 1, 1, 0, 7, 0),
(2192, 378, 160000, '2019-10-10', 0, 160000, NULL, 0, '', '', 1, 1, 0, 8, 0),
(2193, 378, 160000, '2019-11-10', 0, 160000, NULL, 0, '', '', 1, 1, 0, 9, 0),
(2194, 379, 35000, '2019-06-10', 0, 35000, NULL, 0, '', 'PAGO INICIAL', 1, 1, 0, 1, 4),
(2195, 379, 35000, '2019-11-10', 0, 35000, NULL, 0, '', 'PAGO INICIAL', 1, 1, 0, 1, 4),
(2196, 380, 200000, '2019-02-22', 200000, 0, '2019-02-22', 1, '0004', 'PAGO DE MATRICULA', 1, 1, 1, 0, 4),
(2197, 380, 200000, '2019-03-10', 200000, 0, '2019-03-08', 1, '8161', 'PAGO DE CUOTA MES MARZO', 1, 1, 1, 1, 4),
(2198, 380, 200000, '2019-04-10', 0, 200000, NULL, 0, '', '', 1, 1, 0, 2, 0),
(2199, 380, 200000, '2019-05-10', 0, 200000, NULL, 0, '', '', 1, 1, 0, 3, 0),
(2200, 380, 200000, '2019-06-10', 0, 200000, NULL, 0, '', '', 1, 1, 0, 4, 0),
(2201, 380, 200000, '2019-07-10', 0, 200000, NULL, 0, '', '', 1, 1, 0, 5, 0),
(2202, 380, 200000, '2019-08-10', 0, 200000, NULL, 0, '', '', 1, 1, 0, 6, 0),
(2203, 380, 200000, '2019-09-10', 0, 200000, NULL, 0, '', '', 1, 1, 0, 7, 0),
(2204, 380, 200000, '2019-10-10', 0, 200000, NULL, 0, '', '', 1, 1, 0, 8, 0),
(2205, 380, 200000, '2019-11-10', 0, 200000, NULL, 0, '', '', 1, 1, 0, 9, 0),
(2206, 381, 35000, '2019-06-10', 0, 35000, NULL, 0, '', 'PAGO INICIAL', 1, 1, 0, 1, 4),
(2207, 381, 35000, '2019-11-10', 0, 35000, NULL, 0, '', 'PAGO INICIAL', 1, 1, 0, 1, 4),
(2208, 382, 200000, '2019-02-22', 200000, 0, '2019-02-22', 1, '0004', 'PAGO DE MATRICULA', 1, 1, 1, 0, 4),
(2209, 382, 160000, '2019-03-10', 160000, 0, '2019-03-09', 1, '8189', 'PAGO DE CUOTA MES DE MARZO', 1, 1, 1, 1, 4),
(2210, 382, 160000, '2019-04-10', 0, 160000, NULL, 0, '', '', 1, 1, 0, 2, 0),
(2211, 382, 160000, '2019-05-10', 0, 160000, NULL, 0, '', '', 1, 1, 0, 3, 0),
(2212, 382, 160000, '2019-06-10', 0, 160000, NULL, 0, '', '', 1, 1, 0, 4, 0),
(2213, 382, 160000, '2019-07-10', 0, 160000, NULL, 0, '', '', 1, 1, 0, 5, 0),
(2214, 382, 160000, '2019-08-10', 0, 160000, NULL, 0, '', '', 1, 1, 0, 6, 0),
(2215, 382, 160000, '2019-09-10', 0, 160000, NULL, 0, '', '', 1, 1, 0, 7, 0),
(2216, 382, 160000, '2019-10-10', 0, 160000, NULL, 0, '', '', 1, 1, 0, 8, 0),
(2217, 382, 160000, '2019-11-10', 0, 160000, NULL, 0, '', '', 1, 1, 0, 9, 0),
(2218, 383, 35000, '2019-06-10', 0, 35000, NULL, 0, '', 'PAGO INICIAL', 1, 1, 0, 1, 4),
(2219, 383, 35000, '2019-11-10', 0, 35000, NULL, 0, '', 'PAGO INICIAL', 1, 1, 0, 1, 4),
(2220, 384, 80000, '2019-03-10', 0, 80000, NULL, 0, '', '', 1, 1, 0, 1, 0),
(2221, 384, 80000, '2019-04-10', 0, 80000, NULL, 0, '', '', 1, 1, 0, 2, 0),
(2222, 384, 80000, '2019-05-10', 0, 80000, NULL, 0, '', '', 1, 1, 0, 3, 0),
(2223, 384, 80000, '2019-06-10', 0, 80000, NULL, 0, '', '', 1, 1, 0, 4, 0),
(2224, 384, 80000, '2019-07-10', 0, 80000, NULL, 0, '', '', 1, 1, 0, 5, 0),
(2225, 384, 80000, '2019-08-10', 0, 80000, NULL, 0, '', '', 1, 1, 0, 6, 0),
(2226, 384, 80000, '2019-09-10', 0, 80000, NULL, 0, '', '', 1, 1, 0, 7, 0),
(2227, 384, 80000, '2019-10-10', 0, 80000, NULL, 0, '', '', 1, 1, 0, 8, 0),
(2228, 384, 80000, '2019-11-10', 0, 80000, NULL, 0, '', '', 1, 1, 0, 9, 0),
(2229, 385, 80000, '2019-03-10', 0, 80000, NULL, 0, '', '', 1, 1, 0, 1, 0),
(2230, 385, 80000, '2019-04-10', 0, 80000, NULL, 0, '', '', 1, 1, 0, 2, 0),
(2231, 385, 80000, '2019-05-10', 0, 80000, NULL, 0, '', '', 1, 1, 0, 3, 0),
(2232, 385, 80000, '2019-06-10', 0, 80000, NULL, 0, '', '', 1, 1, 0, 4, 0),
(2233, 385, 80000, '2019-07-10', 0, 80000, NULL, 0, '', '', 1, 1, 0, 5, 0),
(2234, 385, 80000, '2019-08-10', 0, 80000, NULL, 0, '', '', 1, 1, 0, 6, 0),
(2235, 385, 80000, '2019-09-10', 0, 80000, NULL, 0, '', '', 1, 1, 0, 7, 0),
(2236, 385, 80000, '2019-10-10', 0, 80000, NULL, 0, '', '', 1, 1, 0, 8, 0),
(2237, 385, 80000, '2019-11-10', 0, 80000, NULL, 0, '', '', 1, 1, 0, 9, 0),
(2238, 386, 80000, '2019-03-10', 0, 80000, NULL, 0, '', '', 1, 1, 0, 1, 0),
(2239, 386, 80000, '2019-04-10', 0, 80000, NULL, 0, '', '', 1, 1, 0, 2, 0),
(2240, 386, 80000, '2019-05-10', 0, 80000, NULL, 0, '', '', 1, 1, 0, 3, 0),
(2241, 386, 80000, '2019-06-10', 0, 80000, NULL, 0, '', '', 1, 1, 0, 4, 0),
(2242, 386, 80000, '2019-07-10', 0, 80000, NULL, 0, '', '', 1, 1, 0, 5, 0),
(2243, 386, 80000, '2019-08-10', 0, 80000, NULL, 0, '', '', 1, 1, 0, 6, 0),
(2244, 386, 80000, '2019-09-10', 0, 80000, NULL, 0, '', '', 1, 1, 0, 7, 0),
(2245, 386, 80000, '2019-10-10', 0, 80000, NULL, 0, '', '', 1, 1, 0, 8, 0),
(2246, 386, 80000, '2019-11-10', 0, 80000, NULL, 0, '', '', 1, 1, 0, 9, 0),
(2247, 387, 200000, '2019-02-22', 200000, 0, '2019-02-22', 1, '0004', 'PAGO DE MATRICULA', 1, 1, 1, 0, 4),
(2248, 387, 75000, '2019-03-10', 0, 75000, NULL, 0, '', '', 1, 1, 0, 1, 0),
(2249, 387, 75000, '2019-04-10', 0, 75000, NULL, 0, '', '', 1, 1, 0, 2, 0),
(2250, 387, 75000, '2019-05-10', 0, 75000, NULL, 0, '', '', 1, 1, 0, 3, 0),
(2251, 387, 75000, '2019-06-10', 0, 75000, NULL, 0, '', '', 1, 1, 0, 4, 0),
(2252, 387, 75000, '2019-07-10', 0, 75000, NULL, 0, '', '', 1, 1, 0, 5, 0),
(2253, 387, 75000, '2019-08-10', 0, 75000, NULL, 0, '', '', 1, 1, 0, 6, 0),
(2254, 387, 75000, '2019-09-10', 0, 75000, NULL, 0, '', '', 1, 1, 0, 7, 0),
(2255, 387, 75000, '2019-10-10', 0, 75000, NULL, 0, '', '', 1, 1, 0, 8, 0),
(2256, 387, 75000, '2019-11-10', 0, 75000, NULL, 0, '', '', 1, 1, 0, 9, 0),
(2257, 388, 35000, '2019-06-10', 0, 35000, NULL, 0, '', 'PAGO INICIAL', 1, 1, 0, 1, 4),
(2258, 388, 35000, '2019-11-10', 0, 35000, NULL, 0, '', 'PAGO INICIAL', 1, 1, 0, 1, 4),
(2259, 389, 100000, '2019-03-10', 100000, 0, '2019-03-08', 1, '8178', 'PAGO DE CUOTA MES DE MARZO', 1, 1, 1, 1, 4),
(2260, 389, 100000, '2019-04-10', 0, 100000, NULL, 0, '', '', 1, 1, 0, 2, 0),
(2261, 389, 100000, '2019-05-10', 0, 100000, NULL, 0, '', '', 1, 1, 0, 3, 0),
(2262, 389, 100000, '2019-06-10', 0, 100000, NULL, 0, '', '', 1, 1, 0, 4, 0),
(2263, 389, 100000, '2019-07-10', 0, 100000, NULL, 0, '', '', 1, 1, 0, 5, 0),
(2264, 389, 100000, '2019-08-10', 0, 100000, NULL, 0, '', '', 1, 1, 0, 6, 0),
(2265, 389, 100000, '2019-09-10', 0, 100000, NULL, 0, '', '', 1, 1, 0, 7, 0),
(2266, 389, 100000, '2019-10-10', 0, 100000, NULL, 0, '', '', 1, 1, 0, 8, 0),
(2267, 389, 100000, '2019-11-10', 0, 100000, NULL, 0, '', '', 1, 1, 0, 9, 0),
(2268, 390, 100000, '2019-03-10', 0, 100000, NULL, 0, '', '', 1, 1, 0, 1, 0),
(2269, 390, 100000, '2019-04-10', 0, 100000, NULL, 0, '', '', 1, 1, 0, 2, 0),
(2270, 390, 100000, '2019-05-10', 0, 100000, NULL, 0, '', '', 1, 1, 0, 3, 0),
(2271, 390, 100000, '2019-06-10', 0, 100000, NULL, 0, '', '', 1, 1, 0, 4, 0),
(2272, 390, 100000, '2019-07-10', 0, 100000, NULL, 0, '', '', 1, 1, 0, 5, 0),
(2273, 390, 100000, '2019-08-10', 0, 100000, NULL, 0, '', '', 1, 1, 0, 6, 0),
(2274, 390, 100000, '2019-09-10', 0, 100000, NULL, 0, '', '', 1, 1, 0, 7, 0),
(2275, 390, 100000, '2019-10-10', 0, 100000, NULL, 0, '', '', 1, 1, 0, 8, 0),
(2276, 390, 100000, '2019-11-10', 0, 100000, NULL, 0, '', '', 1, 1, 0, 9, 0),
(2277, 391, 200000, '2019-02-22', 200000, 0, '2019-02-22', 1, '0005', 'PAGO DE MATRICULA', 1, 1, 1, 0, 4),
(2278, 391, 160000, '2019-03-10', 160000, 0, '2019-03-08', 1, '8185', 'PAGO DE CUOTA MES DE MARZO', 1, 1, 1, 1, 4),
(2279, 391, 160000, '2019-04-10', 0, 160000, NULL, 0, '', '', 1, 1, 0, 2, 0),
(2280, 391, 160000, '2019-05-10', 0, 160000, NULL, 0, '', '', 1, 1, 0, 3, 0),
(2281, 391, 160000, '2019-06-10', 0, 160000, NULL, 0, '', '', 1, 1, 0, 4, 0),
(2282, 391, 160000, '2019-07-10', 0, 160000, NULL, 0, '', '', 1, 1, 0, 5, 0),
(2283, 391, 160000, '2019-08-10', 0, 160000, NULL, 0, '', '', 1, 1, 0, 6, 0),
(2284, 391, 160000, '2019-09-10', 0, 160000, NULL, 0, '', '', 1, 1, 0, 7, 0),
(2285, 391, 160000, '2019-10-10', 0, 160000, NULL, 0, '', '', 1, 1, 0, 8, 0),
(2286, 391, 160000, '2019-11-10', 0, 160000, NULL, 0, '', '', 1, 1, 0, 9, 0),
(2287, 392, 35000, '2019-06-10', 0, 35000, NULL, 0, '', 'PAGO INICIAL', 1, 1, 0, 1, 4),
(2288, 392, 35000, '2019-11-10', 0, 35000, NULL, 0, '', 'PAGO INICIAL', 1, 1, 0, 1, 4),
(2289, 393, 200000, '2019-02-22', 200000, 0, '2019-02-22', 1, '0005', 'PAGO DE MATRICULA', 1, 1, 1, 0, 4),
(2290, 393, 160000, '2019-03-10', 0, 160000, NULL, 0, '', '', 1, 1, 0, 1, 0),
(2291, 393, 160000, '2019-04-10', 0, 160000, NULL, 0, '', '', 1, 1, 0, 2, 0),
(2292, 393, 160000, '2019-05-10', 0, 160000, NULL, 0, '', '', 1, 1, 0, 3, 0),
(2293, 393, 160000, '2019-06-10', 0, 160000, NULL, 0, '', '', 1, 1, 0, 4, 0),
(2294, 393, 160000, '2019-07-10', 0, 160000, NULL, 0, '', '', 1, 1, 0, 5, 0),
(2295, 393, 160000, '2019-08-10', 0, 160000, NULL, 0, '', '', 1, 1, 0, 6, 0),
(2296, 393, 160000, '2019-09-10', 0, 160000, NULL, 0, '', '', 1, 1, 0, 7, 0),
(2297, 393, 160000, '2019-10-10', 0, 160000, NULL, 0, '', '', 1, 1, 0, 8, 0),
(2298, 393, 160000, '2019-11-10', 0, 160000, NULL, 0, '', '', 1, 1, 0, 9, 0),
(2299, 394, 35000, '2019-06-10', 0, 35000, NULL, 0, '', 'PAGO INICIAL', 1, 1, 0, 1, 4),
(2300, 394, 35000, '2019-11-10', 0, 35000, NULL, 0, '', 'PAGO INICIAL', 1, 1, 0, 1, 4),
(2301, 395, 200000, '2019-02-22', 200000, 0, '2019-02-22', 1, '0005', 'PAGO DE MATRICULA', 1, 1, 1, 0, 4),
(2302, 395, 160000, '2019-03-10', 160000, 0, '2019-03-06', 1, '8128', 'PAGO DE CUOTA MES DE MARZO', 1, 1, 1, 1, 4),
(2303, 395, 160000, '2019-04-10', 0, 160000, NULL, 0, '', '', 1, 1, 0, 2, 0),
(2304, 395, 160000, '2019-05-10', 0, 160000, NULL, 0, '', '', 1, 1, 0, 3, 0),
(2305, 395, 160000, '2019-06-10', 0, 160000, NULL, 0, '', '', 1, 1, 0, 4, 0),
(2306, 395, 160000, '2019-07-10', 0, 160000, NULL, 0, '', '', 1, 1, 0, 5, 0),
(2307, 395, 160000, '2019-08-10', 0, 160000, NULL, 0, '', '', 1, 1, 0, 6, 0),
(2308, 395, 160000, '2019-09-10', 0, 160000, NULL, 0, '', '', 1, 1, 0, 7, 0),
(2309, 395, 160000, '2019-10-10', 0, 160000, NULL, 0, '', '', 1, 1, 0, 8, 0),
(2310, 395, 160000, '2019-11-10', 0, 160000, NULL, 0, '', '', 1, 1, 0, 9, 0),
(2311, 396, 35000, '2019-06-10', 0, 35000, NULL, 0, '', 'PAGO INICIAL', 1, 1, 0, 1, 4),
(2312, 396, 35000, '2019-11-10', 0, 35000, NULL, 0, '', 'PAGO INICIAL', 1, 1, 0, 1, 4),
(2313, 397, 250000, '2019-02-22', 250000, 0, '2019-02-22', 1, '0006', 'PAGO DE MATRICULA', 1, 1, 1, 0, 4),
(2314, 397, 160000, '2019-03-10', 160000, 0, '2019-03-07', 1, '8136', 'PAGO DE CUOTA MES DE MARZO', 1, 1, 1, 1, 4),
(2315, 397, 160000, '2019-04-10', 0, 160000, NULL, 0, '', '', 1, 1, 0, 2, 0),
(2316, 397, 160000, '2019-05-10', 0, 160000, NULL, 0, '', '', 1, 1, 0, 3, 0),
(2317, 397, 160000, '2019-06-10', 0, 160000, NULL, 0, '', '', 1, 1, 0, 4, 0),
(2318, 397, 160000, '2019-07-10', 0, 160000, NULL, 0, '', '', 1, 1, 0, 5, 0),
(2319, 397, 160000, '2019-08-10', 0, 160000, NULL, 0, '', '', 1, 1, 0, 6, 0),
(2320, 397, 160000, '2019-09-10', 0, 160000, NULL, 0, '', '', 1, 1, 0, 7, 0),
(2321, 397, 160000, '2019-10-10', 0, 160000, NULL, 0, '', '', 1, 1, 0, 8, 0),
(2322, 397, 160000, '2019-11-10', 0, 160000, NULL, 0, '', '', 1, 1, 0, 9, 0),
(2323, 398, 35000, '2019-06-10', 0, 35000, NULL, 0, '', 'PAGO INICIAL', 1, 1, 0, 1, 4),
(2324, 398, 35000, '2019-11-10', 0, 35000, NULL, 0, '', 'PAGO INICIAL', 1, 1, 0, 1, 4),
(2325, 399, 200000, '2019-02-22', 0, 200000, NULL, 1, '', 'PAGO INICIAL', 1, 1, 0, 0, 4),
(2326, 399, 160000, '2019-03-10', 0, 160000, NULL, 0, '', '', 1, 1, 0, 1, 0),
(2327, 399, 160000, '2019-04-10', 0, 160000, NULL, 0, '', '', 1, 1, 0, 2, 0),
(2328, 399, 160000, '2019-05-10', 0, 160000, NULL, 0, '', '', 1, 1, 0, 3, 0),
(2329, 399, 160000, '2019-06-10', 0, 160000, NULL, 0, '', '', 1, 1, 0, 4, 0),
(2330, 399, 160000, '2019-07-10', 0, 160000, NULL, 0, '', '', 1, 1, 0, 5, 0),
(2331, 399, 160000, '2019-08-10', 0, 160000, NULL, 0, '', '', 1, 1, 0, 6, 0),
(2332, 399, 160000, '2019-09-10', 0, 160000, NULL, 0, '', '', 1, 1, 0, 7, 0),
(2333, 399, 160000, '2019-10-10', 0, 160000, NULL, 0, '', '', 1, 1, 0, 8, 0),
(2334, 399, 160000, '2019-11-10', 0, 160000, NULL, 0, '', '', 1, 1, 0, 9, 0),
(2335, 400, 35000, '2019-06-10', 0, 35000, NULL, 0, '', 'PAGO INICIAL', 1, 1, 0, 1, 4),
(2336, 400, 35000, '2019-11-10', 0, 35000, NULL, 0, '', 'PAGO INICIAL', 1, 1, 0, 1, 4),
(2337, 401, 200000, '2019-02-22', 200000, 0, '2019-02-22', 1, '0006', 'PAGO DE MATRICULA', 1, 1, 1, 0, 4),
(2338, 401, 160000, '2019-03-10', 160000, 0, '2019-03-07', 1, '8143', 'PAGO DE CUOTA MES DE MARZO', 1, 1, 1, 1, 4),
(2339, 401, 160000, '2019-04-10', 0, 160000, NULL, 0, '', '', 1, 1, 0, 2, 0),
(2340, 401, 160000, '2019-05-10', 0, 160000, NULL, 0, '', '', 1, 1, 0, 3, 0),
(2341, 401, 160000, '2019-06-10', 0, 160000, NULL, 0, '', '', 1, 1, 0, 4, 0),
(2342, 401, 160000, '2019-07-10', 0, 160000, NULL, 0, '', '', 1, 1, 0, 5, 0),
(2343, 401, 160000, '2019-08-10', 0, 160000, NULL, 0, '', '', 1, 1, 0, 6, 0),
(2344, 401, 160000, '2019-09-10', 0, 160000, NULL, 0, '', '', 1, 1, 0, 7, 0),
(2345, 401, 160000, '2019-10-10', 0, 160000, NULL, 0, '', '', 1, 1, 0, 8, 0),
(2346, 401, 160000, '2019-11-10', 0, 160000, NULL, 0, '', '', 1, 1, 0, 9, 0),
(2347, 402, 35000, '2019-06-10', 0, 35000, NULL, 0, '', 'PAGO INICIAL', 1, 1, 0, 1, 4),
(2348, 402, 35000, '2019-11-10', 0, 35000, NULL, 0, '', 'PAGO INICIAL', 1, 1, 0, 1, 4),
(2349, 403, 160000, '2019-03-10', 0, 160000, NULL, 0, '', '', 1, 1, 0, 1, 0),
(2350, 403, 160000, '2019-04-10', 0, 160000, NULL, 0, '', '', 1, 1, 0, 2, 0),
(2351, 403, 160000, '2019-05-10', 0, 160000, NULL, 0, '', '', 1, 1, 0, 3, 0),
(2352, 403, 160000, '2019-06-10', 0, 160000, NULL, 0, '', '', 1, 1, 0, 4, 0),
(2353, 403, 160000, '2019-07-10', 0, 160000, NULL, 0, '', '', 1, 1, 0, 5, 0),
(2354, 403, 160000, '2019-08-10', 0, 160000, NULL, 0, '', '', 1, 1, 0, 6, 0),
(2355, 403, 160000, '2019-09-10', 0, 160000, NULL, 0, '', '', 1, 1, 0, 7, 0),
(2356, 403, 160000, '2019-10-10', 0, 160000, NULL, 0, '', '', 1, 1, 0, 8, 0),
(2357, 403, 160000, '2019-11-10', 0, 160000, NULL, 0, '', '', 1, 1, 0, 9, 0),
(2358, 404, 35000, '2019-06-10', 0, 35000, NULL, 0, '', 'PAGO INICIAL', 1, 1, 0, 1, 4),
(2359, 404, 35000, '2019-11-10', 0, 35000, NULL, 0, '', 'PAGO INICIAL', 1, 1, 0, 1, 4),
(2360, 405, 200000, '2019-02-22', 200000, 0, '2019-02-22', 1, '0007', 'PAGO DE MATRICULA', 1, 1, 1, 0, 4),
(2361, 405, 160000, '2019-03-10', 0, 160000, NULL, 0, '', '', 1, 1, 0, 1, 0),
(2362, 405, 160000, '2019-04-10', 0, 160000, NULL, 0, '', '', 1, 1, 0, 2, 0),
(2363, 405, 160000, '2019-05-10', 0, 160000, NULL, 0, '', '', 1, 1, 0, 3, 0),
(2364, 405, 160000, '2019-06-10', 0, 160000, NULL, 0, '', '', 1, 1, 0, 4, 0),
(2365, 405, 160000, '2019-07-10', 0, 160000, NULL, 0, '', '', 1, 1, 0, 5, 0),
(2366, 405, 160000, '2019-08-10', 0, 160000, NULL, 0, '', '', 1, 1, 0, 6, 0),
(2367, 405, 160000, '2019-09-10', 0, 160000, NULL, 0, '', '', 1, 1, 0, 7, 0),
(2368, 405, 160000, '2019-10-10', 0, 160000, NULL, 0, '', '', 1, 1, 0, 8, 0),
(2369, 405, 160000, '2019-11-10', 0, 160000, NULL, 0, '', '', 1, 1, 0, 9, 0),
(2370, 406, 35000, '2019-06-10', 0, 35000, NULL, 0, '', 'PAGO INICIAL', 1, 1, 0, 1, 4),
(2371, 406, 35000, '2019-11-10', 0, 35000, NULL, 0, '', 'PAGO INICIAL', 1, 1, 0, 1, 4),
(2372, 407, 200000, '2019-02-22', 200000, 0, '2019-02-22', 1, '0007', 'PAGO DE MATRICULA', 1, 1, 1, 0, 4),
(2373, 407, 160000, '2019-03-10', 0, 160000, NULL, 0, '', '', 1, 1, 0, 1, 0),
(2374, 407, 160000, '2019-04-10', 0, 160000, NULL, 0, '', '', 1, 1, 0, 2, 0),
(2375, 407, 160000, '2019-05-10', 0, 160000, NULL, 0, '', '', 1, 1, 0, 3, 0),
(2376, 407, 160000, '2019-06-10', 0, 160000, NULL, 0, '', '', 1, 1, 0, 4, 0),
(2377, 407, 160000, '2019-07-10', 0, 160000, NULL, 0, '', '', 1, 1, 0, 5, 0),
(2378, 407, 160000, '2019-08-10', 0, 160000, NULL, 0, '', '', 1, 1, 0, 6, 0),
(2379, 407, 160000, '2019-09-10', 0, 160000, NULL, 0, '', '', 1, 1, 0, 7, 0),
(2380, 407, 160000, '2019-10-10', 0, 160000, NULL, 0, '', '', 1, 1, 0, 8, 0),
(2381, 407, 160000, '2019-11-10', 0, 160000, NULL, 0, '', '', 1, 1, 0, 9, 0),
(2382, 408, 35000, '2019-06-10', 0, 35000, NULL, 0, '', 'PAGO INICIAL', 1, 1, 0, 1, 4),
(2383, 408, 35000, '2019-11-10', 0, 35000, NULL, 0, '', 'PAGO INICIAL', 1, 1, 0, 1, 4),
(2384, 409, 200000, '2019-02-22', 200000, 0, '2019-02-22', 1, '0007', 'PAGO DE MATRICULA', 1, 1, 1, 0, 4),
(2385, 409, 75000, '2019-03-10', 0, 75000, NULL, 0, '', '', 1, 1, 0, 1, 0),
(2386, 409, 75000, '2019-04-10', 0, 75000, NULL, 0, '', '', 1, 1, 0, 2, 0),
(2387, 409, 75000, '2019-05-10', 0, 75000, NULL, 0, '', '', 1, 1, 0, 3, 0),
(2388, 409, 75000, '2019-06-10', 0, 75000, NULL, 0, '', '', 1, 1, 0, 4, 0),
(2389, 409, 75000, '2019-07-10', 0, 75000, NULL, 0, '', '', 1, 1, 0, 5, 0),
(2390, 409, 75000, '2019-08-10', 0, 75000, NULL, 0, '', '', 1, 1, 0, 6, 0),
(2391, 409, 75000, '2019-09-10', 0, 75000, NULL, 0, '', '', 1, 1, 0, 7, 0),
(2392, 409, 75000, '2019-10-10', 0, 75000, NULL, 0, '', '', 1, 1, 0, 8, 0),
(2393, 409, 75000, '2019-11-10', 0, 75000, NULL, 0, '', '', 1, 1, 0, 9, 0),
(2394, 410, 35000, '2019-06-10', 0, 35000, NULL, 0, '', 'PAGO INICIAL', 1, 1, 0, 1, 4),
(2395, 410, 35000, '2019-11-10', 0, 35000, NULL, 0, '', 'PAGO INICIAL', 1, 1, 0, 1, 4),
(2396, 411, 50000, '2019-02-22', 0, 50000, NULL, 1, '', 'PAGO INICIAL', 1, 1, 0, 0, 4),
(2397, 411, 0, '2019-02-22', 0, 0, NULL, 0, '', '', 1, 1, 0, 1, 0),
(2398, 413, 80000, '2019-02-23', 80000, 0, '2019-02-23', 1, '0007', 'PAGO DE BUZO T8 Y REMERA CON CUELLO T8', 1, 1, 1, 0, 4),
(2399, 413, 0, '2019-02-23', 0, 0, NULL, 0, '', '', 1, 1, 0, 1, 0),
(2400, 415, 85000, '2019-02-25', 85000, 0, '2019-02-25', 1, '0008', 'PAGO DE REMERA PIQUET T8 Y CAMPERA (SOLA)', 1, 1, 1, 0, 4),
(2401, 415, 0, '2019-02-25', 0, 0, NULL, 0, '', '', 1, 1, 0, 1, 0),
(2402, 416, 215000, '2019-02-25', 215000, 0, '2019-02-25', 1, '0009', 'PAGO DE KIT DE LIBROS 3° GRADO', 1, 1, 1, 0, 4),
(2403, 416, 0, '2019-02-25', 0, 0, NULL, 0, '', '', 1, 1, 0, 1, 0),
(2404, 417, 200000, '2019-02-25', 200000, 0, '2019-02-25', 1, '0010', 'PAGO DE MATRICULA', 1, 1, 1, 0, 4),
(2405, 417, 150000, '2019-03-10', 150000, 0, '2019-02-25', 1, '0013', 'PAGO DE CUOTA', 1, 1, 1, 1, 4),
(2406, 417, 150000, '2019-04-10', 0, 150000, NULL, 0, '', '', 1, 1, 0, 2, 0),
(2407, 417, 150000, '2019-05-10', 0, 150000, NULL, 0, '', '', 1, 1, 0, 3, 0),
(2408, 417, 150000, '2019-06-10', 0, 150000, NULL, 0, '', '', 1, 1, 0, 4, 0),
(2409, 417, 150000, '2019-07-10', 0, 150000, NULL, 0, '', '', 1, 1, 0, 5, 0),
(2410, 417, 150000, '2019-08-10', 0, 150000, NULL, 0, '', '', 1, 1, 0, 6, 0),
(2411, 417, 150000, '2019-09-10', 0, 150000, NULL, 0, '', '', 1, 1, 0, 7, 0),
(2412, 417, 150000, '2019-10-10', 0, 150000, NULL, 0, '', '', 1, 1, 0, 8, 0),
(2413, 417, 150000, '2019-11-10', 0, 150000, NULL, 0, '', '', 1, 1, 0, 9, 0),
(2414, 418, 35000, '2019-06-10', 0, 35000, NULL, 0, '', 'PAGO INICIAL', 1, 1, 0, 1, 4),
(2415, 418, 35000, '2019-11-10', 0, 35000, NULL, 0, '', 'PAGO INICIAL', 1, 1, 0, 1, 4),
(2416, 419, 175000, '2019-02-25', 0, 175000, NULL, 1, '', 'PAGO INICIAL', 1, 1, 0, 0, 4),
(2417, 419, 0, '2019-02-25', 0, 0, NULL, 0, '', '', 1, 1, 0, 1, 0),
(2418, 420, 70000, '2019-02-25', 70000, 0, '2019-02-25', 1, '0011', 'PAGO DE CUOTA', 1, 1, 1, 0, 4),
(2419, 420, 0, '2019-02-25', 0, 0, NULL, 0, '', '', 1, 1, 0, 1, 0),
(2420, 421, 35000, '2019-06-10', 0, 35000, NULL, 0, '', 'PAGO INICIAL', 1, 1, 0, 1, 4),
(2421, 421, 35000, '2019-11-10', 0, 35000, NULL, 0, '', 'PAGO INICIAL', 1, 1, 0, 1, 4),
(2422, 422, 45000, '2019-02-25', 45000, 0, '2019-02-25', 1, '0012', 'PAGO DE CUOTA', 1, 1, 1, 0, 4),
(2423, 422, 0, '2019-02-25', 0, 0, NULL, 0, '', '', 1, 1, 0, 1, 0),
(2424, 423, 35000, '2019-06-10', 0, 35000, NULL, 0, '', 'PAGO INICIAL', 1, 1, 0, 1, 4),
(2425, 423, 35000, '2019-11-10', 0, 35000, NULL, 0, '', 'PAGO INICIAL', 1, 1, 0, 1, 4),
(2426, 424, 200000, '2019-02-26', 200000, 0, '2019-02-26', 1, '0015', 'PAGO DE MATRICULA Y CUOTA MARZO', 1, 1, 1, 0, 4),
(2427, 424, 150000, '2019-03-10', 150000, 0, '2019-02-26', 1, '0015', 'PAGO DE MATRICULA Y CUOTA MARZO', 1, 1, 1, 1, 4),
(2428, 424, 150000, '2019-04-10', 0, 150000, NULL, 0, '', '', 1, 1, 0, 2, 0),
(2429, 424, 150000, '2019-05-10', 0, 150000, NULL, 0, '', '', 1, 1, 0, 3, 0),
(2430, 424, 150000, '2019-06-10', 0, 150000, NULL, 0, '', '', 1, 1, 0, 4, 0),
(2431, 424, 150000, '2019-07-10', 0, 150000, NULL, 0, '', '', 1, 1, 0, 5, 0),
(2432, 424, 150000, '2019-08-10', 0, 150000, NULL, 0, '', '', 1, 1, 0, 6, 0),
(2433, 424, 150000, '2019-09-10', 0, 150000, NULL, 0, '', '', 1, 1, 0, 7, 0),
(2434, 424, 150000, '2019-10-10', 0, 150000, NULL, 0, '', '', 1, 1, 0, 8, 0),
(2435, 424, 150000, '2019-11-10', 0, 150000, NULL, 0, '', '', 1, 1, 0, 9, 0),
(2436, 425, 35000, '2019-06-10', 0, 35000, NULL, 0, '', 'PAGO INICIAL', 1, 1, 0, 1, 4),
(2437, 425, 35000, '2019-11-10', 0, 35000, NULL, 0, '', 'PAGO INICIAL', 1, 1, 0, 1, 4),
(2438, 426, 200000, '2019-02-26', 200000, 0, '2019-02-26', 1, '0017', 'PAGO DE MATRICULA Y PARCIAL CUOTA MARZO', 1, 1, 1, 0, 4),
(2439, 426, 150000, '2019-03-10', 50000, 100000, '2019-02-26', 1, '0017', 'PAGO DE MATRICULA Y PARCIAL CUOTA MARZO', 1, 1, 1, 1, 4),
(2440, 426, 150000, '2019-04-10', 0, 150000, NULL, 0, '', '', 1, 1, 0, 2, 0),
(2441, 426, 150000, '2019-05-10', 0, 150000, NULL, 0, '', '', 1, 1, 0, 3, 0),
(2442, 426, 150000, '2019-06-10', 0, 150000, NULL, 0, '', '', 1, 1, 0, 4, 0),
(2443, 426, 150000, '2019-07-10', 0, 150000, NULL, 0, '', '', 1, 1, 0, 5, 0),
(2444, 426, 150000, '2019-08-10', 0, 150000, NULL, 0, '', '', 1, 1, 0, 6, 0),
(2445, 426, 150000, '2019-09-10', 0, 150000, NULL, 0, '', '', 1, 1, 0, 7, 0),
(2446, 426, 150000, '2019-10-10', 0, 150000, NULL, 0, '', '', 1, 1, 0, 8, 0),
(2447, 426, 150000, '2019-11-10', 0, 150000, NULL, 0, '', '', 1, 1, 0, 9, 0),
(2448, 427, 35000, '2019-06-10', 0, 35000, NULL, 0, '', 'PAGO INICIAL', 1, 1, 0, 1, 4),
(2449, 427, 35000, '2019-11-10', 0, 35000, NULL, 0, '', 'PAGO INICIAL', 1, 1, 0, 1, 4),
(2450, 426, 150000, '2019-03-10', 0, 100000, NULL, 0, '', '', 0, 0, 0, 1, 0),
(2451, 428, 200000, '2019-02-27', 200000, 0, '2019-02-27', 1, '0018', 'PAGO DE MATRICULA Y CUOTA MARZO', 1, 1, 1, 0, 4),
(2452, 428, 150000, '2019-03-10', 150000, 0, '2019-02-27', 1, '0018', 'PAGO DE MATRICULA Y CUOTA MARZO', 1, 1, 1, 1, 4),
(2453, 428, 150000, '2019-04-10', 0, 150000, NULL, 0, '', '', 1, 1, 0, 2, 0),
(2454, 428, 150000, '2019-05-10', 0, 150000, NULL, 0, '', '', 1, 1, 0, 3, 0),
(2455, 428, 150000, '2019-06-10', 0, 150000, NULL, 0, '', '', 1, 1, 0, 4, 0),
(2456, 428, 150000, '2019-07-10', 0, 150000, NULL, 0, '', '', 1, 1, 0, 5, 0),
(2457, 428, 150000, '2019-08-10', 0, 150000, NULL, 0, '', '', 1, 1, 0, 6, 0),
(2458, 428, 150000, '2019-09-10', 0, 150000, NULL, 0, '', '', 1, 1, 0, 7, 0),
(2459, 428, 150000, '2019-10-10', 0, 150000, NULL, 0, '', '', 1, 1, 0, 8, 0),
(2460, 428, 150000, '2019-11-10', 0, 150000, NULL, 0, '', '', 1, 1, 0, 9, 0),
(2461, 429, 35000, '2019-06-10', 0, 35000, NULL, 0, '', 'PAGO INICIAL', 1, 1, 0, 1, 4),
(2462, 429, 35000, '2019-11-10', 0, 35000, NULL, 0, '', 'PAGO INICIAL', 1, 1, 0, 1, 4),
(2463, 430, 200000, '2019-02-27', 200000, 0, '2019-02-27', 1, '0018', 'PAGO DE MATRICULA Y CUOTA MARZO', 1, 1, 1, 0, 4),
(2464, 430, 150000, '2019-03-10', 150000, 0, '2019-02-27', 1, '0018', 'PAGO DE MATRICULA Y CUOTA MARZO', 1, 1, 1, 1, 4),
(2465, 430, 150000, '2019-04-10', 0, 150000, NULL, 0, '', '', 1, 1, 0, 2, 0),
(2466, 430, 150000, '2019-05-10', 0, 150000, NULL, 0, '', '', 1, 1, 0, 3, 0),
(2467, 430, 150000, '2019-06-10', 0, 150000, NULL, 0, '', '', 1, 1, 0, 4, 0),
(2468, 430, 150000, '2019-07-10', 0, 150000, NULL, 0, '', '', 1, 1, 0, 5, 0),
(2469, 430, 150000, '2019-08-10', 0, 150000, NULL, 0, '', '', 1, 1, 0, 6, 0),
(2470, 430, 150000, '2019-09-10', 0, 150000, NULL, 0, '', '', 1, 1, 0, 7, 0),
(2471, 430, 150000, '2019-10-10', 0, 150000, NULL, 0, '', '', 1, 1, 0, 8, 0),
(2472, 430, 150000, '2019-11-10', 0, 150000, NULL, 0, '', '', 1, 1, 0, 9, 0),
(2473, 431, 35000, '2019-06-10', 0, 35000, NULL, 0, '', 'PAGO INICIAL', 1, 1, 0, 1, 4),
(2474, 431, 35000, '2019-11-10', 0, 35000, NULL, 0, '', 'PAGO INICIAL', 1, 1, 0, 1, 4),
(2475, 432, 200000, '2019-02-27', 200000, 0, '2019-02-27', 1, '0019', 'PAGO DE MATRICULA Y CUOTA MARZO', 1, 1, 1, 0, 4),
(2476, 432, 200000, '2019-03-10', 200000, 0, '2019-02-27', 1, '0019', 'PAGO DE MATRICULA Y CUOTA MARZO', 1, 1, 1, 1, 4),
(2477, 432, 200000, '2019-04-10', 0, 200000, NULL, 0, '', '', 1, 1, 0, 2, 0),
(2478, 432, 200000, '2019-05-10', 0, 200000, NULL, 0, '', '', 1, 1, 0, 3, 0),
(2479, 432, 200000, '2019-06-10', 0, 200000, NULL, 0, '', '', 1, 1, 0, 4, 0),
(2480, 432, 200000, '2019-07-10', 0, 200000, NULL, 0, '', '', 1, 1, 0, 5, 0),
(2481, 432, 200000, '2019-08-10', 0, 200000, NULL, 0, '', '', 1, 1, 0, 6, 0),
(2482, 432, 200000, '2019-09-10', 0, 200000, NULL, 0, '', '', 1, 1, 0, 7, 0),
(2483, 432, 200000, '2019-10-10', 0, 200000, NULL, 0, '', '', 1, 1, 0, 8, 0),
(2484, 432, 200000, '2019-11-10', 0, 200000, NULL, 0, '', '', 1, 1, 0, 9, 0),
(2485, 433, 35000, '2019-06-10', 0, 35000, NULL, 0, '', 'PAGO INICIAL', 1, 1, 0, 1, 4),
(2486, 433, 35000, '2019-11-10', 0, 35000, NULL, 0, '', 'PAGO INICIAL', 1, 1, 0, 1, 4),
(2487, 434, 200000, '2019-02-27', 200000, 0, '2019-02-27', 1, '0018', 'PAGO DE MATRICULA Y CUOTA MARZO', 1, 1, 1, 0, 4),
(2488, 434, 200000, '2019-03-10', 200000, 0, '2019-02-27', 1, '0018', 'PAGO DE MATRICULA Y CUOTA MARZO', 1, 1, 1, 1, 4),
(2489, 434, 200000, '2019-04-10', 0, 200000, NULL, 0, '', '', 1, 1, 0, 2, 0),
(2490, 434, 200000, '2019-05-10', 0, 200000, NULL, 0, '', '', 1, 1, 0, 3, 0),
(2491, 434, 200000, '2019-06-10', 0, 200000, NULL, 0, '', '', 1, 1, 0, 4, 0),
(2492, 434, 200000, '2019-07-10', 0, 200000, NULL, 0, '', '', 1, 1, 0, 5, 0),
(2493, 434, 200000, '2019-08-10', 0, 200000, NULL, 0, '', '', 1, 1, 0, 6, 0),
(2494, 434, 200000, '2019-09-10', 0, 200000, NULL, 0, '', '', 1, 1, 0, 7, 0),
(2495, 434, 200000, '2019-10-10', 0, 200000, NULL, 0, '', '', 1, 1, 0, 8, 0),
(2496, 434, 200000, '2019-11-10', 0, 200000, NULL, 0, '', '', 1, 1, 0, 9, 0),
(2497, 435, 35000, '2019-06-10', 0, 35000, NULL, 0, '', 'PAGO INICIAL', 1, 1, 0, 1, 4),
(2498, 435, 35000, '2019-11-10', 0, 35000, NULL, 0, '', 'PAGO INICIAL', 1, 1, 0, 1, 4),
(2499, 436, 200000, '2019-02-28', 200000, 0, '2019-02-28', 1, '0022', 'PAGO DE MATRICULA', 1, 1, 1, 0, 4),
(2500, 436, 150000, '2019-03-10', 150000, 0, '2019-03-01', 1, '0030', 'PAGO DE CUOTA MES MARZO', 1, 1, 1, 1, 4),
(2501, 436, 150000, '2019-04-10', 0, 150000, NULL, 0, '', '', 1, 1, 0, 2, 0),
(2502, 436, 150000, '2019-05-10', 0, 150000, NULL, 0, '', '', 1, 1, 0, 3, 0),
(2503, 436, 150000, '2019-06-10', 0, 150000, NULL, 0, '', '', 1, 1, 0, 4, 0),
(2504, 436, 150000, '2019-07-10', 0, 150000, NULL, 0, '', '', 1, 1, 0, 5, 0),
(2505, 436, 150000, '2019-08-10', 0, 150000, NULL, 0, '', '', 1, 1, 0, 6, 0),
(2506, 436, 150000, '2019-09-10', 0, 150000, NULL, 0, '', '', 1, 1, 0, 7, 0),
(2507, 436, 150000, '2019-10-10', 0, 150000, NULL, 0, '', '', 1, 1, 0, 8, 0),
(2508, 436, 150000, '2019-11-10', 0, 150000, NULL, 0, '', '', 1, 1, 0, 9, 0),
(2509, 437, 35000, '2019-06-10', 0, 35000, NULL, 0, '', 'PAGO INICIAL', 1, 1, 0, 1, 4),
(2510, 437, 35000, '2019-11-10', 0, 35000, NULL, 0, '', 'PAGO INICIAL', 1, 1, 0, 1, 4),
(2511, 438, 200000, '2019-02-28', 200000, 0, '2019-02-28', 1, '0022', 'PAGO DE MATRICULA', 1, 1, 1, 0, 4),
(2512, 438, 150000, '2019-03-10', 0, 150000, NULL, 0, '', '', 1, 1, 0, 1, 0),
(2513, 438, 150000, '2019-04-10', 0, 150000, NULL, 0, '', '', 1, 1, 0, 2, 0),
(2514, 438, 150000, '2019-05-10', 0, 150000, NULL, 0, '', '', 1, 1, 0, 3, 0),
(2515, 438, 150000, '2019-06-10', 0, 150000, NULL, 0, '', '', 1, 1, 0, 4, 0),
(2516, 438, 150000, '2019-07-10', 0, 150000, NULL, 0, '', '', 1, 1, 0, 5, 0),
(2517, 438, 150000, '2019-08-10', 0, 150000, NULL, 0, '', '', 1, 1, 0, 6, 0),
(2518, 438, 150000, '2019-09-10', 0, 150000, NULL, 0, '', '', 1, 1, 0, 7, 0),
(2519, 438, 150000, '2019-10-10', 0, 150000, NULL, 0, '', '', 1, 1, 0, 8, 0),
(2520, 438, 150000, '2019-11-10', 0, 150000, NULL, 0, '', '', 1, 1, 0, 9, 0),
(2521, 439, 35000, '2019-06-10', 0, 35000, NULL, 0, '', 'PAGO INICIAL', 1, 1, 0, 1, 4),
(2522, 439, 35000, '2019-11-10', 0, 35000, NULL, 0, '', 'PAGO INICIAL', 1, 1, 0, 1, 4),
(2523, 440, 200000, '2019-02-28', 200000, 0, '2019-02-28', 1, '0023', 'PAGO DE MATRICULA', 1, 1, 1, 0, 4),
(2524, 440, 150000, '2019-03-10', 150000, 0, '2019-03-08', 1, '8150', 'PAGO DE CUOTA MES DE MARZO', 1, 1, 1, 1, 4),
(2525, 440, 150000, '2019-04-10', 0, 150000, NULL, 0, '', '', 1, 1, 0, 2, 0),
(2526, 440, 150000, '2019-05-10', 0, 150000, NULL, 0, '', '', 1, 1, 0, 3, 0),
(2527, 440, 150000, '2019-06-10', 0, 150000, NULL, 0, '', '', 1, 1, 0, 4, 0),
(2528, 440, 150000, '2019-07-10', 0, 150000, NULL, 0, '', '', 1, 1, 0, 5, 0),
(2529, 440, 150000, '2019-08-10', 0, 150000, NULL, 0, '', '', 1, 1, 0, 6, 0),
(2530, 440, 150000, '2019-09-10', 0, 150000, NULL, 0, '', '', 1, 1, 0, 7, 0),
(2531, 440, 150000, '2019-10-10', 0, 150000, NULL, 0, '', '', 1, 1, 0, 8, 0),
(2532, 440, 150000, '2019-11-10', 0, 150000, NULL, 0, '', '', 1, 1, 0, 9, 0),
(2533, 441, 35000, '2019-06-10', 0, 35000, NULL, 0, '', 'PAGO INICIAL', 1, 1, 0, 1, 4),
(2534, 441, 35000, '2019-11-10', 0, 35000, NULL, 0, '', 'PAGO INICIAL', 1, 1, 0, 1, 4),
(2535, 442, 200000, '2019-03-01', 200000, 0, '2019-03-01', 1, '0028', 'PAGO DE MATRICULA', 1, 1, 1, 0, 4),
(2536, 442, 200000, '2019-03-10', 0, 200000, NULL, 0, '', '', 1, 1, 0, 1, 0),
(2537, 442, 200000, '2019-04-10', 0, 200000, NULL, 0, '', '', 1, 1, 0, 2, 0),
(2538, 442, 200000, '2019-05-10', 0, 200000, NULL, 0, '', '', 1, 1, 0, 3, 0),
(2539, 442, 200000, '2019-06-10', 0, 200000, NULL, 0, '', '', 1, 1, 0, 4, 0),
(2540, 442, 200000, '2019-07-10', 0, 200000, NULL, 0, '', '', 1, 1, 0, 5, 0),
(2541, 442, 200000, '2019-08-10', 0, 200000, NULL, 0, '', '', 1, 1, 0, 6, 0),
(2542, 442, 200000, '2019-09-10', 0, 200000, NULL, 0, '', '', 1, 1, 0, 7, 0),
(2543, 442, 200000, '2019-10-10', 0, 200000, NULL, 0, '', '', 1, 1, 0, 8, 0),
(2544, 442, 200000, '2019-11-10', 0, 200000, NULL, 0, '', '', 1, 1, 0, 9, 0),
(2545, 443, 35000, '2019-06-10', 0, 35000, NULL, 0, '', 'PAGO INICIAL', 1, 1, 0, 1, 4),
(2546, 443, 35000, '2019-11-10', 0, 35000, NULL, 0, '', 'PAGO INICIAL', 1, 1, 0, 1, 4),
(2547, 444, 200000, '2019-03-01', 200000, 0, '2019-03-01', 1, '0029', 'PAGO DE MATRICULA', 1, 1, 1, 0, 4),
(2548, 444, 200000, '2019-03-10', 0, 200000, NULL, 0, '', '', 1, 1, 0, 1, 0),
(2549, 444, 200000, '2019-04-10', 0, 200000, NULL, 0, '', '', 1, 1, 0, 2, 0),
(2550, 444, 200000, '2019-05-10', 0, 200000, NULL, 0, '', '', 1, 1, 0, 3, 0),
(2551, 444, 200000, '2019-06-10', 0, 200000, NULL, 0, '', '', 1, 1, 0, 4, 0),
(2552, 444, 200000, '2019-07-10', 0, 200000, NULL, 0, '', '', 1, 1, 0, 5, 0),
(2553, 444, 200000, '2019-08-10', 0, 200000, NULL, 0, '', '', 1, 1, 0, 6, 0),
(2554, 444, 200000, '2019-09-10', 0, 200000, NULL, 0, '', '', 1, 1, 0, 7, 0),
(2555, 444, 200000, '2019-10-10', 0, 200000, NULL, 0, '', '', 1, 1, 0, 8, 0);
INSERT INTO `cuentas_recibir_detalle` (`id_cuenta_recibir_detalle`, `id_cuenta_recibir_cabecera`, `monto_pagar`, `fecha_vencimiento`, `monto_pagado`, `saldo`, `fecha_pagada`, `id_tipo_pago`, `nro_recibo`, `descripcion`, `id_sucursal`, `id_usuario`, `pagado`, `nro_cuota`, `lote`) VALUES
(2556, 444, 200000, '2019-11-10', 0, 200000, NULL, 0, '', '', 1, 1, 0, 9, 0),
(2557, 445, 35000, '2019-06-10', 0, 35000, NULL, 0, '', 'PAGO INICIAL', 1, 1, 0, 1, 4),
(2558, 445, 35000, '2019-11-10', 0, 35000, NULL, 0, '', 'PAGO INICIAL', 1, 1, 0, 1, 4),
(2559, 446, 200000, '2019-03-01', 200000, 0, '2019-03-01', 1, '0031', 'PAGO DE MATRICULA Y CUOTA MARZO', 1, 1, 1, 0, 4),
(2560, 446, 150000, '2019-03-10', 150000, 0, '2019-03-01', 1, '0031', 'PAGO DE MATRICULA Y CUOTA MARZO', 1, 1, 1, 1, 4),
(2561, 446, 150000, '2019-04-10', 0, 150000, NULL, 0, '', '', 1, 1, 0, 2, 0),
(2562, 446, 150000, '2019-05-10', 0, 150000, NULL, 0, '', '', 1, 1, 0, 3, 0),
(2563, 446, 150000, '2019-06-10', 0, 150000, NULL, 0, '', '', 1, 1, 0, 4, 0),
(2564, 446, 150000, '2019-07-10', 0, 150000, NULL, 0, '', '', 1, 1, 0, 5, 0),
(2565, 446, 150000, '2019-08-10', 0, 150000, NULL, 0, '', '', 1, 1, 0, 6, 0),
(2566, 446, 150000, '2019-09-10', 0, 150000, NULL, 0, '', '', 1, 1, 0, 7, 0),
(2567, 446, 150000, '2019-10-10', 0, 150000, NULL, 0, '', '', 1, 1, 0, 8, 0),
(2568, 446, 150000, '2019-11-10', 0, 150000, NULL, 0, '', '', 1, 1, 0, 9, 0),
(2569, 447, 35000, '2019-06-10', 0, 35000, NULL, 0, '', 'PAGO INICIAL', 1, 1, 0, 1, 4),
(2570, 447, 35000, '2019-11-10', 0, 35000, NULL, 0, '', 'PAGO INICIAL', 1, 1, 0, 1, 4),
(2571, 448, 200000, '2019-03-01', 200000, 0, '2019-03-01', 1, '0034', 'PAGO DE MATRICULA', 1, 1, 1, 0, 4),
(2572, 448, 150000, '2019-03-10', 0, 150000, NULL, 0, '', '', 1, 1, 0, 1, 0),
(2573, 448, 150000, '2019-04-10', 0, 150000, NULL, 0, '', '', 1, 1, 0, 2, 0),
(2574, 448, 150000, '2019-05-10', 0, 150000, NULL, 0, '', '', 1, 1, 0, 3, 0),
(2575, 448, 150000, '2019-06-10', 0, 150000, NULL, 0, '', '', 1, 1, 0, 4, 0),
(2576, 448, 150000, '2019-07-10', 0, 150000, NULL, 0, '', '', 1, 1, 0, 5, 0),
(2577, 448, 150000, '2019-08-10', 0, 150000, NULL, 0, '', '', 1, 1, 0, 6, 0),
(2578, 448, 150000, '2019-09-10', 0, 150000, NULL, 0, '', '', 1, 1, 0, 7, 0),
(2579, 448, 150000, '2019-10-10', 0, 150000, NULL, 0, '', '', 1, 1, 0, 8, 0),
(2580, 448, 150000, '2019-11-10', 0, 150000, NULL, 0, '', '', 1, 1, 0, 9, 0),
(2581, 449, 35000, '2019-06-10', 0, 35000, NULL, 0, '', 'PAGO INICIAL', 1, 1, 0, 1, 4),
(2582, 449, 35000, '2019-11-10', 0, 35000, NULL, 0, '', 'PAGO INICIAL', 1, 1, 0, 1, 4),
(2583, 450, 200000, '2019-03-01', 200000, 0, '2019-03-01', 1, '0035', 'PAGO DE MATRICULA', 1, 1, 1, 0, 4),
(2584, 450, 160000, '2019-03-10', 0, 160000, NULL, 0, '', '', 1, 1, 0, 1, 0),
(2585, 450, 160000, '2019-04-10', 0, 160000, NULL, 0, '', '', 1, 1, 0, 2, 0),
(2586, 450, 160000, '2019-05-10', 0, 160000, NULL, 0, '', '', 1, 1, 0, 3, 0),
(2587, 450, 160000, '2019-06-10', 0, 160000, NULL, 0, '', '', 1, 1, 0, 4, 0),
(2588, 450, 160000, '2019-07-10', 0, 160000, NULL, 0, '', '', 1, 1, 0, 5, 0),
(2589, 450, 160000, '2019-08-10', 0, 160000, NULL, 0, '', '', 1, 1, 0, 6, 0),
(2590, 450, 160000, '2019-09-10', 0, 160000, NULL, 0, '', '', 1, 1, 0, 7, 0),
(2591, 450, 160000, '2019-10-10', 0, 160000, NULL, 0, '', '', 1, 1, 0, 8, 0),
(2592, 450, 160000, '2019-11-10', 0, 160000, NULL, 0, '', '', 1, 1, 0, 9, 0),
(2593, 451, 35000, '2019-06-10', 0, 35000, NULL, 0, '', 'PAGO INICIAL', 1, 1, 0, 1, 4),
(2594, 451, 35000, '2019-11-10', 0, 35000, NULL, 0, '', 'PAGO INICIAL', 1, 1, 0, 1, 4),
(2595, 452, 200000, '2019-03-01', 200000, 0, '2019-03-01', 1, '0036', 'PAGO DE MATRICULA', 1, 1, 1, 0, 4),
(2596, 452, 200000, '2019-03-10', 0, 200000, NULL, 0, '', '', 1, 1, 0, 1, 0),
(2597, 452, 200000, '2019-04-10', 0, 200000, NULL, 0, '', '', 1, 1, 0, 2, 0),
(2598, 452, 200000, '2019-05-10', 0, 200000, NULL, 0, '', '', 1, 1, 0, 3, 0),
(2599, 452, 200000, '2019-06-10', 0, 200000, NULL, 0, '', '', 1, 1, 0, 4, 0),
(2600, 452, 200000, '2019-07-10', 0, 200000, NULL, 0, '', '', 1, 1, 0, 5, 0),
(2601, 452, 200000, '2019-08-10', 0, 200000, NULL, 0, '', '', 1, 1, 0, 6, 0),
(2602, 452, 200000, '2019-09-10', 0, 200000, NULL, 0, '', '', 1, 1, 0, 7, 0),
(2603, 452, 200000, '2019-10-10', 0, 200000, NULL, 0, '', '', 1, 1, 0, 8, 0),
(2604, 452, 200000, '2019-11-10', 0, 200000, NULL, 0, '', '', 1, 1, 0, 9, 0),
(2605, 453, 35000, '2019-06-10', 0, 35000, NULL, 0, '', 'PAGO INICIAL', 1, 1, 0, 1, 4),
(2606, 453, 35000, '2019-11-10', 0, 35000, NULL, 0, '', 'PAGO INICIAL', 1, 1, 0, 1, 4),
(2607, 454, 200000, '2019-03-01', 200000, 0, '2019-03-03', 1, '8083', 'PAGO DE MATRICULA ', 1, 1, 1, 0, 4),
(2608, 454, 160000, '2019-03-10', 0, 160000, NULL, 0, '', '', 1, 1, 0, 1, 0),
(2609, 454, 160000, '2019-04-10', 0, 160000, NULL, 0, '', '', 1, 1, 0, 2, 0),
(2610, 454, 160000, '2019-05-10', 0, 160000, NULL, 0, '', '', 1, 1, 0, 3, 0),
(2611, 454, 160000, '2019-06-10', 0, 160000, NULL, 0, '', '', 1, 1, 0, 4, 0),
(2612, 454, 160000, '2019-07-10', 0, 160000, NULL, 0, '', '', 1, 1, 0, 5, 0),
(2613, 454, 160000, '2019-08-10', 0, 160000, NULL, 0, '', '', 1, 1, 0, 6, 0),
(2614, 454, 160000, '2019-09-10', 0, 160000, NULL, 0, '', '', 1, 1, 0, 7, 0),
(2615, 454, 160000, '2019-10-10', 0, 160000, NULL, 0, '', '', 1, 1, 0, 8, 0),
(2616, 454, 160000, '2019-11-10', 0, 160000, NULL, 0, '', '', 1, 1, 0, 9, 0),
(2617, 455, 35000, '2019-06-10', 0, 35000, NULL, 0, '', 'PAGO INICIAL', 1, 1, 0, 1, 4),
(2618, 455, 35000, '2019-11-10', 0, 35000, NULL, 0, '', 'PAGO INICIAL', 1, 1, 0, 1, 4),
(2619, 456, 200000, '2019-03-01', 200000, 0, '2019-03-01', 1, '0044', 'PAGO DE MATRICULA Y CUOTA MARZO', 1, 1, 1, 0, 4),
(2620, 456, 200000, '2019-03-10', 200000, 0, '2019-03-01', 1, '0044', 'PAGO DE MATRICULA Y CUOTA MARZO', 1, 1, 1, 1, 4),
(2621, 456, 200000, '2019-04-10', 0, 200000, NULL, 0, '', '', 1, 1, 0, 2, 0),
(2622, 456, 200000, '2019-05-10', 0, 200000, NULL, 0, '', '', 1, 1, 0, 3, 0),
(2623, 456, 200000, '2019-06-10', 0, 200000, NULL, 0, '', '', 1, 1, 0, 4, 0),
(2624, 456, 200000, '2019-07-10', 0, 200000, NULL, 0, '', '', 1, 1, 0, 5, 0),
(2625, 456, 200000, '2019-08-10', 0, 200000, NULL, 0, '', '', 1, 1, 0, 6, 0),
(2626, 456, 200000, '2019-09-10', 0, 200000, NULL, 0, '', '', 1, 1, 0, 7, 0),
(2627, 456, 200000, '2019-10-10', 0, 200000, NULL, 0, '', '', 1, 1, 0, 8, 0),
(2628, 456, 200000, '2019-11-10', 0, 200000, NULL, 0, '', '', 1, 1, 0, 9, 0),
(2629, 457, 35000, '2019-06-10', 0, 35000, NULL, 0, '', 'PAGO INICIAL', 1, 1, 0, 1, 4),
(2630, 457, 35000, '2019-11-10', 0, 35000, NULL, 0, '', 'PAGO INICIAL', 1, 1, 0, 1, 4),
(2631, 458, 200000, '2019-03-02', 200000, 0, '2019-03-02', 1, '0045', 'PAGO DE MATRICULA', 1, 1, 1, 0, 4),
(2632, 458, 200000, '2019-03-10', 0, 200000, NULL, 0, '', '', 1, 1, 0, 1, 0),
(2633, 458, 200000, '2019-04-10', 0, 200000, NULL, 0, '', '', 1, 1, 0, 2, 0),
(2634, 458, 200000, '2019-05-10', 0, 200000, NULL, 0, '', '', 1, 1, 0, 3, 0),
(2635, 458, 200000, '2019-06-10', 0, 200000, NULL, 0, '', '', 1, 1, 0, 4, 0),
(2636, 458, 200000, '2019-07-10', 0, 200000, NULL, 0, '', '', 1, 1, 0, 5, 0),
(2637, 458, 200000, '2019-08-10', 0, 200000, NULL, 0, '', '', 1, 1, 0, 6, 0),
(2638, 458, 200000, '2019-09-10', 0, 200000, NULL, 0, '', '', 1, 1, 0, 7, 0),
(2639, 458, 200000, '2019-10-10', 0, 200000, NULL, 0, '', '', 1, 1, 0, 8, 0),
(2640, 458, 200000, '2019-11-10', 0, 200000, NULL, 0, '', '', 1, 1, 0, 9, 0),
(2641, 459, 35000, '2019-06-10', 0, 35000, NULL, 0, '', 'PAGO INICIAL', 1, 1, 0, 1, 4),
(2642, 459, 35000, '2019-11-10', 0, 35000, NULL, 0, '', 'PAGO INICIAL', 1, 1, 0, 1, 4),
(2643, 460, 200000, '2019-03-02', 250000, -50000, '2019-03-02', 1, '0008072', 'PAGO DE MATRICULA, SHORT POLLERA Y CORBATA CORTA', 1, 1, 1, 0, 4),
(2644, 460, 200000, '2019-03-10', 0, 200000, NULL, 0, '', '', 1, 1, 0, 1, 0),
(2645, 460, 200000, '2019-04-10', 0, 200000, NULL, 0, '', '', 1, 1, 0, 2, 0),
(2646, 460, 200000, '2019-05-10', 0, 200000, NULL, 0, '', '', 1, 1, 0, 3, 0),
(2647, 460, 200000, '2019-06-10', 0, 200000, NULL, 0, '', '', 1, 1, 0, 4, 0),
(2648, 460, 200000, '2019-07-10', 0, 200000, NULL, 0, '', '', 1, 1, 0, 5, 0),
(2649, 460, 200000, '2019-08-10', 0, 200000, NULL, 0, '', '', 1, 1, 0, 6, 0),
(2650, 460, 200000, '2019-09-10', 0, 200000, NULL, 0, '', '', 1, 1, 0, 7, 0),
(2651, 460, 200000, '2019-10-10', 0, 200000, NULL, 0, '', '', 1, 1, 0, 8, 0),
(2652, 460, 200000, '2019-11-10', 0, 200000, NULL, 0, '', '', 1, 1, 0, 9, 0),
(2653, 461, 35000, '2019-06-10', 0, 35000, NULL, 0, '', 'PAGO INICIAL', 1, 1, 0, 1, 4),
(2654, 461, 35000, '2019-11-10', 0, 35000, NULL, 0, '', 'PAGO INICIAL', 1, 1, 0, 1, 4),
(2655, 462, 70000, '2019-03-02', 70000, 0, '2019-03-02', 1, '0008072', 'PAGO DE MATRICULA, SHORT POLLERA Y CORBATA CORTA', 1, 1, 1, 1, 4),
(2656, 463, 200000, '2019-03-02', 200000, 0, '2019-03-02', 1, '0008033', 'PAGO DE MATRICULA', 1, 1, 1, 0, 4),
(2657, 463, 150000, '2019-03-10', 0, 150000, NULL, 0, '', '', 1, 1, 0, 1, 0),
(2658, 463, 150000, '2019-04-10', 0, 150000, NULL, 0, '', '', 1, 1, 0, 2, 0),
(2659, 463, 150000, '2019-05-10', 0, 150000, NULL, 0, '', '', 1, 1, 0, 3, 0),
(2660, 463, 150000, '2019-06-10', 0, 150000, NULL, 0, '', '', 1, 1, 0, 4, 0),
(2661, 463, 150000, '2019-07-10', 0, 150000, NULL, 0, '', '', 1, 1, 0, 5, 0),
(2662, 463, 150000, '2019-08-10', 0, 150000, NULL, 0, '', '', 1, 1, 0, 6, 0),
(2663, 463, 150000, '2019-09-10', 0, 150000, NULL, 0, '', '', 1, 1, 0, 7, 0),
(2664, 463, 150000, '2019-10-10', 0, 150000, NULL, 0, '', '', 1, 1, 0, 8, 0),
(2665, 463, 150000, '2019-11-10', 0, 150000, NULL, 0, '', '', 1, 1, 0, 9, 0),
(2666, 464, 35000, '2019-06-10', 0, 35000, NULL, 0, '', 'PAGO INICIAL', 1, 1, 0, 1, 4),
(2667, 464, 35000, '2019-11-10', 0, 35000, NULL, 0, '', 'PAGO INICIAL', 1, 1, 0, 1, 4),
(2668, 465, 200000, '2019-03-02', 0, 200000, NULL, 1, '', 'PAGO INICIAL', 1, 1, 0, 0, 4),
(2669, 465, 150000, '2019-03-10', 0, 150000, NULL, 0, '', '', 1, 1, 0, 1, 0),
(2670, 465, 150000, '2019-04-10', 0, 150000, NULL, 0, '', '', 1, 1, 0, 2, 0),
(2671, 465, 150000, '2019-05-10', 0, 150000, NULL, 0, '', '', 1, 1, 0, 3, 0),
(2672, 465, 150000, '2019-06-10', 0, 150000, NULL, 0, '', '', 1, 1, 0, 4, 0),
(2673, 465, 150000, '2019-07-10', 0, 150000, NULL, 0, '', '', 1, 1, 0, 5, 0),
(2674, 465, 150000, '2019-08-10', 0, 150000, NULL, 0, '', '', 1, 1, 0, 6, 0),
(2675, 465, 150000, '2019-09-10', 0, 150000, NULL, 0, '', '', 1, 1, 0, 7, 0),
(2676, 465, 150000, '2019-10-10', 0, 150000, NULL, 0, '', '', 1, 1, 0, 8, 0),
(2677, 465, 150000, '2019-11-10', 0, 150000, NULL, 0, '', '', 1, 1, 0, 9, 0),
(2678, 466, 35000, '2019-06-10', 0, 35000, NULL, 0, '', 'PAGO INICIAL', 1, 1, 0, 1, 4),
(2679, 466, 35000, '2019-11-10', 0, 35000, NULL, 0, '', 'PAGO INICIAL', 1, 1, 0, 1, 4),
(2680, 467, 250000, '2019-03-02', 250000, 0, '2019-03-02', 1, '8042', 'PAGO DE MATRICULA', 1, 1, 1, 0, 4),
(2681, 467, 150000, '2019-03-10', 0, 150000, NULL, 0, '', '', 1, 1, 0, 1, 0),
(2682, 467, 150000, '2019-04-10', 0, 150000, NULL, 0, '', '', 1, 1, 0, 2, 0),
(2683, 467, 150000, '2019-05-10', 0, 150000, NULL, 0, '', '', 1, 1, 0, 3, 0),
(2684, 467, 150000, '2019-06-10', 0, 150000, NULL, 0, '', '', 1, 1, 0, 4, 0),
(2685, 467, 150000, '2019-07-10', 0, 150000, NULL, 0, '', '', 1, 1, 0, 5, 0),
(2686, 467, 150000, '2019-08-10', 0, 150000, NULL, 0, '', '', 1, 1, 0, 6, 0),
(2687, 467, 150000, '2019-09-10', 0, 150000, NULL, 0, '', '', 1, 1, 0, 7, 0),
(2688, 467, 150000, '2019-10-10', 0, 150000, NULL, 0, '', '', 1, 1, 0, 8, 0),
(2689, 467, 150000, '2019-11-10', 0, 150000, NULL, 0, '', '', 1, 1, 0, 9, 0),
(2690, 468, 35000, '2019-06-10', 0, 35000, NULL, 0, '', 'PAGO INICIAL', 1, 1, 0, 1, 4),
(2691, 468, 35000, '2019-11-10', 0, 35000, NULL, 0, '', 'PAGO INICIAL', 1, 1, 0, 1, 4),
(2692, 469, 250000, '2019-03-02', 250000, 0, '2019-03-02', 1, '8051', 'PAGO DE MATRICULA', 1, 1, 1, 0, 4),
(2693, 469, 160000, '2019-03-10', 0, 160000, NULL, 0, '', '', 1, 1, 0, 1, 0),
(2694, 469, 160000, '2019-04-10', 0, 160000, NULL, 0, '', '', 1, 1, 0, 2, 0),
(2695, 469, 160000, '2019-05-10', 0, 160000, NULL, 0, '', '', 1, 1, 0, 3, 0),
(2696, 469, 160000, '2019-06-10', 0, 160000, NULL, 0, '', '', 1, 1, 0, 4, 0),
(2697, 469, 160000, '2019-07-10', 0, 160000, NULL, 0, '', '', 1, 1, 0, 5, 0),
(2698, 469, 160000, '2019-08-10', 0, 160000, NULL, 0, '', '', 1, 1, 0, 6, 0),
(2699, 469, 160000, '2019-09-10', 0, 160000, NULL, 0, '', '', 1, 1, 0, 7, 0),
(2700, 469, 160000, '2019-10-10', 0, 160000, NULL, 0, '', '', 1, 1, 0, 8, 0),
(2701, 469, 160000, '2019-11-10', 0, 160000, NULL, 0, '', '', 1, 1, 0, 9, 0),
(2702, 470, 35000, '2019-06-10', 0, 35000, NULL, 0, '', 'PAGO INICIAL', 1, 1, 0, 1, 4),
(2703, 470, 35000, '2019-11-10', 0, 35000, NULL, 0, '', 'PAGO INICIAL', 1, 1, 0, 1, 4),
(2704, 471, 200000, '2019-03-02', 200000, 0, '2019-03-02', 1, '8042', 'PAGO DE MATRICULA', 1, 1, 1, 0, 4),
(2705, 471, 200000, '2019-03-10', 0, 200000, NULL, 0, '', '', 1, 1, 0, 1, 0),
(2706, 471, 200000, '2019-04-10', 0, 200000, NULL, 0, '', '', 1, 1, 0, 2, 0),
(2707, 471, 200000, '2019-05-10', 0, 200000, NULL, 0, '', '', 1, 1, 0, 3, 0),
(2708, 471, 200000, '2019-06-10', 0, 200000, NULL, 0, '', '', 1, 1, 0, 4, 0),
(2709, 471, 200000, '2019-07-10', 0, 200000, NULL, 0, '', '', 1, 1, 0, 5, 0),
(2710, 471, 200000, '2019-08-10', 0, 200000, NULL, 0, '', '', 1, 1, 0, 6, 0),
(2711, 471, 200000, '2019-09-10', 0, 200000, NULL, 0, '', '', 1, 1, 0, 7, 0),
(2712, 471, 200000, '2019-10-10', 0, 200000, NULL, 0, '', '', 1, 1, 0, 8, 0),
(2713, 471, 200000, '2019-11-10', 0, 200000, NULL, 0, '', '', 1, 1, 0, 9, 0),
(2714, 472, 35000, '2019-06-10', 0, 35000, NULL, 0, '', 'PAGO INICIAL', 1, 1, 0, 1, 4),
(2715, 472, 35000, '2019-11-10', 0, 35000, NULL, 0, '', 'PAGO INICIAL', 1, 1, 0, 1, 4),
(2716, 473, 200000, '2019-03-03', 200000, 0, '2019-03-03', 1, '8045', 'PAGO DE MATRICULA', 1, 1, 1, 0, 4),
(2717, 473, 150000, '2019-03-10', 0, 150000, NULL, 0, '', '', 1, 1, 0, 1, 0),
(2718, 473, 150000, '2019-04-10', 0, 150000, NULL, 0, '', '', 1, 1, 0, 2, 0),
(2719, 473, 150000, '2019-05-10', 0, 150000, NULL, 0, '', '', 1, 1, 0, 3, 0),
(2720, 473, 150000, '2019-06-10', 0, 150000, NULL, 0, '', '', 1, 1, 0, 4, 0),
(2721, 473, 150000, '2019-07-10', 0, 150000, NULL, 0, '', '', 1, 1, 0, 5, 0),
(2722, 473, 150000, '2019-08-10', 0, 150000, NULL, 0, '', '', 1, 1, 0, 6, 0),
(2723, 473, 150000, '2019-09-10', 0, 150000, NULL, 0, '', '', 1, 1, 0, 7, 0),
(2724, 473, 150000, '2019-10-10', 0, 150000, NULL, 0, '', '', 1, 1, 0, 8, 0),
(2725, 473, 150000, '2019-11-10', 0, 150000, NULL, 0, '', '', 1, 1, 0, 9, 0),
(2726, 474, 35000, '2019-06-10', 0, 35000, NULL, 0, '', 'PAGO INICIAL', 1, 1, 0, 1, 4),
(2727, 474, 35000, '2019-11-10', 0, 35000, NULL, 0, '', 'PAGO INICIAL', 1, 1, 0, 1, 4),
(2728, 475, 200000, '2019-03-03', 200000, 0, '2019-03-03', 1, '8076', 'PAGO DE MATRICULA', 1, 1, 1, 0, 4),
(2729, 475, 160000, '2019-03-10', 160000, 0, '2019-03-08', 1, '8166', 'PAGO DE CUOTA MES DE MARZO', 1, 1, 1, 1, 4),
(2730, 475, 160000, '2019-04-10', 0, 160000, NULL, 0, '', '', 1, 1, 0, 2, 0),
(2731, 475, 160000, '2019-05-10', 0, 160000, NULL, 0, '', '', 1, 1, 0, 3, 0),
(2732, 475, 160000, '2019-06-10', 0, 160000, NULL, 0, '', '', 1, 1, 0, 4, 0),
(2733, 475, 160000, '2019-07-10', 0, 160000, NULL, 0, '', '', 1, 1, 0, 5, 0),
(2734, 475, 160000, '2019-08-10', 0, 160000, NULL, 0, '', '', 1, 1, 0, 6, 0),
(2735, 475, 160000, '2019-09-10', 0, 160000, NULL, 0, '', '', 1, 1, 0, 7, 0),
(2736, 475, 160000, '2019-10-10', 0, 160000, NULL, 0, '', '', 1, 1, 0, 8, 0),
(2737, 475, 160000, '2019-11-10', 0, 160000, NULL, 0, '', '', 1, 1, 0, 9, 0),
(2738, 476, 35000, '2019-06-10', 0, 35000, NULL, 0, '', 'PAGO INICIAL', 1, 1, 0, 1, 4),
(2739, 476, 35000, '2019-11-10', 0, 35000, NULL, 0, '', 'PAGO INICIAL', 1, 1, 0, 1, 4),
(2740, 477, 200000, '2019-03-03', 200000, 0, '2019-03-03', 1, '8077', 'PAGO DE MATRICULA', 1, 1, 1, 0, 4),
(2741, 477, 150000, '2019-03-10', 0, 150000, NULL, 0, '', '', 1, 1, 0, 1, 0),
(2742, 477, 150000, '2019-04-10', 0, 150000, NULL, 0, '', '', 1, 1, 0, 2, 0),
(2743, 477, 150000, '2019-05-10', 0, 150000, NULL, 0, '', '', 1, 1, 0, 3, 0),
(2744, 477, 150000, '2019-06-10', 0, 150000, NULL, 0, '', '', 1, 1, 0, 4, 0),
(2745, 477, 150000, '2019-07-10', 0, 150000, NULL, 0, '', '', 1, 1, 0, 5, 0),
(2746, 477, 150000, '2019-08-10', 0, 150000, NULL, 0, '', '', 1, 1, 0, 6, 0),
(2747, 477, 150000, '2019-09-10', 0, 150000, NULL, 0, '', '', 1, 1, 0, 7, 0),
(2748, 477, 150000, '2019-10-10', 0, 150000, NULL, 0, '', '', 1, 1, 0, 8, 0),
(2749, 477, 150000, '2019-11-10', 0, 150000, NULL, 0, '', '', 1, 1, 0, 9, 0),
(2750, 478, 35000, '2019-06-10', 0, 35000, NULL, 0, '', 'PAGO INICIAL', 1, 1, 0, 1, 4),
(2751, 478, 35000, '2019-11-10', 0, 35000, NULL, 0, '', 'PAGO INICIAL', 1, 1, 0, 1, 4),
(2752, 479, 200000, '2019-03-03', 200000, 0, '2019-03-03', 1, '8078', 'PAGO DE MATRICULA', 1, 1, 1, 0, 4),
(2753, 479, 150000, '2019-03-10', 150000, 0, '2019-03-08', 1, '8168', 'PAGO DE CUOTA MES DE MARZO', 1, 1, 1, 1, 4),
(2754, 479, 150000, '2019-04-10', 0, 150000, NULL, 0, '', '', 1, 1, 0, 2, 0),
(2755, 479, 150000, '2019-05-10', 0, 150000, NULL, 0, '', '', 1, 1, 0, 3, 0),
(2756, 479, 150000, '2019-06-10', 0, 150000, NULL, 0, '', '', 1, 1, 0, 4, 0),
(2757, 479, 150000, '2019-07-10', 0, 150000, NULL, 0, '', '', 1, 1, 0, 5, 0),
(2758, 479, 150000, '2019-08-10', 0, 150000, NULL, 0, '', '', 1, 1, 0, 6, 0),
(2759, 479, 150000, '2019-09-10', 0, 150000, NULL, 0, '', '', 1, 1, 0, 7, 0),
(2760, 479, 150000, '2019-10-10', 0, 150000, NULL, 0, '', '', 1, 1, 0, 8, 0),
(2761, 479, 150000, '2019-11-10', 0, 150000, NULL, 0, '', '', 1, 1, 0, 9, 0),
(2762, 480, 35000, '2019-06-10', 0, 35000, NULL, 0, '', 'PAGO INICIAL', 1, 1, 0, 1, 4),
(2763, 480, 35000, '2019-11-10', 0, 35000, NULL, 0, '', 'PAGO INICIAL', 1, 1, 0, 1, 4),
(2764, 481, 200000, '2019-03-03', 200000, 0, '2019-03-03', 1, '8079', 'PAGO DE MATRICULA', 1, 1, 1, 0, 4),
(2765, 481, 170000, '2019-03-10', 170000, 0, '2019-03-08', 1, '8165', 'PAGO DE CUOTA MES DE MARZO', 1, 1, 1, 1, 4),
(2766, 481, 170000, '2019-04-10', 0, 170000, NULL, 0, '', '', 1, 1, 0, 2, 0),
(2767, 481, 170000, '2019-05-10', 0, 170000, NULL, 0, '', '', 1, 1, 0, 3, 0),
(2768, 481, 170000, '2019-06-10', 0, 170000, NULL, 0, '', '', 1, 1, 0, 4, 0),
(2769, 481, 170000, '2019-07-10', 0, 170000, NULL, 0, '', '', 1, 1, 0, 5, 0),
(2770, 481, 170000, '2019-08-10', 0, 170000, NULL, 0, '', '', 1, 1, 0, 6, 0),
(2771, 481, 170000, '2019-09-10', 0, 170000, NULL, 0, '', '', 1, 1, 0, 7, 0),
(2772, 481, 170000, '2019-10-10', 0, 170000, NULL, 0, '', '', 1, 1, 0, 8, 0),
(2773, 481, 170000, '2019-11-10', 0, 170000, NULL, 0, '', '', 1, 1, 0, 9, 0),
(2774, 482, 35000, '2019-06-10', 0, 35000, NULL, 0, '', 'PAGO INICIAL', 1, 1, 0, 1, 4),
(2775, 482, 35000, '2019-11-10', 0, 35000, NULL, 0, '', 'PAGO INICIAL', 1, 1, 0, 1, 4),
(2776, 483, 200000, '2019-03-03', 200000, 0, '2019-03-03', 1, '8080', 'PAGO DE MATRICULA', 1, 1, 1, 0, 4),
(2777, 483, 50000, '2019-03-10', 0, 50000, NULL, 0, '', '', 1, 1, 0, 1, 0),
(2778, 483, 50000, '2019-04-10', 0, 50000, NULL, 0, '', '', 1, 1, 0, 2, 0),
(2779, 483, 50000, '2019-05-10', 0, 50000, NULL, 0, '', '', 1, 1, 0, 3, 0),
(2780, 483, 50000, '2019-06-10', 0, 50000, NULL, 0, '', '', 1, 1, 0, 4, 0),
(2781, 483, 50000, '2019-07-10', 0, 50000, NULL, 0, '', '', 1, 1, 0, 5, 0),
(2782, 483, 50000, '2019-08-10', 0, 50000, NULL, 0, '', '', 1, 1, 0, 6, 0),
(2783, 483, 50000, '2019-09-10', 0, 50000, NULL, 0, '', '', 1, 1, 0, 7, 0),
(2784, 483, 50000, '2019-10-10', 0, 50000, NULL, 0, '', '', 1, 1, 0, 8, 0),
(2785, 483, 50000, '2019-11-10', 0, 50000, NULL, 0, '', '', 1, 1, 0, 9, 0),
(2786, 484, 35000, '2019-06-10', 0, 35000, NULL, 0, '', 'PAGO INICIAL', 1, 1, 0, 1, 4),
(2787, 484, 35000, '2019-11-10', 0, 35000, NULL, 0, '', 'PAGO INICIAL', 1, 1, 0, 1, 4),
(2788, 485, 150000, '2019-03-10', 0, 150000, NULL, 0, '', '', 1, 1, 0, 1, 0),
(2789, 485, 150000, '2019-04-10', 0, 150000, NULL, 0, '', '', 1, 1, 0, 2, 0),
(2790, 485, 150000, '2019-05-10', 0, 150000, NULL, 0, '', '', 1, 1, 0, 3, 0),
(2791, 485, 150000, '2019-06-10', 0, 150000, NULL, 0, '', '', 1, 1, 0, 4, 0),
(2792, 485, 150000, '2019-07-10', 0, 150000, NULL, 0, '', '', 1, 1, 0, 5, 0),
(2793, 485, 150000, '2019-08-10', 0, 150000, NULL, 0, '', '', 1, 1, 0, 6, 0),
(2794, 485, 150000, '2019-09-10', 0, 150000, NULL, 0, '', '', 1, 1, 0, 7, 0),
(2795, 485, 150000, '2019-10-10', 0, 150000, NULL, 0, '', '', 1, 1, 0, 8, 0),
(2796, 485, 150000, '2019-11-10', 0, 150000, NULL, 0, '', '', 1, 1, 0, 9, 0),
(2797, 486, 50000, '2019-03-10', 0, 50000, NULL, 0, '', '', 1, 1, 0, 1, 0),
(2798, 486, 50000, '2019-04-10', 0, 50000, NULL, 0, '', '', 1, 1, 0, 2, 0),
(2799, 486, 50000, '2019-05-10', 0, 50000, NULL, 0, '', '', 1, 1, 0, 3, 0),
(2800, 486, 50000, '2019-06-10', 0, 50000, NULL, 0, '', '', 1, 1, 0, 4, 0),
(2801, 486, 50000, '2019-07-10', 0, 50000, NULL, 0, '', '', 1, 1, 0, 5, 0),
(2802, 486, 50000, '2019-08-10', 0, 50000, NULL, 0, '', '', 1, 1, 0, 6, 0),
(2803, 486, 50000, '2019-09-10', 0, 50000, NULL, 0, '', '', 1, 1, 0, 7, 0),
(2804, 486, 50000, '2019-10-10', 0, 50000, NULL, 0, '', '', 1, 1, 0, 8, 0),
(2805, 486, 50000, '2019-11-10', 0, 50000, NULL, 0, '', '', 1, 1, 0, 9, 0),
(2806, 487, 50000, '2019-03-10', 0, 50000, NULL, 0, '', '', 1, 1, 0, 1, 0),
(2807, 487, 50000, '2019-04-10', 0, 50000, NULL, 0, '', '', 1, 1, 0, 2, 0),
(2808, 487, 50000, '2019-05-10', 0, 50000, NULL, 0, '', '', 1, 1, 0, 3, 0),
(2809, 487, 50000, '2019-06-10', 0, 50000, NULL, 0, '', '', 1, 1, 0, 4, 0),
(2810, 487, 50000, '2019-07-10', 0, 50000, NULL, 0, '', '', 1, 1, 0, 5, 0),
(2811, 487, 50000, '2019-08-10', 0, 50000, NULL, 0, '', '', 1, 1, 0, 6, 0),
(2812, 487, 50000, '2019-09-10', 0, 50000, NULL, 0, '', '', 1, 1, 0, 7, 0),
(2813, 487, 50000, '2019-10-10', 0, 50000, NULL, 0, '', '', 1, 1, 0, 8, 0),
(2814, 487, 50000, '2019-11-10', 0, 50000, NULL, 0, '', '', 1, 1, 0, 9, 0),
(2815, 488, 50000, '2019-03-10', 0, 50000, NULL, 0, '', '', 1, 1, 0, 1, 0),
(2816, 488, 50000, '2019-04-10', 0, 50000, NULL, 0, '', '', 1, 1, 0, 2, 0),
(2817, 488, 50000, '2019-05-10', 0, 50000, NULL, 0, '', '', 1, 1, 0, 3, 0),
(2818, 488, 50000, '2019-06-10', 0, 50000, NULL, 0, '', '', 1, 1, 0, 4, 0),
(2819, 488, 50000, '2019-07-10', 0, 50000, NULL, 0, '', '', 1, 1, 0, 5, 0),
(2820, 488, 50000, '2019-08-10', 0, 50000, NULL, 0, '', '', 1, 1, 0, 6, 0),
(2821, 488, 50000, '2019-09-10', 0, 50000, NULL, 0, '', '', 1, 1, 0, 7, 0),
(2822, 488, 50000, '2019-10-10', 0, 50000, NULL, 0, '', '', 1, 1, 0, 8, 0),
(2823, 488, 50000, '2019-11-10', 0, 50000, NULL, 0, '', '', 1, 1, 0, 9, 0),
(2824, 489, 200000, '2019-03-03', 200000, 0, '2019-03-03', 1, '8082', 'PAGO DE MATRICULA', 1, 1, 1, 0, 4),
(2825, 489, 50000, '2019-03-10', 0, 50000, NULL, 0, '', '', 1, 1, 0, 1, 0),
(2826, 489, 50000, '2019-04-10', 0, 50000, NULL, 0, '', '', 1, 1, 0, 2, 0),
(2827, 489, 50000, '2019-05-10', 0, 50000, NULL, 0, '', '', 1, 1, 0, 3, 0),
(2828, 489, 50000, '2019-06-10', 0, 50000, NULL, 0, '', '', 1, 1, 0, 4, 0),
(2829, 489, 50000, '2019-07-10', 0, 50000, NULL, 0, '', '', 1, 1, 0, 5, 0),
(2830, 489, 50000, '2019-08-10', 0, 50000, NULL, 0, '', '', 1, 1, 0, 6, 0),
(2831, 489, 50000, '2019-09-10', 0, 50000, NULL, 0, '', '', 1, 1, 0, 7, 0),
(2832, 489, 50000, '2019-10-10', 0, 50000, NULL, 0, '', '', 1, 1, 0, 8, 0),
(2833, 489, 50000, '2019-11-10', 0, 50000, NULL, 0, '', '', 1, 1, 0, 9, 0),
(2834, 490, 35000, '2019-06-10', 0, 35000, NULL, 0, '', 'PAGO INICIAL', 1, 1, 0, 1, 4),
(2835, 490, 35000, '2019-11-10', 0, 35000, NULL, 0, '', 'PAGO INICIAL', 1, 1, 0, 1, 4),
(2836, 491, 200000, '2019-03-03', 200000, 0, '2019-03-03', 1, '8084', 'PAGO DE MATRICULA', 1, 1, 1, 0, 4),
(2837, 491, 160000, '2019-03-10', 0, 160000, NULL, 0, '', '', 1, 1, 0, 1, 0),
(2838, 491, 160000, '2019-04-10', 0, 160000, NULL, 0, '', '', 1, 1, 0, 2, 0),
(2839, 491, 160000, '2019-05-10', 0, 160000, NULL, 0, '', '', 1, 1, 0, 3, 0),
(2840, 491, 160000, '2019-06-10', 0, 160000, NULL, 0, '', '', 1, 1, 0, 4, 0),
(2841, 491, 160000, '2019-07-10', 0, 160000, NULL, 0, '', '', 1, 1, 0, 5, 0),
(2842, 491, 160000, '2019-08-10', 0, 160000, NULL, 0, '', '', 1, 1, 0, 6, 0),
(2843, 491, 160000, '2019-09-10', 0, 160000, NULL, 0, '', '', 1, 1, 0, 7, 0),
(2844, 491, 160000, '2019-10-10', 0, 160000, NULL, 0, '', '', 1, 1, 0, 8, 0),
(2845, 491, 160000, '2019-11-10', 0, 160000, NULL, 0, '', '', 1, 1, 0, 9, 0),
(2846, 492, 35000, '2019-06-10', 0, 35000, NULL, 0, '', 'PAGO INICIAL', 1, 1, 0, 1, 4),
(2847, 492, 35000, '2019-11-10', 0, 35000, NULL, 0, '', 'PAGO INICIAL', 1, 1, 0, 1, 4),
(2848, 493, 200000, '2019-03-04', 200000, 0, '2019-03-04', 1, '8086', 'PAGO DE MATRICULA', 1, 1, 1, 0, 4),
(2849, 493, 200000, '2019-03-10', 0, 200000, NULL, 0, '', '', 1, 1, 0, 1, 0),
(2850, 493, 200000, '2019-04-10', 0, 200000, NULL, 0, '', '', 1, 1, 0, 2, 0),
(2851, 493, 200000, '2019-05-10', 0, 200000, NULL, 0, '', '', 1, 1, 0, 3, 0),
(2852, 493, 200000, '2019-06-10', 0, 200000, NULL, 0, '', '', 1, 1, 0, 4, 0),
(2853, 493, 200000, '2019-07-10', 0, 200000, NULL, 0, '', '', 1, 1, 0, 5, 0),
(2854, 493, 200000, '2019-08-10', 0, 200000, NULL, 0, '', '', 1, 1, 0, 6, 0),
(2855, 493, 200000, '2019-09-10', 0, 200000, NULL, 0, '', '', 1, 1, 0, 7, 0),
(2856, 493, 200000, '2019-10-10', 0, 200000, NULL, 0, '', '', 1, 1, 0, 8, 0),
(2857, 493, 200000, '2019-11-10', 0, 200000, NULL, 0, '', '', 1, 1, 0, 9, 0),
(2858, 494, 35000, '2019-06-10', 0, 35000, NULL, 0, '', 'PAGO INICIAL', 1, 1, 0, 1, 4),
(2859, 494, 35000, '2019-11-10', 0, 35000, NULL, 0, '', 'PAGO INICIAL', 1, 1, 0, 1, 4),
(2860, 495, 200000, '2019-03-05', 200000, 0, '2019-03-05', 1, '8089', 'PAGO DE MATRICULA', 1, 1, 1, 0, 4),
(2861, 495, 150000, '2019-03-10', 150000, 0, '2019-03-07', 1, '8144', 'PAGO DE CUOTA MES DE MARZO', 1, 1, 1, 1, 4),
(2862, 495, 150000, '2019-04-10', 0, 150000, NULL, 0, '', '', 1, 1, 0, 2, 0),
(2863, 495, 150000, '2019-05-10', 0, 150000, NULL, 0, '', '', 1, 1, 0, 3, 0),
(2864, 495, 150000, '2019-06-10', 0, 150000, NULL, 0, '', '', 1, 1, 0, 4, 0),
(2865, 495, 150000, '2019-07-10', 0, 150000, NULL, 0, '', '', 1, 1, 0, 5, 0),
(2866, 495, 150000, '2019-08-10', 0, 150000, NULL, 0, '', '', 1, 1, 0, 6, 0),
(2867, 495, 150000, '2019-09-10', 0, 150000, NULL, 0, '', '', 1, 1, 0, 7, 0),
(2868, 495, 150000, '2019-10-10', 0, 150000, NULL, 0, '', '', 1, 1, 0, 8, 0),
(2869, 495, 150000, '2019-11-10', 0, 150000, NULL, 0, '', '', 1, 1, 0, 9, 0),
(2870, 496, 35000, '2019-06-10', 0, 35000, NULL, 0, '', 'PAGO INICIAL', 1, 1, 0, 1, 4),
(2871, 496, 35000, '2019-11-10', 0, 35000, NULL, 0, '', 'PAGO INICIAL', 1, 1, 0, 1, 4),
(2872, 497, 200000, '2019-03-05', 200000, 0, '2019-03-05', 1, '8090', 'PAGO DE MATRICULA', 1, 1, 1, 0, 4),
(2873, 497, 150000, '2019-03-10', 0, 150000, NULL, 0, '', '', 1, 1, 0, 1, 0),
(2874, 497, 150000, '2019-04-10', 0, 150000, NULL, 0, '', '', 1, 1, 0, 2, 0),
(2875, 497, 150000, '2019-05-10', 0, 150000, NULL, 0, '', '', 1, 1, 0, 3, 0),
(2876, 497, 150000, '2019-06-10', 0, 150000, NULL, 0, '', '', 1, 1, 0, 4, 0),
(2877, 497, 150000, '2019-07-10', 0, 150000, NULL, 0, '', '', 1, 1, 0, 5, 0),
(2878, 497, 150000, '2019-08-10', 0, 150000, NULL, 0, '', '', 1, 1, 0, 6, 0),
(2879, 497, 150000, '2019-09-10', 0, 150000, NULL, 0, '', '', 1, 1, 0, 7, 0),
(2880, 497, 150000, '2019-10-10', 0, 150000, NULL, 0, '', '', 1, 1, 0, 8, 0),
(2881, 497, 150000, '2019-11-10', 0, 150000, NULL, 0, '', '', 1, 1, 0, 9, 0),
(2882, 498, 35000, '2019-06-10', 0, 35000, NULL, 0, '', 'PAGO INICIAL', 1, 1, 0, 1, 4),
(2883, 498, 35000, '2019-11-10', 0, 35000, NULL, 0, '', 'PAGO INICIAL', 1, 1, 0, 1, 4),
(2884, 499, 200000, '2019-03-05', 200000, 0, '2019-03-05', 1, '8092', 'PAGO DE MATRICULA', 1, 1, 1, 0, 4),
(2885, 499, 150000, '2019-03-10', 0, 150000, NULL, 0, '', '', 1, 1, 0, 1, 0),
(2886, 499, 150000, '2019-04-10', 0, 150000, NULL, 0, '', '', 1, 1, 0, 2, 0),
(2887, 499, 150000, '2019-05-10', 0, 150000, NULL, 0, '', '', 1, 1, 0, 3, 0),
(2888, 499, 150000, '2019-06-10', 0, 150000, NULL, 0, '', '', 1, 1, 0, 4, 0),
(2889, 499, 150000, '2019-07-10', 0, 150000, NULL, 0, '', '', 1, 1, 0, 5, 0),
(2890, 499, 150000, '2019-08-10', 0, 150000, NULL, 0, '', '', 1, 1, 0, 6, 0),
(2891, 499, 150000, '2019-09-10', 0, 150000, NULL, 0, '', '', 1, 1, 0, 7, 0),
(2892, 499, 150000, '2019-10-10', 0, 150000, NULL, 0, '', '', 1, 1, 0, 8, 0),
(2893, 499, 150000, '2019-11-10', 0, 150000, NULL, 0, '', '', 1, 1, 0, 9, 0),
(2894, 500, 35000, '2019-06-10', 0, 35000, NULL, 0, '', 'PAGO INICIAL', 1, 1, 0, 1, 4),
(2895, 500, 35000, '2019-11-10', 0, 35000, NULL, 0, '', 'PAGO INICIAL', 1, 1, 0, 1, 4),
(2896, 501, 200000, '2019-03-05', 200000, 0, '2019-03-05', 1, '8093', 'PAGO DE MATRICULA', 1, 1, 1, 0, 4),
(2897, 501, 150000, '2019-03-10', 0, 150000, NULL, 0, '', '', 1, 1, 0, 1, 0),
(2898, 501, 150000, '2019-04-10', 0, 150000, NULL, 0, '', '', 1, 1, 0, 2, 0),
(2899, 501, 150000, '2019-05-10', 0, 150000, NULL, 0, '', '', 1, 1, 0, 3, 0),
(2900, 501, 150000, '2019-06-10', 0, 150000, NULL, 0, '', '', 1, 1, 0, 4, 0),
(2901, 501, 150000, '2019-07-10', 0, 150000, NULL, 0, '', '', 1, 1, 0, 5, 0),
(2902, 501, 150000, '2019-08-10', 0, 150000, NULL, 0, '', '', 1, 1, 0, 6, 0),
(2903, 501, 150000, '2019-09-10', 0, 150000, NULL, 0, '', '', 1, 1, 0, 7, 0),
(2904, 501, 150000, '2019-10-10', 0, 150000, NULL, 0, '', '', 1, 1, 0, 8, 0),
(2905, 501, 150000, '2019-11-10', 0, 150000, NULL, 0, '', '', 1, 1, 0, 9, 0),
(2906, 502, 35000, '2019-06-10', 0, 35000, NULL, 0, '', 'PAGO INICIAL', 1, 1, 0, 1, 4),
(2907, 502, 35000, '2019-11-10', 0, 35000, NULL, 0, '', 'PAGO INICIAL', 1, 1, 0, 1, 4),
(2908, 503, 200000, '2019-03-05', 200000, 0, '2019-03-05', 1, '8100', 'PAGO DE MATRICULA', 1, 1, 1, 0, 4),
(2909, 503, 150000, '2019-03-10', 0, 150000, NULL, 0, '', '', 1, 1, 0, 1, 0),
(2910, 503, 150000, '2019-04-10', 0, 150000, NULL, 0, '', '', 1, 1, 0, 2, 0),
(2911, 503, 150000, '2019-05-10', 0, 150000, NULL, 0, '', '', 1, 1, 0, 3, 0),
(2912, 503, 150000, '2019-06-10', 0, 150000, NULL, 0, '', '', 1, 1, 0, 4, 0),
(2913, 503, 150000, '2019-07-10', 0, 150000, NULL, 0, '', '', 1, 1, 0, 5, 0),
(2914, 503, 150000, '2019-08-10', 0, 150000, NULL, 0, '', '', 1, 1, 0, 6, 0),
(2915, 503, 150000, '2019-09-10', 0, 150000, NULL, 0, '', '', 1, 1, 0, 7, 0),
(2916, 503, 150000, '2019-10-10', 0, 150000, NULL, 0, '', '', 1, 1, 0, 8, 0),
(2917, 503, 150000, '2019-11-10', 0, 150000, NULL, 0, '', '', 1, 1, 0, 9, 0),
(2918, 504, 35000, '2019-06-10', 0, 35000, NULL, 0, '', 'PAGO INICIAL', 1, 1, 0, 1, 4),
(2919, 504, 35000, '2019-11-10', 0, 35000, NULL, 0, '', 'PAGO INICIAL', 1, 1, 0, 1, 4),
(2920, 505, 10000, '2019-03-05', 0, 10000, NULL, 0, '', '', 1, 1, 0, 1, 0),
(2921, 506, 200000, '2019-03-05', 200000, 0, '2019-03-05', 1, '8124', 'PAGO DE MATRICULA', 1, 1, 1, 0, 4),
(2922, 506, 150000, '2019-03-10', 0, 150000, NULL, 0, '', '', 1, 1, 0, 1, 0),
(2923, 506, 150000, '2019-04-10', 0, 150000, NULL, 0, '', '', 1, 1, 0, 2, 0),
(2924, 506, 150000, '2019-05-10', 0, 150000, NULL, 0, '', '', 1, 1, 0, 3, 0),
(2925, 506, 150000, '2019-06-10', 0, 150000, NULL, 0, '', '', 1, 1, 0, 4, 0),
(2926, 506, 150000, '2019-07-10', 0, 150000, NULL, 0, '', '', 1, 1, 0, 5, 0),
(2927, 506, 150000, '2019-08-10', 0, 150000, NULL, 0, '', '', 1, 1, 0, 6, 0),
(2928, 506, 150000, '2019-09-10', 0, 150000, NULL, 0, '', '', 1, 1, 0, 7, 0),
(2929, 506, 150000, '2019-10-10', 0, 150000, NULL, 0, '', '', 1, 1, 0, 8, 0),
(2930, 506, 150000, '2019-11-10', 0, 150000, NULL, 0, '', '', 1, 1, 0, 9, 0),
(2931, 507, 35000, '2019-06-10', 0, 35000, NULL, 0, '', 'PAGO INICIAL', 1, 1, 0, 1, 4),
(2932, 507, 35000, '2019-11-10', 0, 35000, NULL, 0, '', 'PAGO INICIAL', 1, 1, 0, 1, 4),
(2933, 508, 200000, '2019-03-06', 200000, 0, '2019-03-06', 1, '8127', 'PAGO DE MATRICULA', 1, 1, 1, 0, 4),
(2934, 508, 150000, '2019-03-10', 0, 150000, NULL, 0, '', '', 1, 1, 0, 1, 0),
(2935, 508, 150000, '2019-04-10', 0, 150000, NULL, 0, '', '', 1, 1, 0, 2, 0),
(2936, 508, 150000, '2019-05-10', 0, 150000, NULL, 0, '', '', 1, 1, 0, 3, 0),
(2937, 508, 150000, '2019-06-10', 0, 150000, NULL, 0, '', '', 1, 1, 0, 4, 0),
(2938, 508, 150000, '2019-07-10', 0, 150000, NULL, 0, '', '', 1, 1, 0, 5, 0),
(2939, 508, 150000, '2019-08-10', 0, 150000, NULL, 0, '', '', 1, 1, 0, 6, 0),
(2940, 508, 150000, '2019-09-10', 0, 150000, NULL, 0, '', '', 1, 1, 0, 7, 0),
(2941, 508, 150000, '2019-10-10', 0, 150000, NULL, 0, '', '', 1, 1, 0, 8, 0),
(2942, 508, 150000, '2019-11-10', 0, 150000, NULL, 0, '', '', 1, 1, 0, 9, 0),
(2943, 509, 35000, '2019-06-10', 0, 35000, NULL, 0, '', 'PAGO INICIAL', 1, 1, 0, 1, 4),
(2944, 509, 35000, '2019-11-10', 0, 35000, NULL, 0, '', 'PAGO INICIAL', 1, 1, 0, 1, 4),
(2945, 510, 200000, '2019-03-10', 200000, 0, '2019-03-08', 1, '8167', 'PAGO DE CUOTA MES DE MARZO', 1, 1, 1, 1, 4),
(2946, 510, 200000, '2019-04-10', 0, 200000, NULL, 0, '', '', 1, 1, 0, 2, 0),
(2947, 510, 200000, '2019-05-10', 0, 200000, NULL, 0, '', '', 1, 1, 0, 3, 0),
(2948, 510, 200000, '2019-06-10', 0, 200000, NULL, 0, '', '', 1, 1, 0, 4, 0),
(2949, 510, 200000, '2019-07-10', 0, 200000, NULL, 0, '', '', 1, 1, 0, 5, 0),
(2950, 510, 200000, '2019-08-10', 0, 200000, NULL, 0, '', '', 1, 1, 0, 6, 0),
(2951, 510, 200000, '2019-09-10', 0, 200000, NULL, 0, '', '', 1, 1, 0, 7, 0),
(2952, 510, 200000, '2019-10-10', 0, 200000, NULL, 0, '', '', 1, 1, 0, 8, 0),
(2953, 510, 200000, '2019-11-10', 0, 200000, NULL, 0, '', '', 1, 1, 0, 9, 0),
(2954, 511, 200000, '2019-03-10', 0, 200000, NULL, 0, '', '', 1, 1, 0, 1, 0),
(2955, 511, 200000, '2019-04-10', 0, 200000, NULL, 0, '', '', 1, 1, 0, 2, 0),
(2956, 511, 200000, '2019-05-10', 0, 200000, NULL, 0, '', '', 1, 1, 0, 3, 0),
(2957, 511, 200000, '2019-06-10', 0, 200000, NULL, 0, '', '', 1, 1, 0, 4, 0),
(2958, 511, 200000, '2019-07-10', 0, 200000, NULL, 0, '', '', 1, 1, 0, 5, 0),
(2959, 511, 200000, '2019-08-10', 0, 200000, NULL, 0, '', '', 1, 1, 0, 6, 0),
(2960, 511, 200000, '2019-09-10', 0, 200000, NULL, 0, '', '', 1, 1, 0, 7, 0),
(2961, 511, 200000, '2019-10-10', 0, 200000, NULL, 0, '', '', 1, 1, 0, 8, 0),
(2962, 511, 200000, '2019-11-10', 0, 200000, NULL, 0, '', '', 1, 1, 0, 9, 0),
(2963, 512, 200000, '2019-03-10', 0, 200000, NULL, 0, '', '', 1, 1, 0, 1, 0),
(2964, 512, 200000, '2019-04-10', 0, 200000, NULL, 0, '', '', 1, 1, 0, 2, 0),
(2965, 512, 200000, '2019-05-10', 0, 200000, NULL, 0, '', '', 1, 1, 0, 3, 0),
(2966, 512, 200000, '2019-06-10', 0, 200000, NULL, 0, '', '', 1, 1, 0, 4, 0),
(2967, 512, 200000, '2019-07-10', 0, 200000, NULL, 0, '', '', 1, 1, 0, 5, 0),
(2968, 512, 200000, '2019-08-10', 0, 200000, NULL, 0, '', '', 1, 1, 0, 6, 0),
(2969, 512, 200000, '2019-09-10', 0, 200000, NULL, 0, '', '', 1, 1, 0, 7, 0),
(2970, 512, 200000, '2019-10-10', 0, 200000, NULL, 0, '', '', 1, 1, 0, 8, 0),
(2971, 512, 200000, '2019-11-10', 0, 200000, NULL, 0, '', '', 1, 1, 0, 9, 0),
(2972, 513, 200000, '2019-03-10', 0, 200000, NULL, 0, '', '', 1, 1, 0, 1, 0),
(2973, 513, 200000, '2019-04-10', 0, 200000, NULL, 0, '', '', 1, 1, 0, 2, 0),
(2974, 513, 200000, '2019-05-10', 0, 200000, NULL, 0, '', '', 1, 1, 0, 3, 0),
(2975, 513, 200000, '2019-06-10', 0, 200000, NULL, 0, '', '', 1, 1, 0, 4, 0),
(2976, 513, 200000, '2019-07-10', 0, 200000, NULL, 0, '', '', 1, 1, 0, 5, 0),
(2977, 513, 200000, '2019-08-10', 0, 200000, NULL, 0, '', '', 1, 1, 0, 6, 0),
(2978, 513, 200000, '2019-09-10', 0, 200000, NULL, 0, '', '', 1, 1, 0, 7, 0),
(2979, 513, 200000, '2019-10-10', 0, 200000, NULL, 0, '', '', 1, 1, 0, 8, 0),
(2980, 513, 200000, '2019-11-10', 0, 200000, NULL, 0, '', '', 1, 1, 0, 9, 0),
(2981, 514, 200000, '2019-03-07', 200000, 0, '2019-03-07', 1, '8149', 'PAGO DE MATRICULA', 1, 1, 1, 0, 4),
(2982, 514, 150000, '2019-03-10', 0, 150000, NULL, 0, '', '', 1, 1, 0, 1, 0),
(2983, 514, 150000, '2019-04-10', 0, 150000, NULL, 0, '', '', 1, 1, 0, 2, 0),
(2984, 514, 150000, '2019-05-10', 0, 150000, NULL, 0, '', '', 1, 1, 0, 3, 0),
(2985, 514, 150000, '2019-06-10', 0, 150000, NULL, 0, '', '', 1, 1, 0, 4, 0),
(2986, 514, 150000, '2019-07-10', 0, 150000, NULL, 0, '', '', 1, 1, 0, 5, 0),
(2987, 514, 150000, '2019-08-10', 0, 150000, NULL, 0, '', '', 1, 1, 0, 6, 0),
(2988, 514, 150000, '2019-09-10', 0, 150000, NULL, 0, '', '', 1, 1, 0, 7, 0),
(2989, 514, 150000, '2019-10-10', 0, 150000, NULL, 0, '', '', 1, 1, 0, 8, 0),
(2990, 514, 150000, '2019-11-10', 0, 150000, NULL, 0, '', '', 1, 1, 0, 9, 0),
(2991, 515, 35000, '2019-06-10', 0, 35000, NULL, 0, '', 'PAGO INICIAL', 1, 1, 0, 1, 4),
(2992, 515, 35000, '2019-11-10', 0, 35000, NULL, 0, '', 'PAGO INICIAL', 1, 1, 0, 1, 4),
(2993, 516, 200000, '2019-03-08', 200000, 0, '2019-03-08', 1, '8152', 'PAGO DE MATRICULA Y CUOTA MARZO', 1, 1, 1, 0, 4),
(2994, 516, 160000, '2019-03-10', 160000, 0, '2019-03-08', 1, '8152', 'PAGO DE MATRICULA Y CUOTA MARZO', 1, 1, 1, 1, 4),
(2995, 516, 160000, '2019-04-10', 0, 160000, NULL, 0, '', '', 1, 1, 0, 2, 0),
(2996, 516, 160000, '2019-05-10', 0, 160000, NULL, 0, '', '', 1, 1, 0, 3, 0),
(2997, 516, 160000, '2019-06-10', 0, 160000, NULL, 0, '', '', 1, 1, 0, 4, 0),
(2998, 516, 160000, '2019-07-10', 0, 160000, NULL, 0, '', '', 1, 1, 0, 5, 0),
(2999, 516, 160000, '2019-08-10', 0, 160000, NULL, 0, '', '', 1, 1, 0, 6, 0),
(3000, 516, 160000, '2019-09-10', 0, 160000, NULL, 0, '', '', 1, 1, 0, 7, 0),
(3001, 516, 160000, '2019-10-10', 0, 160000, NULL, 0, '', '', 1, 1, 0, 8, 0),
(3002, 516, 160000, '2019-11-10', 0, 160000, NULL, 0, '', '', 1, 1, 0, 9, 0),
(3003, 517, 35000, '2019-06-10', 0, 35000, NULL, 0, '', 'PAGO INICIAL', 1, 1, 0, 1, 4),
(3004, 517, 35000, '2019-11-10', 0, 35000, NULL, 0, '', 'PAGO INICIAL', 1, 1, 0, 1, 4),
(3005, 518, 150000, '2019-03-10', 150000, 0, '2019-03-08', 1, '8159', 'PAGO DE CUOTA MES DE MARZO', 1, 1, 1, 1, 4),
(3006, 518, 150000, '2019-04-10', 0, 150000, NULL, 0, '', '', 1, 1, 0, 2, 0),
(3007, 518, 150000, '2019-05-10', 0, 150000, NULL, 0, '', '', 1, 1, 0, 3, 0),
(3008, 518, 150000, '2019-06-10', 0, 150000, NULL, 0, '', '', 1, 1, 0, 4, 0),
(3009, 518, 150000, '2019-07-10', 0, 150000, NULL, 0, '', '', 1, 1, 0, 5, 0),
(3010, 518, 150000, '2019-08-10', 0, 150000, NULL, 0, '', '', 1, 1, 0, 6, 0),
(3011, 518, 150000, '2019-09-10', 0, 150000, NULL, 0, '', '', 1, 1, 0, 7, 0),
(3012, 518, 150000, '2019-10-10', 0, 150000, NULL, 0, '', '', 1, 1, 0, 8, 0),
(3013, 518, 150000, '2019-11-10', 0, 150000, NULL, 0, '', '', 1, 1, 0, 9, 0),
(3014, 519, 150000, '2019-03-10', 0, 150000, NULL, 0, '', '', 1, 1, 0, 1, 0),
(3015, 519, 150000, '2019-04-10', 0, 150000, NULL, 0, '', '', 1, 1, 0, 2, 0),
(3016, 519, 150000, '2019-05-10', 0, 150000, NULL, 0, '', '', 1, 1, 0, 3, 0),
(3017, 519, 150000, '2019-06-10', 0, 150000, NULL, 0, '', '', 1, 1, 0, 4, 0),
(3018, 519, 150000, '2019-07-10', 0, 150000, NULL, 0, '', '', 1, 1, 0, 5, 0),
(3019, 519, 150000, '2019-08-10', 0, 150000, NULL, 0, '', '', 1, 1, 0, 6, 0),
(3020, 519, 150000, '2019-09-10', 0, 150000, NULL, 0, '', '', 1, 1, 0, 7, 0),
(3021, 519, 150000, '2019-10-10', 0, 150000, NULL, 0, '', '', 1, 1, 0, 8, 0),
(3022, 519, 150000, '2019-11-10', 0, 150000, NULL, 0, '', '', 1, 1, 0, 9, 0),
(3023, 520, 150000, '2019-03-10', 0, 150000, NULL, 0, '', '', 1, 1, 0, 1, 0),
(3024, 520, 150000, '2019-04-10', 0, 150000, NULL, 0, '', '', 1, 1, 0, 2, 0),
(3025, 520, 150000, '2019-05-10', 0, 150000, NULL, 0, '', '', 1, 1, 0, 3, 0),
(3026, 520, 150000, '2019-06-10', 0, 150000, NULL, 0, '', '', 1, 1, 0, 4, 0),
(3027, 520, 150000, '2019-07-10', 0, 150000, NULL, 0, '', '', 1, 1, 0, 5, 0),
(3028, 520, 150000, '2019-08-10', 0, 150000, NULL, 0, '', '', 1, 1, 0, 6, 0),
(3029, 520, 150000, '2019-09-10', 0, 150000, NULL, 0, '', '', 1, 1, 0, 7, 0),
(3030, 520, 150000, '2019-10-10', 0, 150000, NULL, 0, '', '', 1, 1, 0, 8, 0),
(3031, 520, 150000, '2019-11-10', 0, 150000, NULL, 0, '', '', 1, 1, 0, 9, 0),
(3032, 521, 200000, '2019-03-08', 200000, 0, '2019-03-08', 1, '8160', 'PAGO DE MATRICULA Y CUOTA MES DE MARZO', 1, 1, 1, 0, 4),
(3033, 521, 150000, '2019-03-10', 150000, 0, '2019-03-08', 1, '8160', 'PAGO DE MATRICULA Y CUOTA MES DE MARZO', 1, 1, 1, 1, 4),
(3034, 521, 150000, '2019-04-10', 0, 150000, NULL, 0, '', '', 1, 1, 0, 2, 0),
(3035, 521, 150000, '2019-05-10', 0, 150000, NULL, 0, '', '', 1, 1, 0, 3, 0),
(3036, 521, 150000, '2019-06-10', 0, 150000, NULL, 0, '', '', 1, 1, 0, 4, 0),
(3037, 521, 150000, '2019-07-10', 0, 150000, NULL, 0, '', '', 1, 1, 0, 5, 0),
(3038, 521, 150000, '2019-08-10', 0, 150000, NULL, 0, '', '', 1, 1, 0, 6, 0),
(3039, 521, 150000, '2019-09-10', 0, 150000, NULL, 0, '', '', 1, 1, 0, 7, 0),
(3040, 521, 150000, '2019-10-10', 0, 150000, NULL, 0, '', '', 1, 1, 0, 8, 0),
(3041, 521, 150000, '2019-11-10', 0, 150000, NULL, 0, '', '', 1, 1, 0, 9, 0),
(3042, 522, 35000, '2019-06-10', 0, 35000, NULL, 0, '', 'PAGO INICIAL', 1, 1, 0, 1, 4),
(3043, 522, 35000, '2019-11-10', 0, 35000, NULL, 0, '', 'PAGO INICIAL', 1, 1, 0, 1, 4),
(3044, 523, 200000, '2019-03-10', 0, 200000, NULL, 0, '', '', 1, 1, 0, 1, 0),
(3045, 523, 200000, '2019-04-10', 0, 200000, NULL, 0, '', '', 1, 1, 0, 2, 0),
(3046, 523, 200000, '2019-05-10', 0, 200000, NULL, 0, '', '', 1, 1, 0, 3, 0),
(3047, 523, 200000, '2019-06-10', 0, 200000, NULL, 0, '', '', 1, 1, 0, 4, 0),
(3048, 523, 200000, '2019-07-10', 0, 200000, NULL, 0, '', '', 1, 1, 0, 5, 0),
(3049, 523, 200000, '2019-08-10', 0, 200000, NULL, 0, '', '', 1, 1, 0, 6, 0),
(3050, 523, 200000, '2019-09-10', 0, 200000, NULL, 0, '', '', 1, 1, 0, 7, 0),
(3051, 523, 200000, '2019-10-10', 0, 200000, NULL, 0, '', '', 1, 1, 0, 8, 0),
(3052, 523, 200000, '2019-11-10', 0, 200000, NULL, 0, '', '', 1, 1, 0, 9, 0),
(3053, 524, 200000, '2019-03-10', 0, 200000, NULL, 0, '', '', 1, 1, 0, 1, 0),
(3054, 524, 200000, '2019-04-10', 0, 200000, NULL, 0, '', '', 1, 1, 0, 2, 0),
(3055, 524, 200000, '2019-05-10', 0, 200000, NULL, 0, '', '', 1, 1, 0, 3, 0),
(3056, 524, 200000, '2019-06-10', 0, 200000, NULL, 0, '', '', 1, 1, 0, 4, 0),
(3057, 524, 200000, '2019-07-10', 0, 200000, NULL, 0, '', '', 1, 1, 0, 5, 0),
(3058, 524, 200000, '2019-08-10', 0, 200000, NULL, 0, '', '', 1, 1, 0, 6, 0),
(3059, 524, 200000, '2019-09-10', 0, 200000, NULL, 0, '', '', 1, 1, 0, 7, 0),
(3060, 524, 200000, '2019-10-10', 0, 200000, NULL, 0, '', '', 1, 1, 0, 8, 0),
(3061, 524, 200000, '2019-11-10', 0, 200000, NULL, 0, '', '', 1, 1, 0, 9, 0),
(3062, 525, 200000, '2019-03-09', 200000, 0, '2019-03-09', 1, '8191', 'PAGO DE MATRICULA Y CUOTA MES DE MARZO', 1, 1, 1, 0, 4),
(3063, 525, 75000, '2019-03-10', 75000, 0, '2019-03-09', 1, '8191', 'PAGO DE MATRICULA Y CUOTA MES DE MARZO', 1, 1, 1, 1, 4),
(3064, 525, 75000, '2019-04-10', 0, 75000, NULL, 0, '', '', 1, 1, 0, 2, 0),
(3065, 525, 75000, '2019-05-10', 0, 75000, NULL, 0, '', '', 1, 1, 0, 3, 0),
(3066, 525, 75000, '2019-06-10', 0, 75000, NULL, 0, '', '', 1, 1, 0, 4, 0),
(3067, 525, 75000, '2019-07-10', 0, 75000, NULL, 0, '', '', 1, 1, 0, 5, 0),
(3068, 525, 75000, '2019-08-10', 0, 75000, NULL, 0, '', '', 1, 1, 0, 6, 0),
(3069, 525, 75000, '2019-09-10', 0, 75000, NULL, 0, '', '', 1, 1, 0, 7, 0),
(3070, 525, 75000, '2019-10-10', 0, 75000, NULL, 0, '', '', 1, 1, 0, 8, 0),
(3071, 525, 75000, '2019-11-10', 0, 75000, NULL, 0, '', '', 1, 1, 0, 9, 0),
(3072, 526, 35000, '2019-06-10', 0, 35000, NULL, 0, '', 'PAGO INICIAL', 1, 1, 0, 1, 4),
(3073, 526, 35000, '2019-11-10', 0, 35000, NULL, 0, '', 'PAGO INICIAL', 1, 1, 0, 1, 4),
(3074, 527, 200000, '2019-03-09', 0, 200000, NULL, 1, '', 'PAGO INICIAL', 1, 1, 0, 0, 4),
(3075, 527, 150000, '2019-03-10', 0, 150000, NULL, 0, '', '', 1, 1, 0, 1, 0),
(3076, 527, 150000, '2019-04-10', 0, 150000, NULL, 0, '', '', 1, 1, 0, 2, 0),
(3077, 527, 150000, '2019-05-10', 0, 150000, NULL, 0, '', '', 1, 1, 0, 3, 0),
(3078, 527, 150000, '2019-06-10', 0, 150000, NULL, 0, '', '', 1, 1, 0, 4, 0),
(3079, 527, 150000, '2019-07-10', 0, 150000, NULL, 0, '', '', 1, 1, 0, 5, 0),
(3080, 527, 150000, '2019-08-10', 0, 150000, NULL, 0, '', '', 1, 1, 0, 6, 0),
(3081, 527, 150000, '2019-09-10', 0, 150000, NULL, 0, '', '', 1, 1, 0, 7, 0),
(3082, 527, 150000, '2019-10-10', 0, 150000, NULL, 0, '', '', 1, 1, 0, 8, 0),
(3083, 527, 150000, '2019-11-10', 0, 150000, NULL, 0, '', '', 1, 1, 0, 9, 0),
(3084, 528, 35000, '2019-06-10', 0, 35000, NULL, 0, '', 'PAGO INICIAL', 1, 1, 0, 1, 4),
(3085, 528, 35000, '2019-11-10', 0, 35000, NULL, 0, '', 'PAGO INICIAL', 1, 1, 0, 1, 4),
(3086, 529, 200000, '2019-03-09', 200000, 0, '2019-03-09', 1, '8192', 'PAGO DE MATRICULA Y CUOTA MES DE MARZO', 1, 1, 1, 0, 4),
(3087, 529, 75000, '2019-03-10', 75000, 0, '2019-03-09', 1, '8192', 'PAGO DE MATRICULA Y CUOTA MES DE MARZO', 1, 1, 1, 1, 4),
(3088, 529, 75000, '2019-04-10', 0, 75000, NULL, 0, '', '', 1, 1, 0, 2, 0),
(3089, 529, 75000, '2019-05-10', 0, 75000, NULL, 0, '', '', 1, 1, 0, 3, 0),
(3090, 529, 75000, '2019-06-10', 0, 75000, NULL, 0, '', '', 1, 1, 0, 4, 0),
(3091, 529, 75000, '2019-07-10', 0, 75000, NULL, 0, '', '', 1, 1, 0, 5, 0),
(3092, 529, 75000, '2019-08-10', 0, 75000, NULL, 0, '', '', 1, 1, 0, 6, 0),
(3093, 529, 75000, '2019-09-10', 0, 75000, NULL, 0, '', '', 1, 1, 0, 7, 0),
(3094, 529, 75000, '2019-10-10', 0, 75000, NULL, 0, '', '', 1, 1, 0, 8, 0),
(3095, 529, 75000, '2019-11-10', 0, 75000, NULL, 0, '', '', 1, 1, 0, 9, 0),
(3096, 530, 35000, '2019-06-10', 0, 35000, NULL, 0, '', 'PAGO INICIAL', 1, 1, 0, 1, 4),
(3097, 530, 35000, '2019-11-10', 0, 35000, NULL, 0, '', 'PAGO INICIAL', 1, 1, 0, 1, 4),
(3098, 531, 50000, '2019-03-10', 50000, 0, '2019-03-09', 1, '8194', 'PAGO DE CUOTA MES DE MARZO ', 1, 1, 1, 1, 4),
(3099, 531, 50000, '2019-04-10', 0, 50000, NULL, 0, '', '', 1, 1, 0, 2, 0),
(3100, 531, 50000, '2019-05-10', 0, 50000, NULL, 0, '', '', 1, 1, 0, 3, 0),
(3101, 531, 50000, '2019-06-10', 0, 50000, NULL, 0, '', '', 1, 1, 0, 4, 0),
(3102, 531, 50000, '2019-07-10', 0, 50000, NULL, 0, '', '', 1, 1, 0, 5, 0),
(3103, 531, 50000, '2019-08-10', 0, 50000, NULL, 0, '', '', 1, 1, 0, 6, 0),
(3104, 531, 50000, '2019-09-10', 0, 50000, NULL, 0, '', '', 1, 1, 0, 7, 0),
(3105, 531, 50000, '2019-10-10', 0, 50000, NULL, 0, '', '', 1, 1, 0, 8, 0),
(3106, 531, 50000, '2019-11-10', 0, 50000, NULL, 0, '', '', 1, 1, 0, 9, 0);

-- --------------------------------------------------------

--
-- Estructura de tabla para la tabla `cursos`
--

CREATE TABLE `cursos` (
  `id_curso` int(11) NOT NULL,
  `descripcion` varchar(100) COLLATE utf8_unicode_ci NOT NULL,
  `costo_promocional` float NOT NULL,
  `costo_normal` float NOT NULL,
  `contado` float NOT NULL,
  `duracion` int(11) NOT NULL,
  `activo` tinyint(1) NOT NULL
) ENGINE=InnoDB DEFAULT CHARSET=utf8 COLLATE=utf8_unicode_ci;

--
-- Volcado de datos para la tabla `cursos`
--

INSERT INTO `cursos` (`id_curso`, `descripcion`, `costo_promocional`, `costo_normal`, `contado`, `duracion`, `activo`) VALUES
(1, 'Operador Avanzado', 130000, 150000, 1300000, 7, 1),
(2, 'Web', 120000, 140000, 2500000, 6, 1),
(3, 'Programacion JAVA', 150000, 200000, 75000000, 6, 1),
(4, 'Informatica Profesional', 130000, 160000, 7000000, 12, 1),
(5, 'Diseno Grafico', 140000, 150000, 3000000, 7, 1),
(6, 'Cajero', 120000, 140000, 1200000, 13, 1);

-- --------------------------------------------------------

--
-- Estructura de tabla para la tabla `direcciones`
--

CREATE TABLE `direcciones` (
  `id_direccion` int(11) NOT NULL,
  `descripcion` varchar(50) NOT NULL,
  `activo` tinyint(1) NOT NULL
) ENGINE=MyISAM DEFAULT CHARSET=latin1;

-- --------------------------------------------------------

--
-- Estructura de tabla para la tabla `nacionalidades`
--

CREATE TABLE `nacionalidades` (
  `id_nacionalidad` int(11) NOT NULL,
  `descripcion` varchar(100) COLLATE utf8mb4_unicode_ci NOT NULL,
  `activo` tinyint(1) NOT NULL
) ENGINE=InnoDB DEFAULT CHARSET=utf8mb4 COLLATE=utf8mb4_unicode_ci;

--
-- Volcado de datos para la tabla `nacionalidades`
--

INSERT INTO `nacionalidades` (`id_nacionalidad`, `descripcion`, `activo`) VALUES
(1, 'Paraguaya', 1),
(2, 'Argentina', 1),
(3, 'Brasilera', 1),
(4, 'Japonesa', 0),
(5, 'Coreana', 1),
(6, 'Peruana', 1);

-- --------------------------------------------------------

--
-- Estructura de tabla para la tabla `planes`
--

CREATE TABLE `planes` (
  `id_plan` int(11) NOT NULL,
  `descripcion` varchar(100) NOT NULL,
  `monto` float DEFAULT NULL,
  `activo` tinyint(1) NOT NULL
) ENGINE=MyISAM DEFAULT CHARSET=latin1;

--
-- Volcado de datos para la tabla `planes`
--

INSERT INTO `planes` (`id_plan`, `descripcion`, `monto`, `activo`) VALUES
(1, 'CUOTA PROMOCIONAL - MATRICULA 50%', 50000, 1);

-- --------------------------------------------------------

--
-- Estructura de tabla para la tabla `roles`
--

CREATE TABLE `roles` (
  `id_rol` int(11) NOT NULL,
  `descripcion` varchar(50) NOT NULL,
  `activo` tinyint(1) NOT NULL
) ENGINE=MyISAM DEFAULT CHARSET=latin1;

--
-- Volcado de datos para la tabla `roles`
--

INSERT INTO `roles` (`id_rol`, `descripcion`, `activo`) VALUES
(1, 'Administrador', 1),
(2, 'Secretaria', 1);

-- --------------------------------------------------------

--
-- Estructura de tabla para la tabla `sucursales`
--

CREATE TABLE `sucursales` (
  `id_sucursal` int(11) NOT NULL,
  `nombre` varchar(50) NOT NULL,
  `activo` tinyint(1) NOT NULL
) ENGINE=MyISAM DEFAULT CHARSET=latin1;

--
-- Volcado de datos para la tabla `sucursales`
--

INSERT INTO `sucursales` (`id_sucursal`, `nombre`, `activo`) VALUES
(1, 'Itauguá - Ventas', 1),
(2, 'Capiatá - Educacion', 1),
(3, 'Asunción - Educacion', 1),
(4, 'Itaugua - Educacion', 1),
(5, 'Capiata - Ventas', 1),
(6, 'Asuncion - Ventas', 1);

-- --------------------------------------------------------

--
-- Estructura de tabla para la tabla `turnos`
--

CREATE TABLE `turnos` (
  `id_turno` int(11) NOT NULL,
  `nombre` varchar(100) COLLATE utf8_unicode_ci NOT NULL,
  `activo` tinyint(1) NOT NULL
) ENGINE=InnoDB DEFAULT CHARSET=utf8 COLLATE=utf8_unicode_ci;

--
-- Volcado de datos para la tabla `turnos`
--

INSERT INTO `turnos` (`id_turno`, `nombre`, `activo`) VALUES
(1, 'Mañana', 1),
(2, 'Tarde', 1),
(3, 'Noche', 1);

-- --------------------------------------------------------

--
-- Estructura de tabla para la tabla `usuario`
--

CREATE TABLE `usuario` (
  `id_usuario` int(11) NOT NULL,
  `nombre` varchar(100) NOT NULL,
  `clave` varchar(100) NOT NULL,
  `ultima_conexion` date DEFAULT NULL,
  `foto` varchar(100) DEFAULT NULL,
  `correo` varchar(100) DEFAULT NULL,
  `celular` varchar(20) DEFAULT NULL,
  `id_direccion` int(11) DEFAULT NULL,
  `id_rol` int(11) DEFAULT NULL,
  `activo` int(11) NOT NULL,
  `id_sucursal` int(11) NOT NULL,
  `nombre_apellido` varchar(100) NOT NULL
) ENGINE=MyISAM DEFAULT CHARSET=latin1;

--
-- Volcado de datos para la tabla `usuario`
--

INSERT INTO `usuario` (`id_usuario`, `nombre`, `clave`, `ultima_conexion`, `foto`, `correo`, `celular`, `id_direccion`, `id_rol`, `activo`, `id_sucursal`, `nombre_apellido`) VALUES
(1, 'dadalt', '080798', '2018-11-28', NULL, NULL, NULL, NULL, 1, 1, 1, 'Valdir Dadalt'),
(2, 'itaugua', '123', '2018-11-28', NULL, NULL, NULL, NULL, 2, 1, 1, 'Sucursal Itaugua'),
(3, 'capiata', '202cb962ac59075b964b07152d234b70', '2018-11-28', NULL, NULL, NULL, NULL, 2, 1, 2, 'Sucursal Capiata'),
(4, 'asuncion', '123', '2018-11-28', NULL, NULL, NULL, NULL, 2, 1, 3, 'Sucursal Asuncion'),
(5, 'jessica', '123', '2019-01-21', NULL, NULL, NULL, NULL, 2, 1, 2, 'Jessica Villagra'),
(6, 'osvaldo', '123', '2019-01-21', NULL, NULL, NULL, NULL, 2, 1, 2, 'Osvaldo Soto'),
(7, 'laura', '123', '2019-01-21', NULL, NULL, NULL, NULL, 2, 1, 3, 'Laura Peralta'),
(8, 'belen', '123', '2019-01-21', NULL, NULL, NULL, NULL, 2, 1, 3, 'Belen Segovia'),
(9, 'edgar', '123', '2019-01-21', NULL, NULL, NULL, NULL, 2, 1, 3, 'Edgar Ojeda'),
(10, 'janina', '123', '2019-01-21', NULL, NULL, NULL, NULL, 2, 1, 2, 'Janina Villagra'),
(11, 'wilson', '123', '2019-01-21', NULL, NULL, NULL, NULL, 2, 1, 1, 'Wilson Godoy'),
(12, 'luis', '123', '2019-02-05', NULL, NULL, NULL, NULL, 1, 1, 1, 'Luis Guzmán'),
(13, 'yrma', '5499', '2019-02-13', NULL, NULL, NULL, NULL, 2, 1, 1, 'Yrma Aguilera'),
(14, 'rocio', '965238', '2019-02-20', NULL, NULL, NULL, NULL, 2, 1, 1, 'Rocio Franco'),
(15, 'zulma', '3918', '2018-11-28', NULL, NULL, NULL, NULL, 2, 1, 1, 'Zulma Cabrera'),
(16, 'ieducacion', '123', '2019-03-07', NULL, NULL, NULL, NULL, 2, 1, 4, 'Itaugua Educacion'),
(17, 'cventas', '123', '2019-03-07', NULL, NULL, NULL, NULL, 2, 1, 5, 'Capiata Ventas'),
(18, 'aventas', '123', '2019-03-07', NULL, NULL, NULL, NULL, 2, 1, 6, 'Asuncion Ventas');

--
-- Índices para tablas volcadas
--

--
-- Indices de la tabla `alumnos`
--
ALTER TABLE `alumnos`
  ADD PRIMARY KEY (`id_alumno`),
  ADD KEY `id_curso` (`id_curso`),
  ADD KEY `id_turno` (`id_turno`);

--
-- Indices de la tabla `calificaciones`
--
ALTER TABLE `calificaciones`
  ADD PRIMARY KEY (`id_calificaciones`),
  ADD KEY `id_alumno` (`id_alumno`),
  ADD KEY `id_curso` (`id_curso`);

--
-- Indices de la tabla `ciudades`
--
ALTER TABLE `ciudades`
  ADD PRIMARY KEY (`id_ciudad`);

--
-- Indices de la tabla `clientes`
--
ALTER TABLE `clientes`
  ADD PRIMARY KEY (`id_cliente`);

--
-- Indices de la tabla `cuentas_recibir_cabecera`
--
ALTER TABLE `cuentas_recibir_cabecera`
  ADD PRIMARY KEY (`id_cuenta_recibir_cabecera`);

--
-- Indices de la tabla `cuentas_recibir_detalle`
--
ALTER TABLE `cuentas_recibir_detalle`
  ADD PRIMARY KEY (`id_cuenta_recibir_detalle`);

--
-- Indices de la tabla `cursos`
--
ALTER TABLE `cursos`
  ADD PRIMARY KEY (`id_curso`);

--
-- Indices de la tabla `direcciones`
--
ALTER TABLE `direcciones`
  ADD PRIMARY KEY (`id_direccion`);

--
-- Indices de la tabla `nacionalidades`
--
ALTER TABLE `nacionalidades`
  ADD PRIMARY KEY (`id_nacionalidad`);

--
-- Indices de la tabla `planes`
--
ALTER TABLE `planes`
  ADD PRIMARY KEY (`id_plan`);

--
-- Indices de la tabla `roles`
--
ALTER TABLE `roles`
  ADD PRIMARY KEY (`id_rol`);

--
-- Indices de la tabla `sucursales`
--
ALTER TABLE `sucursales`
  ADD PRIMARY KEY (`id_sucursal`);

--
-- Indices de la tabla `turnos`
--
ALTER TABLE `turnos`
  ADD PRIMARY KEY (`id_turno`);

--
-- Indices de la tabla `usuario`
--
ALTER TABLE `usuario`
  ADD PRIMARY KEY (`id_usuario`);

--
-- AUTO_INCREMENT de las tablas volcadas
--

--
-- AUTO_INCREMENT de la tabla `alumnos`
--
ALTER TABLE `alumnos`
  MODIFY `id_alumno` int(11) NOT NULL AUTO_INCREMENT, AUTO_INCREMENT=8;

--
-- AUTO_INCREMENT de la tabla `calificaciones`
--
ALTER TABLE `calificaciones`
  MODIFY `id_calificaciones` int(11) NOT NULL AUTO_INCREMENT, AUTO_INCREMENT=23;

--
-- AUTO_INCREMENT de la tabla `ciudades`
--
ALTER TABLE `ciudades`
  MODIFY `id_ciudad` int(11) NOT NULL AUTO_INCREMENT, AUTO_INCREMENT=7;

--
-- AUTO_INCREMENT de la tabla `clientes`
--
ALTER TABLE `clientes`
  MODIFY `id_cliente` int(11) NOT NULL AUTO_INCREMENT, AUTO_INCREMENT=255;

--
-- AUTO_INCREMENT de la tabla `cuentas_recibir_cabecera`
--
ALTER TABLE `cuentas_recibir_cabecera`
  MODIFY `id_cuenta_recibir_cabecera` int(11) NOT NULL AUTO_INCREMENT, AUTO_INCREMENT=532;

--
-- AUTO_INCREMENT de la tabla `cuentas_recibir_detalle`
--
ALTER TABLE `cuentas_recibir_detalle`
  MODIFY `id_cuenta_recibir_detalle` int(11) NOT NULL AUTO_INCREMENT, AUTO_INCREMENT=3107;

--
-- AUTO_INCREMENT de la tabla `cursos`
--
ALTER TABLE `cursos`
  MODIFY `id_curso` int(11) NOT NULL AUTO_INCREMENT, AUTO_INCREMENT=7;

--
-- AUTO_INCREMENT de la tabla `direcciones`
--
ALTER TABLE `direcciones`
  MODIFY `id_direccion` int(11) NOT NULL AUTO_INCREMENT;

--
-- AUTO_INCREMENT de la tabla `nacionalidades`
--
ALTER TABLE `nacionalidades`
  MODIFY `id_nacionalidad` int(11) NOT NULL AUTO_INCREMENT, AUTO_INCREMENT=7;

--
-- AUTO_INCREMENT de la tabla `planes`
--
ALTER TABLE `planes`
  MODIFY `id_plan` int(11) NOT NULL AUTO_INCREMENT, AUTO_INCREMENT=2;

--
-- AUTO_INCREMENT de la tabla `roles`
--
ALTER TABLE `roles`
  MODIFY `id_rol` int(11) NOT NULL AUTO_INCREMENT, AUTO_INCREMENT=3;

--
-- AUTO_INCREMENT de la tabla `sucursales`
--
ALTER TABLE `sucursales`
  MODIFY `id_sucursal` int(11) NOT NULL AUTO_INCREMENT, AUTO_INCREMENT=7;

--
-- AUTO_INCREMENT de la tabla `turnos`
--
ALTER TABLE `turnos`
  MODIFY `id_turno` int(11) NOT NULL AUTO_INCREMENT, AUTO_INCREMENT=4;

--
-- AUTO_INCREMENT de la tabla `usuario`
--
ALTER TABLE `usuario`
  MODIFY `id_usuario` int(11) NOT NULL AUTO_INCREMENT, AUTO_INCREMENT=19;

--
-- Restricciones para tablas volcadas
--

--
-- Filtros para la tabla `alumnos`
--
ALTER TABLE `alumnos`
  ADD CONSTRAINT `alumnos_ibfk_1` FOREIGN KEY (`id_curso`) REFERENCES `cursos` (`id_curso`),
  ADD CONSTRAINT `alumnos_ibfk_2` FOREIGN KEY (`id_turno`) REFERENCES `turnos` (`id_turno`);

--
-- Filtros para la tabla `calificaciones`
--
ALTER TABLE `calificaciones`
  ADD CONSTRAINT `calificaciones_ibfk_1` FOREIGN KEY (`id_alumno`) REFERENCES `alumnos` (`id_alumno`),
  ADD CONSTRAINT `calificaciones_ibfk_2` FOREIGN KEY (`id_curso`) REFERENCES `cursos` (`id_curso`);
COMMIT;

/*!40101 SET CHARACTER_SET_CLIENT=@OLD_CHARACTER_SET_CLIENT */;
/*!40101 SET CHARACTER_SET_RESULTS=@OLD_CHARACTER_SET_RESULTS */;
/*!40101 SET COLLATION_CONNECTION=@OLD_COLLATION_CONNECTION */;
